{
    "DriveCamera": {
        "BackTrackingDelay": 0.15000000596046448,
        "Position": [
            0.0,
            0.0,
            -30.0
        ],
        "RotateVector": [
            0.0,
            -0.20000000298023224,
            0.9800000190734863
        ],
        "TrackingDelay": 0.07000000029802322
    }
}
