{
    "FollowCamera": {
        "inVehicleOffset": [
            0.0,
            5.0,
            -45.0
        ],
        "inVehicleRotation": [
            0.0,
            -0.30000001192092896,
            1.0
        ],
        "moveRate": 1.0,
        "offsetHeight": 5.0,
        "offsetLength": -45.0,
        "offsetMoveRate": 0.05000000074505806,
        "onFootOffset": [
            0.0,
            0.0,
            -50.0
        ],
        "onFootRotation": [
            0.0,
            -1.0,
            0.30000001192092896
        ],
        "rotateRate": 1.0
    }
}
