{
    "OverheadCamera": {
        "Position": [
            0.0,
            0.0,
            -50.0
        ],
        "RotateVector": [
            0.0,
            -0.6600000262260437,
            0.75
        ],
        "TrackingDelay": 0.10000000149011612
    }
}
