{
    "PostEffectSystem": {
        "radialBlurSpeed": 200.0,
        "radialBlurSpeedMax": 420.0,
        "radialBlurStrength": 0.10000000149011612,
        "radialBlurStrengthMax": 0.20000000298023224
    }
}
