# Blender v3.5.0 OBJ File: ''
# www.blender.org
mtllib CannonBall.mtl
o 球_球.001
v 0.000000 0.826144 -0.548476
v 0.000000 0.552012 -0.820853
v 0.000000 0.193841 -0.968262
v 0.000000 0.000000 -0.987231
v 0.000000 -0.193841 -0.968262
v 0.000000 -0.552012 -0.820853
v 0.038970 0.973792 -0.195917
v 0.073705 0.917962 -0.370538
v 0.107002 0.826144 -0.537938
v 0.136188 0.702578 -0.684665
v 0.160140 0.552012 -0.805080
v 0.177939 0.380232 -0.894557
v 0.188899 0.193841 -0.949657
v 0.192599 0.000000 -0.968262
v 0.188899 -0.193841 -0.949657
v 0.177939 -0.380232 -0.894557
v 0.160140 -0.552012 -0.805080
v 0.136188 -0.702578 -0.684664
v 0.107002 -0.826144 -0.537937
v 0.073705 -0.917962 -0.370538
v 0.038970 -0.973792 -0.195917
v 0.076443 0.973792 -0.184550
v 0.144577 0.917962 -0.349039
v 0.209893 0.826144 -0.506726
v 0.267143 0.702578 -0.644940
v 0.314127 0.552012 -0.758369
v 0.349039 0.380232 -0.842655
v 0.370538 0.193841 -0.894557
v 0.377797 0.000000 -0.912083
v 0.370538 -0.193841 -0.894557
v 0.349039 -0.380232 -0.842655
v 0.314127 -0.552012 -0.758369
v 0.267143 -0.702578 -0.644940
v 0.209893 -0.826144 -0.506726
v 0.144577 -0.917962 -0.349039
v 0.076443 -0.973792 -0.184550
v 0.110978 0.973792 -0.166091
v 0.209893 0.917962 -0.314127
v 0.304717 0.826144 -0.456041
v 0.387831 0.702578 -0.580431
v 0.456041 0.552012 -0.682514
v 0.506726 0.380232 -0.758369
v 0.537937 0.193841 -0.805080
v 0.548476 0.000000 -0.820853
v 0.537937 -0.193841 -0.805080
v 0.506726 -0.380232 -0.758369
v 0.456041 -0.552012 -0.682514
v 0.387831 -0.702578 -0.580431
v 0.304717 -0.826144 -0.456041
v 0.209893 -0.917962 -0.314127
v 0.110978 -0.973792 -0.166091
v 0.141248 0.973792 -0.141248
v 0.267143 0.917962 -0.267143
v 0.387831 0.826144 -0.387831
v 0.493616 0.702578 -0.493616
v 0.580431 0.552012 -0.580431
v 0.644940 0.380232 -0.644940
v 0.684665 0.193841 -0.684664
v 0.698078 0.000000 -0.698078
v 0.684665 -0.193841 -0.684664
v 0.644940 -0.380232 -0.644940
v 0.580431 -0.552012 -0.580431
v 0.493616 -0.702578 -0.493616
v 0.387831 -0.826144 -0.387831
v 0.267143 -0.917962 -0.267143
v 0.141248 -0.973792 -0.141248
v 0.166091 0.973792 -0.110978
v 0.314127 0.917962 -0.209893
v 0.456041 0.826144 -0.304717
v 0.580431 0.702578 -0.387831
v 0.682514 0.552012 -0.456041
v 0.758369 0.380232 -0.506726
v 0.805080 0.193841 -0.537937
v 0.820853 0.000000 -0.548476
v 0.805080 -0.193841 -0.537937
v 0.758369 -0.380232 -0.506726
v 0.682514 -0.552012 -0.456041
v 0.580431 -0.702578 -0.387831
v 0.456041 -0.826144 -0.304717
v 0.314127 -0.917962 -0.209893
v 0.166091 -0.973792 -0.110978
v 0.000000 0.997577 0.000000
v 0.184550 0.973792 -0.076443
v 0.349039 0.917962 -0.144577
v 0.506726 0.826144 -0.209893
v 0.644940 0.702578 -0.267143
v 0.758369 0.552012 -0.314127
v 0.842654 0.380232 -0.349039
v 0.894557 0.193841 -0.370538
v 0.912083 0.000000 -0.377797
v 0.894557 -0.193841 -0.370538
v 0.842654 -0.380232 -0.349039
v 0.758369 -0.552012 -0.314127
v 0.644940 -0.702578 -0.267143
v 0.506726 -0.826144 -0.209893
v 0.349039 -0.917962 -0.144577
v 0.184550 -0.973792 -0.076443
v 0.195917 0.973792 -0.038970
v 0.370538 0.917962 -0.073705
v 0.537937 0.826144 -0.107002
v 0.684664 0.702578 -0.136188
v 0.805080 0.552012 -0.160140
v 0.894557 0.380232 -0.177939
v 0.949657 0.193841 -0.188898
v 0.968262 0.000000 -0.192599
v 0.949657 -0.193841 -0.188898
v 0.894557 -0.380232 -0.177938
v 0.805080 -0.552012 -0.160140
v 0.684664 -0.702578 -0.136188
v 0.537937 -0.826144 -0.107002
v 0.370538 -0.917962 -0.073705
v 0.195917 -0.973792 -0.038970
v 0.199755 0.973792 0.000000
v 0.377797 0.917962 0.000000
v 0.548476 0.826144 0.000000
v 0.698078 0.702578 0.000000
v 0.820853 0.552012 0.000000
v 0.912083 0.380232 -0.000000
v 0.968262 0.193841 0.000000
v 0.987231 0.000000 0.000000
v 0.968262 -0.193841 0.000000
v 0.912083 -0.380232 -0.000000
v 0.820853 -0.552012 0.000000
v 0.698078 -0.702578 0.000000
v 0.548476 -0.826144 0.000000
v 0.377797 -0.917962 0.000000
v 0.199755 -0.973792 0.000000
v 0.195917 0.973792 0.038970
v 0.370538 0.917962 0.073705
v 0.537937 0.826144 0.107002
v 0.684664 0.702578 0.136188
v 0.805080 0.552012 0.160140
v 0.894557 0.380232 0.177939
v 0.949657 0.193841 0.188899
v 0.968262 0.000000 0.192599
v 0.949657 -0.193841 0.188899
v 0.894557 -0.380232 0.177939
v 0.805080 -0.552012 0.160140
v 0.684664 -0.702578 0.136188
v 0.537937 -0.826144 0.107002
v 0.370538 -0.917962 0.073705
v 0.195917 -0.973792 0.038970
v 0.184550 0.973792 0.076443
v 0.349039 0.917962 0.144577
v 0.506726 0.826144 0.209893
v 0.644940 0.702578 0.267143
v 0.758369 0.552012 0.314127
v 0.842654 0.380232 0.349039
v 0.894557 0.193841 0.370538
v 0.912082 0.000000 0.377797
v 0.894557 -0.193841 0.370538
v 0.842654 -0.380232 0.349039
v 0.758369 -0.552012 0.314127
v 0.644940 -0.702578 0.267143
v 0.506726 -0.826144 0.209893
v 0.349039 -0.917962 0.144577
v 0.184550 -0.973792 0.076443
v 0.166090 0.973792 0.110978
v 0.314127 0.917962 0.209893
v 0.456041 0.826144 0.304717
v 0.580431 0.702578 0.387831
v 0.682514 0.552012 0.456041
v 0.758369 0.380232 0.506726
v 0.805080 0.193841 0.537937
v 0.820852 0.000000 0.548476
v 0.805080 -0.193841 0.537937
v 0.758369 -0.380232 0.506726
v 0.682514 -0.552012 0.456041
v 0.580430 -0.702578 0.387831
v 0.456041 -0.826144 0.304717
v 0.314127 -0.917962 0.209893
v 0.166090 -0.973792 0.110978
v 0.141248 0.973792 0.141248
v 0.267143 0.917962 0.267143
v 0.387831 0.826144 0.387831
v 0.493616 0.702578 0.493616
v 0.580430 0.552012 0.580430
v 0.644940 0.380232 0.644940
v 0.684664 0.193841 0.684664
v 0.698077 0.000000 0.698078
v 0.684664 -0.193841 0.684664
v 0.644940 -0.380232 0.644940
v 0.580430 -0.552012 0.580430
v 0.493616 -0.702578 0.493616
v 0.387831 -0.826144 0.387831
v 0.267143 -0.917962 0.267143
v 0.141248 -0.973792 0.141248
v 0.110978 0.973792 0.166090
v 0.209893 0.917962 0.314127
v 0.304717 0.826144 0.456041
v 0.387831 0.702578 0.580430
v 0.456041 0.552012 0.682514
v 0.506726 0.380232 0.758369
v 0.537937 0.193841 0.805080
v 0.548476 0.000000 0.820853
v 0.537937 -0.193841 0.805080
v 0.506726 -0.380232 0.758369
v 0.456041 -0.552012 0.682514
v 0.387831 -0.702578 0.580430
v 0.304717 -0.826144 0.456041
v 0.209893 -0.917962 0.314127
v 0.110978 -0.973792 0.166091
v 0.076443 0.973792 0.184550
v 0.144577 0.917962 0.349039
v 0.209893 0.826144 0.506726
v 0.267143 0.702578 0.644940
v 0.314127 0.552012 0.758369
v 0.349039 0.380232 0.842654
v 0.370538 0.193841 0.894557
v 0.377797 0.000000 0.912082
v 0.370538 -0.193841 0.894557
v 0.349039 -0.380232 0.842654
v 0.314127 -0.552012 0.758369
v 0.267143 -0.702578 0.644940
v 0.209893 -0.826144 0.506726
v 0.144577 -0.917962 0.349039
v 0.076443 -0.973792 0.184550
v 0.038970 0.973792 0.195917
v 0.073704 0.917962 0.370538
v 0.107002 0.826144 0.537937
v 0.136188 0.702578 0.684664
v 0.160140 0.552012 0.805080
v 0.177938 0.380232 0.894557
v 0.188898 0.193841 0.949657
v 0.192599 0.000000 0.968261
v 0.188898 -0.193841 0.949657
v 0.177938 -0.380232 0.894557
v 0.160140 -0.552012 0.805080
v 0.136188 -0.702578 0.684664
v 0.107002 -0.826144 0.537937
v 0.073704 -0.917962 0.370538
v 0.038970 -0.973792 0.195917
v -0.000000 0.973792 0.199755
v -0.000000 0.917962 0.377797
v -0.000000 0.826144 0.548476
v -0.000000 0.702578 0.698078
v -0.000000 0.552012 0.820853
v -0.000000 0.380232 0.912082
v -0.000000 0.193841 0.968262
v -0.000000 0.000000 0.987231
v -0.000000 -0.193841 0.968262
v -0.000000 -0.380232 0.912082
v -0.000000 -0.552012 0.820853
v -0.000000 -0.702578 0.698078
v -0.000000 -0.826144 0.548476
v -0.000000 -0.917962 0.377797
v -0.000000 -0.973792 0.199755
v -0.038970 0.973792 0.195917
v -0.073705 0.917962 0.370538
v -0.107002 0.826144 0.537937
v -0.136188 0.702578 0.684664
v -0.160140 0.552012 0.805080
v -0.177938 0.380232 0.894557
v -0.188899 0.193841 0.949657
v -0.192599 0.000000 0.968261
v -0.188899 -0.193841 0.949657
v -0.177938 -0.380232 0.894557
v -0.160140 -0.552012 0.805080
v -0.136188 -0.702578 0.684664
v -0.107002 -0.826144 0.537937
v -0.073705 -0.917962 0.370538
v -0.038970 -0.973792 0.195917
v -0.076443 0.973792 0.184550
v -0.144577 0.917962 0.349039
v -0.209893 0.826144 0.506726
v -0.267143 0.702578 0.644940
v -0.314127 0.552012 0.758369
v -0.349039 0.380232 0.842654
v -0.370538 0.193841 0.894557
v -0.377797 0.000000 0.912082
v -0.370538 -0.193841 0.894557
v -0.349039 -0.380232 0.842654
v -0.314127 -0.552012 0.758369
v -0.267143 -0.702578 0.644940
v -0.209893 -0.826144 0.506726
v -0.144577 -0.917962 0.349039
v -0.076443 -0.973792 0.184550
v -0.110978 0.973792 0.166090
v -0.209893 0.917962 0.314127
v -0.304717 0.826144 0.456041
v -0.387831 0.702578 0.580430
v -0.456041 0.552012 0.682514
v -0.506726 0.380232 0.758369
v -0.537937 0.193841 0.805080
v -0.548476 0.000000 0.820852
v -0.537937 -0.193841 0.805080
v -0.506726 -0.380232 0.758369
v -0.456041 -0.552012 0.682514
v -0.387831 -0.702578 0.580430
v -0.304717 -0.826144 0.456041
v -0.209893 -0.917962 0.314127
v -0.110978 -0.973792 0.166090
v -0.141248 0.973792 0.141248
v -0.267143 0.917962 0.267143
v -0.387831 0.826144 0.387831
v -0.493615 0.702578 0.493615
v -0.580430 0.552012 0.580430
v -0.644940 0.380232 0.644940
v -0.684664 0.193841 0.684664
v -0.698078 0.000000 0.698077
v -0.684664 -0.193841 0.684664
v -0.644940 -0.380232 0.644940
v -0.580430 -0.552012 0.580430
v -0.493616 -0.702578 0.493615
v -0.387831 -0.826144 0.387831
v -0.267143 -0.917962 0.267143
v -0.141248 -0.973792 0.141248
v 0.000000 -0.997577 0.000000
v -0.166090 0.973792 0.110978
v -0.314127 0.917962 0.209893
v -0.456041 0.826144 0.304717
v -0.580430 0.702578 0.387831
v -0.682514 0.552012 0.456041
v -0.758369 0.380232 0.506726
v -0.805080 0.193841 0.537937
v -0.820852 0.000000 0.548476
v -0.805080 -0.193841 0.537937
v -0.758369 -0.380232 0.506726
v -0.682514 -0.552012 0.456041
v -0.580430 -0.702578 0.387831
v -0.456041 -0.826144 0.304717
v -0.314127 -0.917962 0.209893
v -0.166090 -0.973792 0.110978
v -0.184550 0.973792 0.076443
v -0.349039 0.917962 0.144577
v -0.506726 0.826144 0.209893
v -0.644940 0.702578 0.267143
v -0.758369 0.552012 0.314126
v -0.842654 0.380232 0.349039
v -0.894557 0.193841 0.370537
v -0.912082 0.000000 0.377796
v -0.894557 -0.193841 0.370537
v -0.842654 -0.380232 0.349039
v -0.758369 -0.552012 0.314127
v -0.644940 -0.702578 0.267143
v -0.506726 -0.826144 0.209893
v -0.349039 -0.917962 0.144577
v -0.184550 -0.973792 0.076443
v -0.195917 0.973792 0.038970
v -0.370538 0.917962 0.073704
v -0.537937 0.826144 0.107002
v -0.684664 0.702578 0.136188
v -0.805080 0.552012 0.160140
v -0.894557 0.380232 0.177938
v -0.949657 0.193841 0.188898
v -0.968261 0.000000 0.192599
v -0.949657 -0.193841 0.188898
v -0.894557 -0.380232 0.177938
v -0.805080 -0.552012 0.160140
v -0.684664 -0.702578 0.136188
v -0.537937 -0.826144 0.107002
v -0.370538 -0.917962 0.073704
v -0.195917 -0.973792 0.038970
v -0.199755 0.973792 -0.000000
v -0.377797 0.917962 -0.000000
v -0.548476 0.826144 -0.000000
v -0.698078 0.702578 -0.000000
v -0.820852 0.552012 -0.000000
v -0.912082 0.380232 -0.000000
v -0.968261 0.193841 -0.000000
v -0.987231 0.000000 -0.000000
v -0.968261 -0.193841 -0.000000
v -0.912082 -0.380232 -0.000000
v -0.820852 -0.552012 -0.000000
v -0.698078 -0.702578 -0.000000
v -0.548476 -0.826144 -0.000000
v -0.377797 -0.917962 -0.000000
v -0.199755 -0.973792 -0.000000
v -0.195917 0.973792 -0.038970
v -0.370538 0.917962 -0.073705
v -0.537937 0.826144 -0.107002
v -0.684664 0.702578 -0.136188
v -0.805080 0.552012 -0.160140
v -0.894557 0.380232 -0.177939
v -0.949656 0.193841 -0.188899
v -0.968261 0.000000 -0.192600
v -0.949656 -0.193841 -0.188899
v -0.894557 -0.380232 -0.177938
v -0.805080 -0.552012 -0.160140
v -0.684664 -0.702578 -0.136188
v -0.537937 -0.826144 -0.107002
v -0.370538 -0.917962 -0.073705
v -0.195917 -0.973792 -0.038970
v -0.184550 0.973792 -0.076443
v -0.349039 0.917962 -0.144577
v -0.506726 0.826144 -0.209893
v -0.644940 0.702578 -0.267143
v -0.758369 0.552012 -0.314127
v -0.842654 0.380232 -0.349039
v -0.894557 0.193841 -0.370538
v -0.912082 0.000000 -0.377797
v -0.894557 -0.193841 -0.370538
v -0.842654 -0.380232 -0.349039
v -0.758369 -0.552012 -0.314127
v -0.644940 -0.702578 -0.267143
v -0.506726 -0.826144 -0.209893
v -0.349039 -0.917962 -0.144577
v -0.184550 -0.973792 -0.076443
v -0.166090 0.973792 -0.110978
v -0.314127 0.917962 -0.209893
v -0.456041 0.826144 -0.304717
v -0.580430 0.702578 -0.387831
v -0.682514 0.552012 -0.456041
v -0.758369 0.380232 -0.506726
v -0.805080 0.193841 -0.537937
v -0.820852 0.000000 -0.548476
v -0.805080 -0.193841 -0.537937
v -0.758369 -0.380232 -0.506726
v -0.682514 -0.552012 -0.456041
v -0.580430 -0.702578 -0.387831
v -0.456041 -0.826144 -0.304717
v -0.314126 -0.917962 -0.209893
v -0.166090 -0.973792 -0.110978
v -0.141248 0.973792 -0.141248
v -0.267143 0.917962 -0.267143
v -0.387831 0.826144 -0.387831
v -0.493615 0.702578 -0.493615
v -0.580430 0.552012 -0.580430
v -0.644939 0.380232 -0.644940
v -0.684664 0.193841 -0.684664
v -0.698077 0.000000 -0.698078
v -0.684664 -0.193841 -0.684664
v -0.644939 -0.380232 -0.644940
v -0.580430 -0.552012 -0.580430
v -0.493615 -0.702578 -0.493615
v -0.387831 -0.826144 -0.387831
v -0.267143 -0.917962 -0.267143
v -0.141248 -0.973792 -0.141248
v -0.110978 0.973792 -0.166090
v -0.209893 0.917962 -0.314127
v -0.304717 0.826144 -0.456041
v -0.387831 0.702578 -0.580430
v -0.456041 0.552012 -0.682514
v -0.506726 0.380232 -0.758369
v -0.537937 0.193841 -0.805080
v -0.548475 0.000000 -0.820852
v -0.537937 -0.193841 -0.805080
v -0.506726 -0.380232 -0.758369
v -0.456041 -0.552012 -0.682514
v -0.387831 -0.702578 -0.580430
v -0.304717 -0.826144 -0.456041
v -0.209893 -0.917962 -0.314127
v -0.110978 -0.973792 -0.166090
v -0.076443 0.973792 -0.184550
v -0.144577 0.917962 -0.349039
v -0.209892 0.826144 -0.506726
v -0.267143 0.702578 -0.644940
v -0.314126 0.552012 -0.758369
v -0.349039 0.380232 -0.842654
v -0.370537 0.193841 -0.894557
v -0.377796 0.000000 -0.912082
v -0.370537 -0.193841 -0.894557
v -0.349039 -0.380232 -0.842654
v -0.314126 -0.552012 -0.758369
v -0.267143 -0.702578 -0.644940
v -0.209892 -0.826144 -0.506726
v -0.144576 -0.917962 -0.349039
v -0.076443 -0.973792 -0.184550
v -0.038970 0.973792 -0.195917
v -0.073704 0.917962 -0.370538
v -0.107002 0.826144 -0.537937
v -0.136188 0.702578 -0.684664
v -0.160140 0.552012 -0.805080
v -0.177938 0.380232 -0.894557
v -0.188898 0.193841 -0.949656
v -0.192599 0.000000 -0.968261
v -0.188898 -0.193841 -0.949656
v -0.177938 -0.380232 -0.894557
v -0.160140 -0.552012 -0.805080
v -0.136188 -0.702578 -0.684664
v -0.107002 -0.826144 -0.537937
v -0.073704 -0.917962 -0.370538
v -0.038970 -0.973792 -0.195917
v 0.000000 0.973792 -0.199755
v 0.000000 0.917962 -0.377797
v 0.000000 0.702578 -0.698078
v 0.000000 0.380232 -0.912082
v 0.000000 -0.380232 -0.912082
v 0.000000 -0.702578 -0.698078
v 0.000000 -0.826144 -0.548476
v 0.000000 -0.917962 -0.377797
v 0.000000 -0.973792 -0.199755
v 0.000000 0.097389 -0.982473
v 0.000000 -0.097389 -0.982474
v 0.056083 0.950719 -0.281948
v 0.090790 0.876269 -0.456434
v 0.122183 0.768056 -0.614256
v 0.148881 0.630328 -0.748474
v 0.169857 0.468376 -0.853927
v 0.184305 0.288424 -0.926565
v 0.191671 0.097389 -0.963596
v 0.191671 -0.097389 -0.963596
v 0.184305 -0.288424 -0.926565
v 0.169857 -0.468376 -0.853927
v 0.148881 -0.630328 -0.748474
v 0.122183 -0.768056 -0.614256
v 0.090790 -0.876269 -0.456434
v 0.056083 -0.950719 -0.281948
v 0.080457 0.552012 -0.816897
v 0.094906 0.193841 -0.963596
v 0.096765 0.000000 -0.982474
v 0.094906 -0.193841 -0.963596
v 0.053760 0.826144 -0.545833
v 0.080457 -0.552012 -0.816897
v 0.110011 0.950719 -0.265589
v 0.178092 0.876269 -0.429951
v 0.239671 0.768056 -0.578617
v 0.292040 0.630328 -0.705047
v 0.333186 0.468376 -0.804382
v 0.361528 0.288424 -0.872805
v 0.375976 0.097389 -0.907687
v 0.375976 -0.097389 -0.907687
v 0.361528 -0.288424 -0.872805
v 0.333186 -0.468376 -0.804382
v 0.292040 -0.630328 -0.705047
v 0.239671 -0.768056 -0.578617
v 0.178092 -0.876269 -0.429951
v 0.110011 -0.950719 -0.265589
v 0.238280 0.552012 -0.785504
v 0.202641 0.702578 -0.668016
v 0.159214 -0.826144 -0.524857
v 0.202641 -0.702578 -0.668016
v 0.264763 0.380232 -0.872805
v 0.109668 -0.917962 -0.361528
v 0.281071 0.193841 -0.926565
v 0.058513 -0.973614 -0.192890
v 0.286577 0.000000 -0.944718
v 0.058513 0.973614 -0.192890
v 0.281071 -0.193841 -0.926565
v 0.109668 0.917962 -0.361528
v 0.264763 -0.380232 -0.872805
v 0.159214 0.826144 -0.524857
v 0.238280 -0.552012 -0.785504
v 0.159711 0.950719 -0.239024
v 0.258549 0.876269 -0.386946
v 0.347948 0.768056 -0.520741
v 0.423976 0.630328 -0.634525
v 0.483711 0.468376 -0.723925
v 0.524857 0.288424 -0.785504
v 0.545833 0.097389 -0.816897
v 0.545833 -0.097389 -0.816897
v 0.524857 -0.288424 -0.785504
v 0.483711 -0.468376 -0.723925
v 0.423976 -0.630328 -0.634525
v 0.347948 -0.768056 -0.520741
v 0.258549 -0.876269 -0.386946
v 0.159711 -0.950719 -0.239024
v 0.456434 -0.193841 -0.853927
v 0.465376 0.000000 -0.870657
v 0.178092 0.917962 -0.333186
v 0.095019 0.973614 -0.177769
v 0.429951 -0.380232 -0.804382
v 0.258549 0.826144 -0.483711
v 0.386946 -0.552012 -0.723925
v 0.329070 0.702578 -0.615647
v 0.329070 -0.702578 -0.615647
v 0.386946 0.552012 -0.723925
v 0.258549 -0.826144 -0.483711
v 0.429951 0.380232 -0.804382
v 0.178092 -0.917962 -0.333186
v 0.456434 0.193841 -0.853927
v 0.095019 -0.973614 -0.177769
v 0.203273 0.950719 -0.203273
v 0.329070 0.876269 -0.329070
v 0.442854 0.768056 -0.442854
v 0.539619 0.630328 -0.539619
v 0.615647 0.468376 -0.615647
v 0.668016 0.288424 -0.668016
v 0.694714 0.097389 -0.694714
v 0.694714 -0.097389 -0.694714
v 0.668016 -0.288424 -0.668016
v 0.615647 -0.468376 -0.615647
v 0.539619 -0.630328 -0.539619
v 0.442854 -0.768056 -0.442854
v 0.329070 -0.876269 -0.329070
v 0.203273 -0.950719 -0.203273
v 0.347948 -0.826144 -0.423976
v 0.442854 -0.702578 -0.539619
v 0.578617 0.380232 -0.705047
v 0.520741 0.552012 -0.634525
v 0.239671 -0.917962 -0.292040
v 0.614257 0.193841 -0.748474
v 0.127874 -0.973614 -0.155815
v 0.626290 0.000000 -0.763137
v 0.127874 0.973614 -0.155815
v 0.614257 -0.193841 -0.748474
v 0.239671 0.917962 -0.292040
v 0.578617 -0.380232 -0.705047
v 0.347948 0.826144 -0.423976
v 0.520741 -0.552012 -0.634525
v 0.442854 0.702578 -0.539619
v 0.239024 0.950719 -0.159711
v 0.386946 0.876269 -0.258549
v 0.520741 0.768056 -0.347948
v 0.634525 0.630328 -0.423976
v 0.723925 0.468376 -0.483711
v 0.785504 0.288424 -0.524857
v 0.816897 0.097389 -0.545833
v 0.816897 -0.097389 -0.545833
v 0.785504 -0.288424 -0.524857
v 0.723925 -0.468376 -0.483711
v 0.634525 -0.630328 -0.423976
v 0.520741 -0.768056 -0.347948
v 0.386946 -0.876269 -0.258549
v 0.239024 -0.950719 -0.159711
v 0.292040 0.917962 -0.239671
v 0.155815 0.973614 -0.127874
v 0.705047 -0.380232 -0.578617
v 0.748474 -0.193841 -0.614256
v 0.423976 0.826144 -0.347948
v 0.634525 -0.552012 -0.520741
v 0.539620 0.702578 -0.442854
v 0.539619 -0.702578 -0.442854
v 0.634525 0.552012 -0.520741
v 0.423976 -0.826144 -0.347948
v 0.705047 0.380232 -0.578617
v 0.292040 -0.917962 -0.239671
v 0.748474 0.193841 -0.614256
v 0.155815 -0.973614 -0.127874
v 0.763137 0.000000 -0.626290
v 0.109146 0.987361 -0.045210
v 0.265589 0.950719 -0.110011
v 0.429951 0.876269 -0.178092
v 0.578617 0.768056 -0.239671
v 0.705047 0.630328 -0.292040
v 0.804382 0.468376 -0.333186
v 0.872805 0.288424 -0.361528
v 0.907687 0.097389 -0.375976
v 0.907687 -0.097389 -0.375976
v 0.872805 -0.288424 -0.361528
v 0.804382 -0.468376 -0.333186
v 0.705047 -0.630328 -0.292040
v 0.578617 -0.768056 -0.239671
v 0.429951 -0.876269 -0.178092
v 0.265589 -0.950719 -0.110011
v 0.804382 0.380232 -0.429951
v 0.723925 0.552012 -0.386946
v 0.333186 -0.917962 -0.178092
v 0.483711 -0.826144 -0.258549
v 0.853927 0.193841 -0.456434
v 0.177769 -0.973614 -0.095019
v 0.870657 0.000000 -0.465376
v 0.177769 0.973614 -0.095019
v 0.853927 -0.193841 -0.456434
v 0.333186 0.917962 -0.178092
v 0.804382 -0.380232 -0.429951
v 0.483711 0.826144 -0.258549
v 0.723925 -0.552012 -0.386946
v 0.615647 0.702578 -0.329070
v 0.615647 -0.702578 -0.329070
v 0.281948 0.950719 -0.056083
v 0.456434 0.876269 -0.090790
v 0.614256 0.768056 -0.122183
v 0.748474 0.630328 -0.148881
v 0.853927 0.468376 -0.169857
v 0.926565 0.288424 -0.184305
v 0.963596 0.097389 -0.191671
v 0.963596 -0.097389 -0.191671
v 0.926565 -0.288424 -0.184305
v 0.853927 -0.468376 -0.169857
v 0.748474 -0.630328 -0.148881
v 0.614256 -0.768056 -0.122183
v 0.456434 -0.876269 -0.090790
v 0.281948 -0.950719 -0.056083
v 0.872805 -0.380232 -0.264763
v 0.926565 -0.193841 -0.281070
v 0.524857 0.826144 -0.159214
v 0.361528 0.917962 -0.109668
v 0.785504 -0.552012 -0.238280
v 0.668016 0.702578 -0.202641
v 0.668016 -0.702578 -0.202641
v 0.785504 0.552012 -0.238280
v 0.524857 -0.826144 -0.159214
v 0.872805 0.380232 -0.264763
v 0.361528 -0.917962 -0.109668
v 0.926565 0.193841 -0.281070
v 0.192890 -0.973614 -0.058513
v 0.944718 0.000000 -0.286577
v 0.192890 0.973614 -0.058513
v 0.287471 0.950719 0.000000
v 0.465376 0.876269 0.000000
v 0.626290 0.768056 0.000000
v 0.763137 0.630328 0.000000
v 0.870657 0.468376 0.000000
v 0.944718 0.288424 0.000000
v 0.982473 0.097389 0.000000
v 0.982473 -0.097389 0.000000
v 0.944718 -0.288424 0.000000
v 0.870657 -0.468376 0.000000
v 0.763137 -0.630328 0.000000
v 0.626290 -0.768056 0.000000
v 0.465376 -0.876269 0.000000
v 0.287471 -0.950719 0.000000
v 0.375976 -0.917962 -0.037030
v 0.545833 -0.826144 -0.053760
v 0.963596 0.193841 -0.094906
v 0.907687 0.380232 -0.089399
v 0.200599 -0.973614 -0.019757
v 0.982473 0.000000 -0.096765
v 0.200599 0.973614 -0.019757
v 0.963596 -0.193841 -0.094906
v 0.375976 0.917962 -0.037030
v 0.907687 -0.380232 -0.089399
v 0.545833 0.826144 -0.053760
v 0.816897 -0.552012 -0.080457
v 0.694714 0.702578 -0.068423
v 0.694714 -0.702578 -0.068423
v 0.816897 0.552012 -0.080457
v 0.281948 0.950719 0.056083
v 0.456434 0.876269 0.090790
v 0.614256 0.768056 0.122183
v 0.748474 0.630328 0.148881
v 0.853927 0.468376 0.169857
v 0.926565 0.288424 0.184305
v 0.963595 0.097389 0.191671
v 0.963596 -0.097389 0.191671
v 0.926565 -0.288424 0.184305
v 0.853927 -0.468376 0.169857
v 0.748474 -0.630328 0.148881
v 0.614256 -0.768056 0.122183
v 0.456434 -0.876269 0.090790
v 0.281948 -0.950719 0.056083
v 0.816897 -0.552012 0.080457
v 0.907687 -0.380232 0.089399
v 0.694714 0.702578 0.068423
v 0.545833 0.826144 0.053760
v 0.694714 -0.702578 0.068423
v 0.816897 0.552012 0.080457
v 0.545833 -0.826144 0.053760
v 0.907687 0.380232 0.089399
v 0.375976 -0.917962 0.037030
v 0.963596 0.193841 0.094906
v 0.200599 -0.973614 0.019757
v 0.982473 0.000000 0.096765
v 0.200599 0.973614 0.019757
v 0.963596 -0.193841 0.094906
v 0.375976 0.917962 0.037030
v 0.265589 0.950719 0.110011
v 0.429951 0.876269 0.178092
v 0.578617 0.768056 0.239671
v 0.705047 0.630328 0.292040
v 0.804382 0.468376 0.333186
v 0.872805 0.288424 0.361528
v 0.907687 0.097389 0.375976
v 0.907687 -0.097389 0.375976
v 0.872805 -0.288424 0.361528
v 0.804382 -0.468376 0.333186
v 0.705047 -0.630328 0.292040
v 0.578617 -0.768056 0.239671
v 0.429951 -0.876269 0.178092
v 0.265589 -0.950719 0.110011
v 0.192890 -0.973614 0.058513
v 0.361528 -0.917962 0.109668
v 0.944717 0.000000 0.286577
v 0.926565 0.193841 0.281071
v 0.192890 0.973614 0.058513
v 0.926565 -0.193841 0.281071
v 0.361528 0.917962 0.109668
v 0.872805 -0.380232 0.264763
v 0.524857 0.826144 0.159214
v 0.785504 -0.552012 0.238280
v 0.668016 0.702578 0.202641
v 0.668016 -0.702578 0.202641
v 0.785504 0.552012 0.238280
v 0.524857 -0.826144 0.159214
v 0.872805 0.380232 0.264763
v 0.239024 0.950719 0.159711
v 0.386946 0.876269 0.258549
v 0.520741 0.768056 0.347948
v 0.634525 0.630328 0.423976
v 0.723924 0.468376 0.483711
v 0.785504 0.288424 0.524857
v 0.816897 0.097389 0.545833
v 0.816897 -0.097389 0.545833
v 0.785504 -0.288424 0.524857
v 0.723925 -0.468376 0.483711
v 0.634525 -0.630328 0.423976
v 0.520741 -0.768056 0.347948
v 0.386946 -0.876269 0.258549
v 0.239024 -0.950719 0.159711
v 0.615647 0.702578 0.329070
v 0.483711 0.826144 0.258549
v 0.615647 -0.702578 0.329070
v 0.723925 -0.552012 0.386946
v 0.723924 0.552012 0.386946
v 0.483711 -0.826144 0.258549
v 0.804382 0.380232 0.429951
v 0.333186 -0.917962 0.178092
v 0.853927 0.193841 0.456434
v 0.177769 -0.973614 0.095019
v 0.870656 0.000000 0.465376
v 0.177769 0.973614 0.095019
v 0.853927 -0.193841 0.456434
v 0.333186 0.917962 0.178092
v 0.804382 -0.380232 0.429951
v 0.203273 0.950719 0.203273
v 0.329070 0.876269 0.329070
v 0.442854 0.768056 0.442854
v 0.539619 0.630328 0.539619
v 0.615647 0.468376 0.615647
v 0.668016 0.288424 0.668016
v 0.694713 0.097389 0.694714
v 0.694713 -0.097389 0.694714
v 0.668016 -0.288424 0.668016
v 0.615647 -0.468376 0.615647
v 0.539619 -0.630328 0.539619
v 0.442854 -0.768056 0.442854
v 0.329070 -0.876269 0.329070
v 0.203273 -0.950719 0.203273
v 0.763137 0.000000 0.626290
v 0.748473 0.193841 0.614256
v 0.155815 0.973614 0.127874
v 0.155815 -0.973614 0.127874
v 0.748473 -0.193841 0.614256
v 0.292040 0.917962 0.239671
v 0.705047 -0.380232 0.578617
v 0.423976 0.826144 0.347948
v 0.634525 -0.552012 0.520741
v 0.539619 0.702578 0.442854
v 0.539619 -0.702578 0.442854
v 0.634525 0.552012 0.520741
v 0.423976 -0.826144 0.347948
v 0.705047 0.380232 0.578617
v 0.292040 -0.917962 0.239671
v 0.159711 0.950719 0.239024
v 0.258549 0.876269 0.386946
v 0.347948 0.768056 0.520741
v 0.423976 0.630328 0.634525
v 0.483711 0.468376 0.723925
v 0.524857 0.288424 0.785504
v 0.545833 0.097389 0.816897
v 0.545833 -0.097389 0.816897
v 0.524857 -0.288424 0.785504
v 0.483711 -0.468376 0.723925
v 0.423976 -0.630328 0.634525
v 0.347948 -0.768056 0.520741
v 0.258549 -0.876269 0.386946
v 0.159711 -0.950719 0.239024
v 0.442854 -0.702578 0.539619
v 0.520741 -0.552012 0.634525
v 0.520741 0.552012 0.634525
v 0.442854 0.702578 0.539619
v 0.347948 -0.826144 0.423976
v 0.578617 0.380232 0.705047
v 0.239671 -0.917962 0.292040
v 0.614256 0.193841 0.748474
v 0.127874 -0.973614 0.155815
v 0.626290 0.000000 0.763137
v 0.127874 0.973614 0.155815
v 0.614256 -0.193841 0.748474
v 0.239671 0.917962 0.292040
v 0.578617 -0.380232 0.705047
v 0.347948 0.826144 0.423976
v 0.110011 0.950719 0.265589
v 0.178091 0.876269 0.429951
v 0.239671 0.768056 0.578617
v 0.292040 0.630328 0.705047
v 0.333186 0.468376 0.804382
v 0.361528 0.288424 0.872805
v 0.375976 0.097389 0.907687
v 0.375976 -0.097389 0.907687
v 0.361528 -0.288424 0.872805
v 0.333186 -0.468376 0.804382
v 0.292040 -0.630328 0.705047
v 0.239671 -0.768056 0.578617
v 0.178091 -0.876269 0.429951
v 0.110011 -0.950719 0.265589
v 0.095019 0.973614 0.177769
v 0.095019 -0.973614 0.177769
v 0.456433 -0.193841 0.853927
v 0.465375 0.000000 0.870657
v 0.178091 0.917962 0.333186
v 0.429951 -0.380232 0.804382
v 0.258549 0.826144 0.483711
v 0.386946 -0.552012 0.723925
v 0.329070 0.702578 0.615647
v 0.329070 -0.702578 0.615647
v 0.386946 0.552012 0.723925
v 0.258549 -0.826144 0.483711
v 0.429951 0.380232 0.804382
v 0.178092 -0.917962 0.333186
v 0.456433 0.193841 0.853927
v 0.056083 0.950719 0.281948
v 0.090790 0.876269 0.456434
v 0.122183 0.768056 0.614256
v 0.148881 0.630328 0.748473
v 0.169857 0.468376 0.853927
v 0.184305 0.288424 0.926565
v 0.191671 0.097389 0.963595
v 0.191671 -0.097389 0.963595
v 0.184305 -0.288424 0.926565
v 0.169857 -0.468376 0.853927
v 0.148881 -0.630328 0.748474
v 0.122183 -0.768056 0.614256
v 0.090790 -0.876269 0.456434
v 0.056083 -0.950719 0.281948
v 0.238280 0.552012 0.785504
v 0.202640 0.702578 0.668016
v 0.159214 -0.826144 0.524857
v 0.202640 -0.702578 0.668016
v 0.264763 0.380232 0.872805
v 0.109668 -0.917962 0.361528
v 0.281070 0.193841 0.926565
v 0.058513 -0.973614 0.192890
v 0.286577 0.000000 0.944717
v 0.058513 0.973614 0.192890
v 0.281070 -0.193841 0.926565
v 0.109668 0.917962 0.361528
v 0.264763 -0.380232 0.872805
v 0.159214 0.826144 0.524857
v 0.238280 -0.552012 0.785504
v -0.000000 0.950719 0.287471
v -0.000000 0.876269 0.465376
v -0.000000 0.768056 0.626290
v -0.000000 0.630328 0.763137
v -0.000000 0.468376 0.870657
v -0.000000 0.288424 0.944717
v -0.000000 0.097389 0.982473
v -0.000000 -0.097389 0.982473
v -0.000000 -0.288424 0.944718
v -0.000000 -0.468376 0.870657
v -0.000000 -0.630328 0.763137
v -0.000000 -0.768056 0.626290
v -0.000000 -0.876269 0.465376
v -0.000000 -0.950719 0.287471
v 0.094906 -0.193841 0.963595
v 0.096765 0.000000 0.982473
v 0.037030 0.917962 0.375976
v 0.019757 0.973614 0.200599
v 0.089399 -0.380232 0.907687
v 0.053760 0.826144 0.545833
v 0.080457 -0.552012 0.816897
v 0.068423 0.702578 0.694714
v 0.068423 -0.702578 0.694714
v 0.080457 0.552012 0.816897
v 0.053760 -0.826144 0.545833
v 0.089399 0.380232 0.907687
v 0.037030 -0.917962 0.375976
v 0.094906 0.193841 0.963595
v 0.019757 -0.973614 0.200599
v -0.056083 0.950719 0.281948
v -0.090790 0.876269 0.456434
v -0.122183 0.768056 0.614256
v -0.148881 0.630328 0.748473
v -0.169857 0.468376 0.853927
v -0.184305 0.288424 0.926565
v -0.191671 0.097389 0.963595
v -0.191671 -0.097389 0.963595
v -0.184305 -0.288424 0.926565
v -0.169857 -0.468376 0.853927
v -0.148881 -0.630328 0.748473
v -0.122183 -0.768056 0.614256
v -0.090790 -0.876269 0.456434
v -0.056083 -0.950719 0.281948
v -0.053760 -0.826144 0.545833
v -0.068423 -0.702578 0.694714
v -0.089399 0.380232 0.907687
v -0.080457 0.552012 0.816897
v -0.037030 -0.917962 0.375976
v -0.094906 0.193841 0.963595
v -0.019757 -0.973614 0.200599
v -0.096765 0.000000 0.982473
v -0.019757 0.973614 0.200599
v -0.094906 -0.193841 0.963595
v -0.037030 0.917962 0.375976
v -0.089399 -0.380232 0.907687
v -0.053760 0.826144 0.545833
v -0.080457 -0.552012 0.816897
v -0.068423 0.702578 0.694714
v -0.110011 0.950719 0.265589
v -0.178092 0.876269 0.429951
v -0.239671 0.768056 0.578617
v -0.292040 0.630328 0.705047
v -0.333186 0.468376 0.804382
v -0.361528 0.288424 0.872805
v -0.375976 0.097389 0.907687
v -0.375976 -0.097389 0.907687
v -0.361528 -0.288424 0.872805
v -0.333186 -0.468376 0.804382
v -0.292040 -0.630328 0.705047
v -0.239671 -0.768056 0.578617
v -0.178092 -0.876269 0.429951
v -0.110011 -0.950719 0.265589
v -0.264763 -0.380232 0.872805
v -0.281071 -0.193841 0.926565
v -0.159214 0.826144 0.524857
v -0.109668 0.917962 0.361528
v -0.238280 -0.552012 0.785504
v -0.202641 0.702578 0.668016
v -0.202641 -0.702578 0.668016
v -0.238280 0.552012 0.785504
v -0.159214 -0.826144 0.524857
v -0.264763 0.380232 0.872805
v -0.109668 -0.917962 0.361528
v -0.281071 0.193841 0.926565
v -0.058513 -0.973614 0.192890
v -0.286577 0.000000 0.944717
v -0.058513 0.973614 0.192890
v -0.159711 0.950719 0.239024
v -0.258549 0.876269 0.386946
v -0.347948 0.768056 0.520741
v -0.423976 0.630328 0.634525
v -0.483711 0.468376 0.723924
v -0.524857 0.288424 0.785504
v -0.545833 0.097389 0.816896
v -0.545833 -0.097389 0.816896
v -0.524857 -0.288424 0.785504
v -0.483711 -0.468376 0.723924
v -0.423976 -0.630328 0.634525
v -0.347948 -0.768056 0.520741
v -0.258549 -0.876269 0.386946
v -0.159711 -0.950719 0.239024
v -0.178092 -0.917962 0.333186
v -0.258549 -0.826144 0.483711
v -0.456434 0.193841 0.853927
v -0.429951 0.380232 0.804382
v -0.095019 -0.973614 0.177769
v -0.465376 0.000000 0.870656
v -0.095019 0.973614 0.177768
v -0.456434 -0.193841 0.853927
v -0.178092 0.917962 0.333186
v -0.429951 -0.380232 0.804382
v -0.258549 0.826144 0.483711
v -0.386946 -0.552012 0.723924
v -0.329070 0.702578 0.615647
v -0.329070 -0.702578 0.615647
v -0.386946 0.552012 0.723924
v -0.203273 0.950719 0.203273
v -0.329070 0.876269 0.329070
v -0.442854 0.768056 0.442854
v -0.539619 0.630328 0.539619
v -0.615647 0.468376 0.615647
v -0.668016 0.288424 0.668016
v -0.694714 0.097389 0.694713
v -0.694714 -0.097389 0.694713
v -0.668016 -0.288424 0.668016
v -0.615647 -0.468376 0.615647
v -0.539619 -0.630328 0.539619
v -0.442854 -0.768056 0.442854
v -0.329070 -0.876269 0.329070
v -0.203273 -0.950719 0.203273
v -0.083537 -0.987361 0.083537
v -0.347948 0.826144 0.423976
v -0.239671 0.917962 0.292040
v -0.520741 -0.552012 0.634525
v -0.578617 -0.380232 0.705046
v -0.442854 0.702578 0.539619
v -0.442854 -0.702578 0.539619
v -0.520741 0.552012 0.634525
v -0.347948 -0.826144 0.423976
v -0.578617 0.380232 0.705046
v -0.239671 -0.917962 0.292040
v -0.614256 0.193841 0.748473
v -0.127874 -0.973614 0.155815
v -0.626290 0.000000 0.763136
v -0.127874 0.973614 0.155815
v -0.614256 -0.193841 0.748473
v -0.239024 0.950719 0.159711
v -0.386946 0.876269 0.258549
v -0.520741 0.768056 0.347948
v -0.634525 0.630328 0.423976
v -0.723924 0.468376 0.483711
v -0.785504 0.288424 0.524857
v -0.816897 0.097389 0.545833
v -0.816897 -0.097389 0.545833
v -0.785504 -0.288424 0.524857
v -0.723924 -0.468376 0.483711
v -0.634525 -0.630328 0.423976
v -0.520741 -0.768056 0.347948
v -0.386946 -0.876269 0.258549
v -0.239024 -0.950719 0.159710
v -0.748473 0.193841 0.614256
v -0.705047 0.380232 0.578617
v -0.155815 -0.973614 0.127874
v -0.292040 -0.917962 0.239671
v -0.763137 0.000000 0.626290
v -0.155815 0.973614 0.127874
v -0.748473 -0.193841 0.614256
v -0.292040 0.917962 0.239671
v -0.705047 -0.380232 0.578617
v -0.423976 0.826144 0.347948
v -0.634525 -0.552012 0.520741
v -0.539619 0.702578 0.442854
v -0.539619 -0.702578 0.442854
v -0.634525 0.552012 0.520741
v -0.423976 -0.826144 0.347948
v -0.265589 0.950719 0.110010
v -0.429951 0.876269 0.178091
v -0.578617 0.768056 0.239671
v -0.705047 0.630328 0.292040
v -0.804382 0.468376 0.333186
v -0.872805 0.288424 0.361528
v -0.907687 0.097389 0.375976
v -0.907687 -0.097389 0.375976
v -0.872805 -0.288424 0.361528
v -0.804382 -0.468376 0.333186
v -0.705047 -0.630328 0.292040
v -0.578617 -0.768056 0.239671
v -0.429951 -0.876269 0.178091
v -0.265589 -0.950719 0.110010
v -0.723924 -0.552012 0.386946
v -0.804382 -0.380232 0.429951
v -0.615647 0.702578 0.329070
v -0.483711 0.826144 0.258549
v -0.615647 -0.702578 0.329070
v -0.723924 0.552012 0.386946
v -0.483711 -0.826144 0.258549
v -0.804382 0.380232 0.429951
v -0.333186 -0.917962 0.178091
v -0.853927 0.193841 0.456433
v -0.177768 -0.973614 0.095019
v -0.870656 0.000000 0.465375
v -0.177768 0.973614 0.095019
v -0.853927 -0.193841 0.456433
v -0.333186 0.917962 0.178091
v -0.281948 0.950719 0.056083
v -0.456433 0.876269 0.090790
v -0.614256 0.768056 0.122183
v -0.748473 0.630328 0.148881
v -0.853927 0.468376 0.169857
v -0.926565 0.288424 0.184305
v -0.963595 0.097389 0.191671
v -0.963595 -0.097389 0.191671
v -0.926565 -0.288424 0.184305
v -0.853927 -0.468376 0.169857
v -0.748473 -0.630328 0.148881
v -0.614256 -0.768056 0.122183
v -0.456433 -0.876269 0.090790
v -0.281948 -0.950719 0.056083
v -0.192890 -0.973614 0.058513
v -0.361528 -0.917962 0.109668
v -0.944717 0.000000 0.286576
v -0.926565 0.193841 0.281070
v -0.192890 0.973614 0.058513
v -0.926565 -0.193841 0.281070
v -0.361528 0.917962 0.109668
v -0.872805 -0.380232 0.264762
v -0.524857 0.826144 0.159213
v -0.785504 -0.552012 0.238280
v -0.668016 0.702578 0.202640
v -0.668016 -0.702578 0.202640
v -0.785504 0.552012 0.238280
v -0.524857 -0.826144 0.159213
v -0.872805 0.380232 0.264762
v -0.287471 0.950719 -0.000000
v -0.465376 0.876269 -0.000000
v -0.626290 0.768057 -0.000000
v -0.763137 0.630328 -0.000000
v -0.870656 0.468376 -0.000000
v -0.944717 0.288424 -0.000000
v -0.982473 0.097389 -0.000000
v -0.982473 -0.097389 -0.000000
v -0.944717 -0.288424 -0.000000
v -0.870656 -0.468376 -0.000000
v -0.763137 -0.630328 -0.000000
v -0.626290 -0.768056 -0.000000
v -0.465376 -0.876269 -0.000000
v -0.287471 -0.950719 -0.000000
v -0.694714 0.702578 0.068423
v -0.545833 0.826144 0.053760
v -0.694714 -0.702578 0.068423
v -0.816897 -0.552012 0.080457
v -0.816897 0.552012 0.080457
v -0.545833 -0.826144 0.053760
v -0.907687 0.380232 0.089399
v -0.375976 -0.917962 0.037030
v -0.963595 0.193841 0.094906
v -0.200599 -0.973614 0.019757
v -0.982473 0.000000 0.096765
v -0.200599 0.973614 0.019757
v -0.963595 -0.193841 0.094906
v -0.375976 0.917962 0.037030
v -0.907687 -0.380232 0.089399
v -0.281948 0.950719 -0.056083
v -0.456433 0.876269 -0.090790
v -0.614256 0.768056 -0.122183
v -0.748473 0.630328 -0.148881
v -0.853927 0.468376 -0.169857
v -0.926565 0.288424 -0.184305
v -0.963595 0.097389 -0.191671
v -0.963595 -0.097389 -0.191671
v -0.926565 -0.288424 -0.184305
v -0.853927 -0.468376 -0.169857
v -0.748473 -0.630328 -0.148881
v -0.614256 -0.768056 -0.122183
v -0.456433 -0.876269 -0.090790
v -0.281948 -0.950719 -0.056083
v -0.982473 0.000000 -0.096766
v -0.963595 0.193841 -0.094906
v -0.200599 0.973614 -0.019757
v -0.200599 -0.973614 -0.019757
v -0.963595 -0.193841 -0.094906
v -0.375976 0.917962 -0.037030
v -0.907687 -0.380232 -0.089399
v -0.545833 0.826144 -0.053760
v -0.816897 -0.552012 -0.080457
v -0.694713 0.702578 -0.068423
v -0.694713 -0.702578 -0.068423
v -0.816896 0.552012 -0.080457
v -0.545833 -0.826144 -0.053760
v -0.907687 0.380232 -0.089399
v -0.375976 -0.917962 -0.037030
v -0.265589 0.950719 -0.110011
v -0.429951 0.876269 -0.178092
v -0.578617 0.768056 -0.239671
v -0.705047 0.630328 -0.292040
v -0.804382 0.468376 -0.333186
v -0.872805 0.288424 -0.361528
v -0.907687 0.097389 -0.375976
v -0.907687 -0.097389 -0.375976
v -0.872805 -0.288424 -0.361528
v -0.804382 -0.468376 -0.333186
v -0.705046 -0.630328 -0.292040
v -0.578617 -0.768056 -0.239671
v -0.429951 -0.876269 -0.178092
v -0.265589 -0.950719 -0.110011
v -0.668016 -0.702578 -0.202641
v -0.785504 -0.552012 -0.238280
v -0.785504 0.552012 -0.238280
v -0.668016 0.702578 -0.202641
v -0.524857 -0.826144 -0.159214
v -0.872805 0.380232 -0.264763
v -0.361528 -0.917962 -0.109668
v -0.926565 0.193841 -0.281071
v -0.192890 -0.973614 -0.058513
v -0.944717 0.000000 -0.286577
v -0.192890 0.973614 -0.058513
v -0.926565 -0.193841 -0.281071
v -0.361528 0.917962 -0.109668
v -0.872805 -0.380232 -0.264763
v -0.524857 0.826144 -0.159214
v -0.239024 0.950719 -0.159711
v -0.386945 0.876269 -0.258549
v -0.520741 0.768056 -0.347948
v -0.634525 0.630328 -0.423976
v -0.723924 0.468376 -0.483711
v -0.785504 0.288424 -0.524857
v -0.816896 0.097389 -0.545833
v -0.816896 -0.097389 -0.545833
v -0.785504 -0.288424 -0.524857
v -0.723924 -0.468376 -0.483711
v -0.634525 -0.630328 -0.423976
v -0.520741 -0.768056 -0.347948
v -0.386945 -0.876269 -0.258549
v -0.239024 -0.950719 -0.159711
v -0.177768 -0.973614 -0.095019
v -0.853927 -0.193841 -0.456434
v -0.870656 0.000000 -0.465376
v -0.333186 0.917962 -0.178092
v -0.177768 0.973614 -0.095019
v -0.804382 -0.380232 -0.429951
v -0.483711 0.826144 -0.258549
v -0.723924 -0.552012 -0.386946
v -0.615647 0.702578 -0.329070
v -0.615647 -0.702578 -0.329070
v -0.723924 0.552012 -0.386946
v -0.483711 -0.826144 -0.258549
v -0.804382 0.380232 -0.429951
v -0.333186 -0.917962 -0.178092
v -0.853927 0.193841 -0.456434
v -0.203273 0.950719 -0.203273
v -0.329070 0.876269 -0.329070
v -0.442854 0.768056 -0.442854
v -0.539619 0.630328 -0.539619
v -0.615647 0.468376 -0.615647
v -0.668016 0.288424 -0.668016
v -0.694713 0.097389 -0.694714
v -0.694713 -0.097389 -0.694714
v -0.668016 -0.288424 -0.668016
v -0.615647 -0.468376 -0.615647
v -0.539619 -0.630328 -0.539619
v -0.442854 -0.768056 -0.442854
v -0.329070 -0.876269 -0.329070
v -0.203273 -0.950719 -0.203273
v -0.423976 -0.826144 -0.347948
v -0.539619 -0.702578 -0.442854
v -0.705046 0.380232 -0.578617
v -0.634525 0.552012 -0.520741
v -0.292040 -0.917962 -0.239671
v -0.748473 0.193841 -0.614256
v -0.155815 -0.973614 -0.127874
v -0.763136 0.000000 -0.626290
v -0.155815 0.973614 -0.127874
v -0.748473 -0.193841 -0.614256
v -0.292040 0.917962 -0.239671
v -0.705046 -0.380232 -0.578617
v -0.423976 0.826144 -0.347948
v -0.634525 -0.552012 -0.520741
v -0.539619 0.702578 -0.442854
v -0.159710 0.950719 -0.239024
v -0.258549 0.876269 -0.386946
v -0.347948 0.768056 -0.520741
v -0.423976 0.630328 -0.634525
v -0.483711 0.468376 -0.723924
v -0.524857 0.288424 -0.785504
v -0.545832 0.097389 -0.816896
v -0.545832 -0.097389 -0.816896
v -0.524857 -0.288424 -0.785504
v -0.483711 -0.468376 -0.723924
v -0.423976 -0.630328 -0.634525
v -0.347948 -0.768056 -0.520741
v -0.258549 -0.876269 -0.386946
v -0.159710 -0.950719 -0.239024
v -0.239671 0.917962 -0.292040
v -0.127874 0.973614 -0.155815
v -0.578617 -0.380232 -0.705047
v -0.614256 -0.193841 -0.748473
v -0.347948 0.826144 -0.423976
v -0.520741 -0.552012 -0.634525
v -0.442854 0.702578 -0.539619
v -0.442854 -0.702578 -0.539619
v -0.520741 0.552012 -0.634525
v -0.347948 -0.826144 -0.423976
v -0.578617 0.380232 -0.705047
v -0.239671 -0.917962 -0.292040
v -0.614256 0.193841 -0.748473
v -0.127874 -0.973614 -0.155815
v -0.626290 0.000000 -0.763137
v -0.110010 0.950719 -0.265589
v -0.178091 0.876269 -0.429951
v -0.239671 0.768056 -0.578617
v -0.292040 0.630328 -0.705046
v -0.333186 0.468376 -0.804382
v -0.361528 0.288424 -0.872805
v -0.375976 0.097389 -0.907687
v -0.375976 -0.097389 -0.907687
v -0.361528 -0.288424 -0.872805
v -0.333186 -0.468376 -0.804382
v -0.292040 -0.630328 -0.705046
v -0.239671 -0.768056 -0.578617
v -0.178091 -0.876269 -0.429951
v -0.110010 -0.950719 -0.265589
v -0.429951 0.380232 -0.804382
v -0.386945 0.552012 -0.723924
v -0.178091 -0.917962 -0.333186
v -0.258549 -0.826144 -0.483711
v -0.456433 0.193841 -0.853927
v -0.095019 -0.973614 -0.177768
v -0.465375 0.000000 -0.870656
v -0.095019 0.973614 -0.177768
v -0.456433 -0.193841 -0.853927
v -0.178091 0.917962 -0.333186
v -0.429951 -0.380232 -0.804382
v -0.258549 0.826144 -0.483711
v -0.386945 -0.552012 -0.723924
v -0.329070 0.702578 -0.615647
v -0.329070 -0.702578 -0.615647
v -0.056083 0.950719 -0.281948
v -0.090790 0.876269 -0.456433
v -0.122183 0.768056 -0.614256
v -0.148880 0.630328 -0.748473
v -0.169857 0.468376 -0.853927
v -0.184305 0.288424 -0.926565
v -0.191671 0.097389 -0.963595
v -0.191671 -0.097389 -0.963595
v -0.184305 -0.288424 -0.926565
v -0.169857 -0.468376 -0.853927
v -0.148880 -0.630328 -0.748473
v -0.122183 -0.768056 -0.614256
v -0.090790 -0.876269 -0.456433
v -0.056083 -0.950719 -0.281948
v -0.264762 -0.380232 -0.872805
v -0.281070 -0.193841 -0.926565
v -0.159213 0.826144 -0.524857
v -0.109668 0.917962 -0.361528
v -0.238280 -0.552012 -0.785504
v -0.202640 0.702578 -0.668016
v -0.202640 -0.702578 -0.668016
v -0.238280 0.552012 -0.785504
v -0.159213 -0.826144 -0.524857
v -0.264762 0.380232 -0.872805
v -0.109668 -0.917962 -0.361528
v -0.281070 0.193841 -0.926565
v -0.058513 -0.973614 -0.192890
v -0.286576 0.000000 -0.944717
v -0.058513 0.973614 -0.192890
v 0.000000 0.950719 -0.287471
v 0.000000 -0.768056 -0.626290
v 0.000000 -0.876269 -0.465375
v 0.000000 -0.950719 -0.287471
v -0.037030 -0.917962 -0.375976
v -0.053760 -0.826144 -0.545833
v -0.089399 0.380232 -0.907687
v -0.019757 -0.973614 -0.200599
v -0.019757 0.973614 -0.200599
v -0.037030 0.917962 -0.375976
v -0.089399 -0.380232 -0.907687
v -0.068423 0.702578 -0.694714
v -0.068423 -0.702578 -0.694714
v 0.000000 0.987361 -0.118139
v 0.000000 0.876269 -0.465376
v 0.000000 0.768056 -0.626290
v 0.000000 0.630328 -0.763137
v 0.000000 0.468376 -0.870657
v 0.000000 0.288424 -0.944717
v 0.000000 -0.288424 -0.944717
v 0.000000 -0.468376 -0.870657
v 0.000000 -0.630328 -0.763137
v 0.000000 -0.987361 -0.118139
v 0.023048 0.987361 -0.115869
v 0.023048 -0.987361 -0.115869
v 0.089399 0.380232 -0.907687
v 0.037030 -0.917962 -0.375976
v 0.053760 -0.826144 -0.545833
v 0.019757 -0.973614 -0.200599
v 0.019757 0.973614 -0.200599
v 0.037030 0.917962 -0.375976
v 0.089399 -0.380232 -0.907687
v 0.068423 0.702578 -0.694714
v 0.068423 -0.702578 -0.694714
v 0.045210 0.987361 -0.109146
v 0.045210 -0.987361 -0.109146
v 0.065634 0.987361 -0.098229
v 0.065634 -0.987361 -0.098229
v 0.083537 0.987361 -0.083537
v 0.083537 -0.987361 -0.083537
v 0.098229 0.987361 -0.065634
v 0.098229 -0.987361 -0.065634
v 0.109146 -0.987361 -0.045210
v 0.115869 0.987361 -0.023048
v 0.115869 -0.987361 -0.023048
v 0.118139 0.987361 0.000000
v 0.118139 -0.987361 0.000000
v 0.115869 0.987361 0.023048
v 0.115869 -0.987361 0.023048
v 0.109146 0.987361 0.045210
v 0.109146 -0.987361 0.045210
v 0.098229 0.987361 0.065634
v 0.098229 -0.987361 0.065634
v 0.083537 0.987361 0.083537
v 0.083537 -0.987361 0.083537
v 0.065634 0.987361 0.098229
v 0.065634 -0.987361 0.098229
v 0.045210 0.987361 0.109146
v 0.045210 -0.987361 0.109146
v 0.023048 0.987361 0.115869
v 0.023048 -0.987361 0.115869
v -0.000000 0.987361 0.118139
v -0.000000 -0.987361 0.118139
v -0.023048 0.987361 0.115869
v -0.023048 -0.987361 0.115869
v -0.045210 0.987361 0.109146
v -0.045210 -0.987361 0.109146
v -0.065634 0.987361 0.098229
v -0.065634 -0.987361 0.098229
v -0.083537 0.987361 0.083537
v -0.098229 0.987361 0.065634
v -0.098229 -0.987361 0.065634
v -0.109146 0.987361 0.045210
v -0.109146 -0.987361 0.045210
v -0.115869 0.987361 0.023048
v -0.115869 -0.987361 0.023048
v -0.118139 0.987361 -0.000000
v -0.118139 -0.987361 -0.000000
v -0.115869 0.987361 -0.023048
v -0.115869 -0.987361 -0.023048
v -0.109146 0.987361 -0.045210
v -0.109146 -0.987361 -0.045210
v -0.098229 0.987361 -0.065634
v -0.098229 -0.987361 -0.065634
v -0.083537 0.987361 -0.083537
v -0.083537 -0.987361 -0.083537
v -0.065634 0.987361 -0.098229
v -0.065634 -0.987361 -0.098229
v -0.045210 0.987361 -0.109146
v -0.045210 -0.987361 -0.109146
v -0.023048 0.987361 -0.115869
v -0.023048 -0.987361 -0.115869
v -0.094906 0.193841 -0.963595
v -0.096765 0.000000 -0.982473
v -0.094906 -0.193841 -0.963595
v -0.053760 0.826144 -0.545833
v -0.080457 -0.552012 -0.816897
v -0.080457 0.552012 -0.816897
v 0.085339 0.468376 -0.866461
v 0.045615 -0.876269 -0.463133
v 0.092598 0.288424 -0.940165
v 0.028199 -0.950696 -0.286312
v 0.096299 0.097389 -0.977739
v 0.013329 0.985270 -0.135336
v 0.013329 -0.985270 -0.135336
v 0.096299 -0.097389 -0.977739
v 0.028199 0.950696 -0.286312
v 0.092598 -0.288424 -0.940165
v 0.045615 0.876269 -0.463133
v 0.085339 -0.468376 -0.866461
v 0.061387 0.768056 -0.623272
v 0.074800 -0.630328 -0.759459
v 0.074800 0.630328 -0.759459
v 0.061387 -0.768056 -0.623272
v 0.221526 0.630328 -0.730274
v 0.181802 -0.768056 -0.599320
v 0.252737 0.468376 -0.833163
v 0.135091 -0.876269 -0.445335
v 0.274236 0.288424 -0.904035
v 0.083514 -0.950696 -0.275309
v 0.285196 0.097389 -0.940165
v 0.039476 0.985270 -0.130136
v 0.039476 -0.985270 -0.130136
v 0.285196 -0.097389 -0.940165
v 0.083514 0.950696 -0.275309
v 0.274236 -0.288424 -0.904035
v 0.135091 0.876269 -0.445335
v 0.252737 -0.468376 -0.833163
v 0.181802 0.768056 -0.599320
v 0.221526 -0.630328 -0.730274
v 0.463133 -0.097389 -0.866461
v 0.135620 0.950696 -0.253726
v 0.445335 -0.288424 -0.833163
v 0.219376 0.876269 -0.410423
v 0.410423 -0.468376 -0.767848
v 0.295230 0.768056 -0.552337
v 0.359739 -0.630328 -0.673024
v 0.359739 0.630328 -0.673024
v 0.295230 -0.768056 -0.552337
v 0.410423 0.468376 -0.767848
v 0.219376 -0.876269 -0.410423
v 0.445335 0.288424 -0.833163
v 0.135620 -0.950696 -0.253726
v 0.463133 0.097389 -0.866461
v 0.064106 0.985270 -0.119934
v 0.064106 -0.985270 -0.119934
v 0.397313 -0.768056 -0.484127
v 0.552337 0.468376 -0.673024
v 0.295230 -0.876269 -0.359739
v 0.599320 0.288424 -0.730274
v 0.182513 -0.950696 -0.222393
v 0.623272 0.097389 -0.759459
v 0.086272 0.985270 -0.105123
v 0.086272 -0.985270 -0.105123
v 0.623272 -0.097389 -0.759459
v 0.182513 0.950696 -0.222393
v 0.599320 -0.288424 -0.730274
v 0.295230 0.876269 -0.359739
v 0.552337 -0.468376 -0.673024
v 0.397313 0.768056 -0.484127
v 0.484127 -0.630328 -0.589911
v 0.484127 0.630328 -0.589911
v 0.222393 0.950696 -0.182513
v 0.730274 -0.288424 -0.599320
v 0.359739 0.876269 -0.295230
v 0.673024 -0.468376 -0.552337
v 0.484127 0.768056 -0.397313
v 0.589911 -0.630328 -0.484127
v 0.589911 0.630328 -0.484127
v 0.484127 -0.768056 -0.397313
v 0.673024 0.468376 -0.552337
v 0.359739 -0.876269 -0.295230
v 0.730274 0.288424 -0.599320
v 0.222393 -0.950696 -0.182513
v 0.759459 0.097389 -0.623272
v 0.105123 0.985270 -0.086272
v 0.105123 -0.985270 -0.086272
v 0.759459 -0.097389 -0.623272
v 0.767848 0.468376 -0.410423
v 0.410423 -0.876269 -0.219376
v 0.833163 0.288424 -0.445335
v 0.253726 -0.950696 -0.135620
v 0.866461 0.097389 -0.463133
v 0.119934 0.985270 -0.064106
v 0.119934 -0.985270 -0.064106
v 0.866461 -0.097389 -0.463133
v 0.253726 0.950696 -0.135620
v 0.833163 -0.288424 -0.445335
v 0.410423 0.876269 -0.219376
v 0.767848 -0.468376 -0.410423
v 0.552337 0.768056 -0.295230
v 0.673024 -0.630328 -0.359739
v 0.673024 0.630328 -0.359739
v 0.552337 -0.768056 -0.295230
v 0.904035 -0.288424 -0.274236
v 0.445335 0.876269 -0.135091
v 0.833163 -0.468376 -0.252737
v 0.599320 0.768056 -0.181802
v 0.730274 -0.630328 -0.221526
v 0.730274 0.630328 -0.221526
v 0.599320 -0.768056 -0.181802
v 0.833163 0.468376 -0.252737
v 0.445335 -0.876269 -0.135091
v 0.904035 0.288424 -0.274236
v 0.275309 -0.950696 -0.083514
v 0.940165 0.097389 -0.285196
v 0.130136 0.985270 -0.039476
v 0.130136 -0.985270 -0.039476
v 0.940165 -0.097389 -0.285196
v 0.275309 0.950696 -0.083514
v 0.463133 -0.876269 -0.045615
v 0.940165 0.288424 -0.092598
v 0.286312 -0.950696 -0.028199
v 0.977739 0.097389 -0.096299
v 0.135336 0.985270 -0.013329
v 0.135336 -0.985270 -0.013329
v 0.977739 -0.097389 -0.096299
v 0.286312 0.950696 -0.028199
v 0.940165 -0.288424 -0.092598
v 0.463133 0.876269 -0.045615
v 0.866461 -0.468376 -0.085339
v 0.623272 0.768056 -0.061387
v 0.759459 -0.630328 -0.074800
v 0.759459 0.630328 -0.074800
v 0.623272 -0.768056 -0.061387
v 0.866461 0.468376 -0.085339
v 0.866461 -0.468376 0.085339
v 0.623272 0.768056 0.061387
v 0.759459 -0.630328 0.074800
v 0.759459 0.630328 0.074800
v 0.623272 -0.768056 0.061387
v 0.866461 0.468376 0.085339
v 0.463133 -0.876269 0.045615
v 0.940165 0.288424 0.092598
v 0.286312 -0.950696 0.028199
v 0.977739 0.097389 0.096299
v 0.135336 0.985270 0.013329
v 0.135336 -0.985270 0.013329
v 0.977739 -0.097389 0.096299
v 0.286312 0.950696 0.028199
v 0.940165 -0.288424 0.092598
v 0.463133 0.876269 0.045615
v 0.275309 -0.950696 0.083514
v 0.940165 0.097389 0.285196
v 0.130136 0.985270 0.039476
v 0.130136 -0.985270 0.039476
v 0.940165 -0.097389 0.285196
v 0.275309 0.950696 0.083514
v 0.904035 -0.288424 0.274236
v 0.445335 0.876269 0.135091
v 0.833163 -0.468376 0.252737
v 0.599320 0.768056 0.181802
v 0.730274 -0.630328 0.221526
v 0.730274 0.630328 0.221526
v 0.599320 -0.768056 0.181802
v 0.833163 0.468376 0.252737
v 0.445335 -0.876269 0.135091
v 0.904035 0.288424 0.274236
v 0.552337 0.768056 0.295230
v 0.673024 -0.630328 0.359739
v 0.673024 0.630328 0.359739
v 0.552336 -0.768056 0.295230
v 0.767848 0.468376 0.410423
v 0.410423 -0.876269 0.219376
v 0.833163 0.288424 0.445335
v 0.253726 -0.950696 0.135620
v 0.866461 0.097389 0.463133
v 0.119934 0.985270 0.064106
v 0.119934 -0.985270 0.064106
v 0.866461 -0.097389 0.463133
v 0.253726 0.950696 0.135620
v 0.833163 -0.288424 0.445335
v 0.410423 0.876269 0.219376
v 0.767848 -0.468376 0.410423
v 0.759459 0.097389 0.623272
v 0.105123 0.985270 0.086272
v 0.105123 -0.985270 0.086272
v 0.759459 -0.097389 0.623272
v 0.222393 0.950696 0.182513
v 0.730274 -0.288424 0.599320
v 0.359739 0.876269 0.295230
v 0.673024 -0.468376 0.552337
v 0.484127 0.768056 0.397313
v 0.589911 -0.630328 0.484127
v 0.589910 0.630328 0.484127
v 0.484127 -0.768056 0.397313
v 0.673024 0.468376 0.552337
v 0.359739 -0.876269 0.295230
v 0.730274 0.288424 0.599320
v 0.222393 -0.950696 0.182513
v 0.484127 -0.630328 0.589911
v 0.484127 0.630328 0.589911
v 0.397313 -0.768056 0.484127
v 0.552337 0.468376 0.673024
v 0.295230 -0.876269 0.359739
v 0.599320 0.288424 0.730274
v 0.182513 -0.950696 0.222393
v 0.623272 0.097389 0.759459
v 0.086272 0.985270 0.105123
v 0.086272 -0.985270 0.105123
v 0.623272 -0.097389 0.759459
v 0.182513 0.950696 0.222393
v 0.599320 -0.288424 0.730274
v 0.295230 0.876269 0.359739
v 0.552336 -0.468376 0.673024
v 0.397313 0.768056 0.484127
v 0.064106 0.985270 0.119934
v 0.064106 -0.985270 0.119934
v 0.463133 -0.097389 0.866461
v 0.135619 0.950696 0.253726
v 0.445335 -0.288424 0.833163
v 0.219376 0.876269 0.410423
v 0.410423 -0.468376 0.767848
v 0.295230 0.768056 0.552336
v 0.359739 -0.630328 0.673024
v 0.359739 0.630328 0.673024
v 0.295230 -0.768056 0.552337
v 0.410423 0.468376 0.767848
v 0.219376 -0.876269 0.410423
v 0.445335 0.288424 0.833163
v 0.135619 -0.950696 0.253726
v 0.463133 0.097389 0.866461
v 0.221526 0.630328 0.730274
v 0.181802 -0.768056 0.599320
v 0.252737 0.468376 0.833163
v 0.135091 -0.876269 0.445335
v 0.274236 0.288424 0.904035
v 0.083514 -0.950696 0.275309
v 0.285196 0.097389 0.940165
v 0.039476 0.985270 0.130136
v 0.039476 -0.985270 0.130136
v 0.285196 -0.097389 0.940165
v 0.083514 0.950696 0.275309
v 0.274236 -0.288424 0.904035
v 0.135091 0.876269 0.445335
v 0.252737 -0.468376 0.833163
v 0.181802 0.768056 0.599320
v 0.221526 -0.630328 0.730274
v 0.096299 -0.097389 0.977738
v 0.028199 0.950696 0.286312
v 0.092598 -0.288424 0.940165
v 0.045615 0.876269 0.463133
v 0.085339 -0.468376 0.866461
v 0.061387 0.768056 0.623272
v 0.074800 -0.630328 0.759459
v 0.074800 0.630328 0.759459
v 0.061387 -0.768056 0.623272
v 0.085339 0.468376 0.866461
v 0.045615 -0.876269 0.463133
v 0.092598 0.288424 0.940165
v 0.028199 -0.950696 0.286312
v 0.096299 0.097389 0.977738
v 0.013329 0.985270 0.135336
v 0.013329 -0.985270 0.135336
v -0.061387 -0.768056 0.623272
v -0.085339 0.468376 0.866461
v -0.045615 -0.876269 0.463133
v -0.092598 0.288424 0.940165
v -0.028199 -0.950696 0.286312
v -0.096299 0.097389 0.977738
v -0.013329 0.985270 0.135336
v -0.013329 -0.985270 0.135336
v -0.096299 -0.097389 0.977738
v -0.028199 0.950696 0.286312
v -0.092598 -0.288424 0.940165
v -0.045615 0.876269 0.463133
v -0.085339 -0.468376 0.866461
v -0.061387 0.768056 0.623272
v -0.074800 -0.630328 0.759459
v -0.074800 0.630328 0.759459
v -0.274236 -0.288424 0.904035
v -0.135091 0.876269 0.445335
v -0.252737 -0.468376 0.833163
v -0.181802 0.768056 0.599320
v -0.221526 -0.630328 0.730274
v -0.221526 0.630328 0.730274
v -0.181802 -0.768056 0.599320
v -0.252737 0.468376 0.833163
v -0.135091 -0.876269 0.445335
v -0.274236 0.288424 0.904035
v -0.083514 -0.950696 0.275309
v -0.285196 0.097389 0.940164
v -0.039476 0.985270 0.130136
v -0.039476 -0.985270 0.130136
v -0.285196 -0.097389 0.940164
v -0.083514 0.950696 0.275309
v -0.219376 -0.876269 0.410423
v -0.445335 0.288424 0.833163
v -0.135620 -0.950696 0.253726
v -0.463133 0.097389 0.866460
v -0.064106 0.985270 0.119934
v -0.064106 -0.985270 0.119934
v -0.463133 -0.097389 0.866460
v -0.135620 0.950696 0.253726
v -0.445335 -0.288424 0.833163
v -0.219376 0.876269 0.410423
v -0.410423 -0.468376 0.767847
v -0.295230 0.768056 0.552336
v -0.359739 -0.630328 0.673024
v -0.359739 0.630328 0.673024
v -0.295230 -0.768056 0.552336
v -0.410423 0.468376 0.767847
v -0.295230 0.876269 0.359739
v -0.552336 -0.468376 0.673024
v -0.397313 0.768056 0.484127
v -0.484127 -0.630328 0.589910
v -0.484127 0.630328 0.589910
v -0.397313 -0.768056 0.484127
v -0.552336 0.468376 0.673024
v -0.295230 -0.876269 0.359739
v -0.599320 0.288424 0.730273
v -0.182513 -0.950696 0.222393
v -0.623272 0.097389 0.759459
v -0.086272 0.985270 0.105123
v -0.086272 -0.985270 0.105123
v -0.623272 -0.097389 0.759459
v -0.182513 0.950696 0.222393
v -0.599320 -0.288424 0.730274
v -0.730274 0.288424 0.599320
v -0.222393 -0.950696 0.182513
v -0.759459 0.097389 0.623272
v -0.105123 0.985270 0.086272
v -0.105123 -0.985270 0.086272
v -0.759459 -0.097389 0.623272
v -0.222393 0.950696 0.182513
v -0.730274 -0.288424 0.599320
v -0.359739 0.876269 0.295230
v -0.673024 -0.468376 0.552336
v -0.484127 0.768056 0.397313
v -0.589910 -0.630328 0.484127
v -0.589911 0.630328 0.484127
v -0.484127 -0.768056 0.397313
v -0.673024 0.468376 0.552336
v -0.359739 -0.876269 0.295230
v -0.767847 -0.468376 0.410423
v -0.552336 0.768056 0.295230
v -0.673024 -0.630328 0.359739
v -0.673024 0.630328 0.359739
v -0.552336 -0.768056 0.295230
v -0.767847 0.468376 0.410423
v -0.410423 -0.876269 0.219376
v -0.833163 0.288424 0.445335
v -0.253726 -0.950696 0.135619
v -0.866461 0.097389 0.463133
v -0.119934 0.985270 0.064106
v -0.119934 -0.985270 0.064106
v -0.866461 -0.097389 0.463133
v -0.253726 0.950696 0.135619
v -0.833163 -0.288424 0.445335
v -0.410423 0.876269 0.219376
v -0.275309 -0.950696 0.083514
v -0.940165 0.097389 0.285195
v -0.130136 0.985270 0.039476
v -0.130136 -0.985270 0.039476
v -0.940164 -0.097389 0.285195
v -0.275309 0.950696 0.083514
v -0.904035 -0.288424 0.274236
v -0.445335 0.876269 0.135091
v -0.833163 -0.468376 0.252737
v -0.599320 0.768056 0.181802
v -0.730274 -0.630328 0.221526
v -0.730273 0.630328 0.221526
v -0.599320 -0.768056 0.181802
v -0.833163 0.468376 0.252737
v -0.445335 -0.876269 0.135091
v -0.904035 0.288424 0.274236
v -0.623272 0.768057 0.061387
v -0.759459 -0.630328 0.074800
v -0.759459 0.630328 0.074800
v -0.623272 -0.768057 0.061387
v -0.866461 0.468376 0.085339
v -0.463133 -0.876269 0.045615
v -0.940165 0.288424 0.092598
v -0.286312 -0.950696 0.028199
v -0.977738 0.097389 0.096298
v -0.135336 0.985270 0.013329
v -0.135336 -0.985270 0.013329
v -0.977738 -0.097389 0.096298
v -0.286312 0.950696 0.028199
v -0.940165 -0.288424 0.092598
v -0.463133 0.876269 0.045615
v -0.866461 -0.468376 0.085339
v -0.977738 0.097389 -0.096299
v -0.135336 0.985270 -0.013329
v -0.135336 -0.985270 -0.013329
v -0.977738 -0.097389 -0.096299
v -0.286312 0.950696 -0.028199
v -0.940165 -0.288424 -0.092598
v -0.463133 0.876269 -0.045615
v -0.866461 -0.468376 -0.085339
v -0.623272 0.768056 -0.061387
v -0.759459 -0.630328 -0.074800
v -0.759459 0.630328 -0.074800
v -0.623272 -0.768057 -0.061387
v -0.866461 0.468376 -0.085339
v -0.463133 -0.876269 -0.045615
v -0.940165 0.288424 -0.092598
v -0.286312 -0.950696 -0.028199
v -0.730273 -0.630328 -0.221526
v -0.730273 0.630328 -0.221526
v -0.599320 -0.768056 -0.181802
v -0.833163 0.468376 -0.252737
v -0.445335 -0.876269 -0.135091
v -0.904034 0.288424 -0.274236
v -0.275309 -0.950696 -0.083514
v -0.940164 0.097389 -0.285196
v -0.130136 0.985270 -0.039476
v -0.130135 -0.985270 -0.039476
v -0.940164 -0.097389 -0.285196
v -0.275309 0.950696 -0.083514
v -0.904034 -0.288424 -0.274236
v -0.445335 0.876269 -0.135091
v -0.833163 -0.468376 -0.252737
v -0.599320 0.768056 -0.181802
v -0.119934 -0.985270 -0.064106
v -0.866460 -0.097389 -0.463133
v -0.253726 0.950696 -0.135619
v -0.833163 -0.288424 -0.445335
v -0.410423 0.876269 -0.219376
v -0.767847 -0.468376 -0.410423
v -0.552336 0.768056 -0.295230
v -0.673024 -0.630328 -0.359739
v -0.673024 0.630328 -0.359739
v -0.552336 -0.768056 -0.295230
v -0.767847 0.468376 -0.410423
v -0.410423 -0.876269 -0.219376
v -0.833163 0.288424 -0.445335
v -0.253726 -0.950696 -0.135620
v -0.866460 0.097389 -0.463133
v -0.119934 0.985270 -0.064106
v -0.484127 -0.768056 -0.397313
v -0.673024 0.468376 -0.552336
v -0.359739 -0.876269 -0.295230
v -0.730273 0.288424 -0.599320
v -0.222393 -0.950696 -0.182513
v -0.759459 0.097389 -0.623272
v -0.105123 0.985270 -0.086272
v -0.105123 -0.985270 -0.086272
v -0.759459 -0.097389 -0.623272
v -0.222393 0.950696 -0.182513
v -0.730273 -0.288424 -0.599320
v -0.359739 0.876269 -0.295230
v -0.673024 -0.468376 -0.552336
v -0.484127 0.768056 -0.397313
v -0.589910 -0.630328 -0.484127
v -0.589910 0.630328 -0.484127
v -0.182513 0.950696 -0.222393
v -0.599320 -0.288424 -0.730274
v -0.295230 0.876269 -0.359739
v -0.552336 -0.468376 -0.673024
v -0.397313 0.768056 -0.484127
v -0.484127 -0.630328 -0.589910
v -0.484127 0.630328 -0.589910
v -0.397313 -0.768056 -0.484127
v -0.552336 0.468376 -0.673024
v -0.295230 -0.876269 -0.359739
v -0.599320 0.288424 -0.730273
v -0.182513 -0.950696 -0.222393
v -0.623272 0.097389 -0.759459
v -0.086272 0.985270 -0.105123
v -0.086272 -0.985270 -0.105123
v -0.623271 -0.097389 -0.759459
v -0.410423 0.468376 -0.767847
v -0.219375 -0.876269 -0.410423
v -0.445335 0.288424 -0.833163
v -0.135619 -0.950696 -0.253726
v -0.463132 0.097389 -0.866460
v -0.064106 0.985270 -0.119934
v -0.064106 -0.985270 -0.119934
v -0.463132 -0.097389 -0.866461
v -0.135619 0.950696 -0.253726
v -0.445335 -0.288424 -0.833163
v -0.219375 0.876269 -0.410423
v -0.410423 -0.468376 -0.767847
v -0.295230 0.768056 -0.552336
v -0.359739 -0.630328 -0.673024
v -0.359739 0.630328 -0.673024
v -0.295230 -0.768056 -0.552336
v -0.274236 -0.288424 -0.904035
v -0.135091 0.876269 -0.445335
v -0.252737 -0.468376 -0.833163
v -0.181802 0.768056 -0.599320
v -0.221526 -0.630328 -0.730273
v -0.221526 0.630328 -0.730273
v -0.181802 -0.768056 -0.599320
v -0.252737 0.468376 -0.833163
v -0.135091 -0.876269 -0.445335
v -0.274236 0.288424 -0.904034
v -0.083514 -0.950696 -0.275309
v -0.285195 0.097389 -0.940164
v -0.039476 0.985270 -0.130135
v -0.039476 -0.985270 -0.130135
v -0.285195 -0.097389 -0.940164
v -0.083514 0.950696 -0.275309
v -0.045614 -0.876269 -0.463133
v -0.092598 0.288424 -0.940165
v -0.028199 -0.950696 -0.286312
v -0.096299 0.097389 -0.977739
v -0.013329 0.985270 -0.135336
v -0.013329 -0.985270 -0.135336
v -0.096299 -0.097389 -0.977739
v -0.028199 0.950696 -0.286312
v -0.092598 -0.288424 -0.940165
v -0.045615 0.876269 -0.463133
v -0.085339 -0.468376 -0.866461
v -0.061387 0.768056 -0.623272
v -0.074800 -0.630328 -0.759459
v -0.074800 0.630328 -0.759459
v -0.061387 -0.768056 -0.623272
v -0.085339 0.468376 -0.866461
vt 0.750000 0.656250
vt 0.734375 0.625000
vt 0.750000 0.625000
vt 0.750000 0.687500
vt 0.734375 0.656250
vt 0.718750 0.687500
vt 0.718750 0.656250
vt 0.718750 0.625000
vt 0.750000 0.125000
vt 0.734375 0.156250
vt 0.734375 0.125000
vt 0.750000 0.156250
vt 0.734375 0.187500
vt 0.718750 0.156250
vt 0.718750 0.125000
vt 0.750000 0.593750
vt 0.734375 0.562500
vt 0.750000 0.562500
vt 0.734375 0.593750
vt 0.718750 0.593750
vt 0.718750 0.562500
vt 0.750000 0.093895
vt 0.734375 0.064815
vt 0.750000 0.062500
vt 0.734375 0.094039
vt 0.718750 0.093895
vt 0.718750 0.062500
vt 0.750000 0.531250
vt 0.734375 0.500000
vt 0.750000 0.500000
vt 0.734375 0.531250
vt 0.718750 0.531250
vt 0.718750 0.500000
vt 0.750000 0.937500
vt 0.734375 0.957899
vt 0.734375 0.935185
vt 0.726563 0.968750
vt 0.742188 0.968750
vt 0.734375 1.000000
vt 0.718750 0.937500
vt 0.742188 0.031250
vt 0.726563 0.031250
vt 0.734375 0.000000
vt 0.734375 0.042101
vt 0.750000 0.437500
vt 0.734375 0.468750
vt 0.734375 0.437500
vt 0.750000 0.468750
vt 0.718750 0.468750
vt 0.718750 0.437500
vt 0.750000 0.875000
vt 0.734375 0.905961
vt 0.734375 0.875000
vt 0.750000 0.906105
vt 0.718750 0.906105
vt 0.718750 0.875000
vt 0.750000 0.375000
vt 0.734375 0.406250
vt 0.734375 0.375000
vt 0.750000 0.406250
vt 0.718750 0.406250
vt 0.718750 0.375000
vt 0.750000 0.843750
vt 0.734375 0.812500
vt 0.750000 0.812500
vt 0.734375 0.843750
vt 0.718750 0.843750
vt 0.718750 0.812500
vt 0.750000 0.312500
vt 0.734375 0.343750
vt 0.734375 0.312500
vt 0.750000 0.343750
vt 0.718750 0.343750
vt 0.718750 0.312500
vt 0.750000 0.781250
vt 0.734375 0.750000
vt 0.750000 0.750000
vt 0.734375 0.781250
vt 0.718750 0.781250
vt 0.718750 0.750000
vt 0.750000 0.250000
vt 0.734375 0.281250
vt 0.734375 0.250000
vt 0.750000 0.281250
vt 0.718750 0.281250
vt 0.718750 0.250000
vt 0.750000 0.718750
vt 0.734375 0.687500
vt 0.734375 0.718750
vt 0.718750 0.718750
vt 0.750000 0.187500
vt 0.734375 0.218750
vt 0.750000 0.218750
vt 0.718750 0.218750
vt 0.718750 0.187500
vt 0.703125 0.687500
vt 0.703125 0.718750
vt 0.687500 0.750000
vt 0.687500 0.718750
vt 0.687500 0.687500
vt 0.703125 0.218750
vt 0.703125 0.187500
vt 0.703125 0.250000
vt 0.687500 0.218750
vt 0.687500 0.187500
vt 0.703125 0.625000
vt 0.703125 0.656250
vt 0.687500 0.656250
vt 0.687500 0.625000
vt 0.703125 0.156250
vt 0.703125 0.125000
vt 0.687500 0.156250
vt 0.687500 0.125000
vt 0.703125 0.562500
vt 0.703125 0.593750
vt 0.687500 0.593750
vt 0.687500 0.562500
vt 0.703125 0.064815
vt 0.703125 0.094039
vt 0.687500 0.093895
vt 0.687500 0.062500
vt 0.703125 0.500000
vt 0.703125 0.531250
vt 0.687500 0.531250
vt 0.687500 0.500000
vt 0.703125 0.957899
vt 0.703125 0.935185
vt 0.695313 0.968750
vt 0.710938 0.968750
vt 0.703125 1.000000
vt 0.687500 0.937500
vt 0.710938 0.031250
vt 0.695313 0.031250
vt 0.703125 0.000000
vt 0.703125 0.042101
vt 0.703125 0.468750
vt 0.703125 0.437500
vt 0.687500 0.468750
vt 0.687500 0.437500
vt 0.703125 0.905961
vt 0.703125 0.875000
vt 0.687500 0.906105
vt 0.687500 0.875000
vt 0.703125 0.406250
vt 0.703125 0.375000
vt 0.687500 0.406250
vt 0.687500 0.375000
vt 0.703125 0.812500
vt 0.703125 0.843750
vt 0.687500 0.843750
vt 0.687500 0.812500
vt 0.703125 0.343750
vt 0.703125 0.312500
vt 0.687500 0.343750
vt 0.687500 0.312500
vt 0.703125 0.750000
vt 0.703125 0.781250
vt 0.687500 0.781250
vt 0.703125 0.281250
vt 0.687500 0.281250
vt 0.687500 0.250000
vt 0.671875 0.468750
vt 0.671875 0.437500
vt 0.671875 0.500000
vt 0.656250 0.468750
vt 0.656250 0.437500
vt 0.671875 0.905961
vt 0.671875 0.875000
vt 0.671875 0.935185
vt 0.656250 0.906105
vt 0.656250 0.875000
vt 0.671875 0.406250
vt 0.671875 0.375000
vt 0.656250 0.406250
vt 0.656250 0.375000
vt 0.671875 0.812500
vt 0.671875 0.843750
vt 0.656250 0.843750
vt 0.656250 0.812500
vt 0.671875 0.343750
vt 0.671875 0.312500
vt 0.656250 0.343750
vt 0.656250 0.312500
vt 0.671875 0.750000
vt 0.671875 0.781250
vt 0.656250 0.781250
vt 0.656250 0.750000
vt 0.671875 0.281250
vt 0.671875 0.250000
vt 0.656250 0.281250
vt 0.656250 0.250000
vt 0.671875 0.687500
vt 0.671875 0.718750
vt 0.656250 0.718750
vt 0.656250 0.687500
vt 0.671875 0.218750
vt 0.671875 0.187500
vt 0.656250 0.218750
vt 0.656250 0.187500
vt 0.671875 0.625000
vt 0.671875 0.656250
vt 0.656250 0.656250
vt 0.656250 0.625000
vt 0.671875 0.156250
vt 0.671875 0.125000
vt 0.656250 0.156250
vt 0.656250 0.125000
vt 0.671875 0.562500
vt 0.671875 0.593750
vt 0.656250 0.593750
vt 0.656250 0.562500
vt 0.671875 0.064815
vt 0.671875 0.094039
vt 0.656250 0.093895
vt 0.656250 0.062500
vt 0.671875 0.531250
vt 0.656250 0.531250
vt 0.656250 0.500000
vt 0.671875 0.957899
vt 0.664063 0.968750
vt 0.679688 0.968750
vt 0.671875 1.000000
vt 0.656250 0.937500
vt 0.679688 0.031250
vt 0.664063 0.031250
vt 0.671875 0.000000
vt 0.671875 0.042101
vt 0.640625 0.218750
vt 0.640625 0.187500
vt 0.640625 0.250000
vt 0.625000 0.218750
vt 0.625000 0.187500
vt 0.640625 0.625000
vt 0.640625 0.656250
vt 0.625000 0.687500
vt 0.625000 0.656250
vt 0.625000 0.625000
vt 0.640625 0.156250
vt 0.640625 0.125000
vt 0.625000 0.156250
vt 0.625000 0.125000
vt 0.640625 0.562500
vt 0.640625 0.593750
vt 0.625000 0.593750
vt 0.625000 0.562500
vt 0.640625 0.064815
vt 0.640625 0.094039
vt 0.625000 0.093895
vt 0.625000 0.062500
vt 0.640625 0.500000
vt 0.640625 0.531250
vt 0.625000 0.531250
vt 0.625000 0.500000
vt 0.640625 0.957899
vt 0.640625 0.935185
vt 0.632813 0.968750
vt 0.648438 0.968750
vt 0.640625 1.000000
vt 0.625000 0.937500
vt 0.648438 0.031250
vt 0.632813 0.031250
vt 0.640625 0.000000
vt 0.640625 0.042101
vt 0.640625 0.468750
vt 0.640625 0.437500
vt 0.625000 0.468750
vt 0.625000 0.437500
vt 0.640625 0.905961
vt 0.640625 0.875000
vt 0.625000 0.906105
vt 0.625000 0.875000
vt 0.640625 0.406250
vt 0.640625 0.375000
vt 0.625000 0.406250
vt 0.625000 0.375000
vt 0.640625 0.812500
vt 0.640625 0.843750
vt 0.625000 0.843750
vt 0.625000 0.812500
vt 0.640625 0.343750
vt 0.640625 0.312500
vt 0.625000 0.343750
vt 0.625000 0.312500
vt 0.640625 0.750000
vt 0.640625 0.781250
vt 0.625000 0.781250
vt 0.625000 0.750000
vt 0.640625 0.281250
vt 0.625000 0.281250
vt 0.625000 0.250000
vt 0.640625 0.687500
vt 0.640625 0.718750
vt 0.625000 0.718750
vt 0.609375 0.905961
vt 0.609375 0.875000
vt 0.609375 0.935185
vt 0.593750 0.906105
vt 0.593750 0.875000
vt 0.609375 0.406250
vt 0.609375 0.375000
vt 0.609375 0.437500
vt 0.593750 0.406250
vt 0.593750 0.375000
vt 0.609375 0.812500
vt 0.609375 0.843750
vt 0.593750 0.843750
vt 0.593750 0.812500
vt 0.609375 0.343750
vt 0.609375 0.312500
vt 0.593750 0.343750
vt 0.593750 0.312500
vt 0.609375 0.750000
vt 0.609375 0.781250
vt 0.593750 0.781250
vt 0.593750 0.750000
vt 0.609375 0.281250
vt 0.609375 0.250000
vt 0.593750 0.281250
vt 0.593750 0.250000
vt 0.609375 0.687500
vt 0.609375 0.718750
vt 0.593750 0.718750
vt 0.593750 0.687500
vt 0.609375 0.218750
vt 0.609375 0.187500
vt 0.593750 0.218750
vt 0.593750 0.187500
vt 0.609375 0.625000
vt 0.609375 0.656250
vt 0.593750 0.656250
vt 0.593750 0.625000
vt 0.609375 0.156250
vt 0.609375 0.125000
vt 0.593750 0.156250
vt 0.593750 0.125000
vt 0.609375 0.562500
vt 0.609375 0.593750
vt 0.593750 0.593750
vt 0.593750 0.562500
vt 0.609375 0.064815
vt 0.609375 0.094039
vt 0.593750 0.093895
vt 0.593750 0.062500
vt 0.609375 0.500000
vt 0.609375 0.531250
vt 0.593750 0.531250
vt 0.593750 0.500000
vt 0.609375 0.957899
vt 0.601563 0.968750
vt 0.617188 0.968750
vt 0.609375 1.000000
vt 0.593750 0.937500
vt 0.617188 0.031250
vt 0.601563 0.031250
vt 0.609375 0.000000
vt 0.609375 0.042101
vt 0.609375 0.468750
vt 0.593750 0.468750
vt 0.593750 0.437500
vt 0.578125 0.625000
vt 0.578125 0.656250
vt 0.562500 0.687500
vt 0.562500 0.656250
vt 0.562500 0.625000
vt 0.578125 0.156250
vt 0.578125 0.125000
vt 0.578125 0.187500
vt 0.562500 0.156250
vt 0.562500 0.125000
vt 0.578125 0.562500
vt 0.578125 0.593750
vt 0.562500 0.593750
vt 0.562500 0.562500
vt 0.578125 0.064815
vt 0.578125 0.094039
vt 0.562500 0.093895
vt 0.562500 0.062500
vt 0.578125 0.500000
vt 0.578125 0.531250
vt 0.562500 0.531250
vt 0.562500 0.500000
vt 0.578125 0.957899
vt 0.578125 0.935185
vt 0.570313 0.968750
vt 0.585938 0.968750
vt 0.578125 1.000000
vt 0.562500 0.937500
vt 0.585938 0.031250
vt 0.570313 0.031250
vt 0.578125 0.000000
vt 0.578125 0.042101
vt 0.578125 0.468750
vt 0.578125 0.437500
vt 0.562500 0.468750
vt 0.562500 0.437500
vt 0.578125 0.905961
vt 0.578125 0.875000
vt 0.562500 0.906105
vt 0.562500 0.875000
vt 0.578125 0.406250
vt 0.578125 0.375000
vt 0.562500 0.406250
vt 0.562500 0.375000
vt 0.578125 0.812500
vt 0.578125 0.843750
vt 0.562500 0.843750
vt 0.562500 0.812500
vt 0.578125 0.343750
vt 0.578125 0.312500
vt 0.562500 0.343750
vt 0.562500 0.312500
vt 0.578125 0.750000
vt 0.578125 0.781250
vt 0.562500 0.781250
vt 0.562500 0.750000
vt 0.578125 0.281250
vt 0.578125 0.250000
vt 0.562500 0.281250
vt 0.562500 0.250000
vt 0.578125 0.687500
vt 0.578125 0.718750
vt 0.562500 0.718750
vt 0.578125 0.218750
vt 0.562500 0.218750
vt 0.562500 0.187500
vt 0.546875 0.406250
vt 0.546875 0.375000
vt 0.546875 0.437500
vt 0.531250 0.406250
vt 0.531250 0.375000
vt 0.546875 0.812500
vt 0.546875 0.843750
vt 0.531250 0.875000
vt 0.531250 0.843750
vt 0.531250 0.812500
vt 0.546875 0.343750
vt 0.546875 0.312500
vt 0.531250 0.343750
vt 0.531250 0.312500
vt 0.546875 0.750000
vt 0.546875 0.781250
vt 0.531250 0.781250
vt 0.531250 0.750000
vt 0.546875 0.281250
vt 0.546875 0.250000
vt 0.531250 0.281250
vt 0.531250 0.250000
vt 0.546875 0.687500
vt 0.546875 0.718750
vt 0.531250 0.718750
vt 0.531250 0.687500
vt 0.546875 0.218750
vt 0.546875 0.187500
vt 0.531250 0.218750
vt 0.531250 0.187500
vt 0.546875 0.625000
vt 0.546875 0.656250
vt 0.531250 0.656250
vt 0.531250 0.625000
vt 0.546875 0.156250
vt 0.546875 0.125000
vt 0.531250 0.156250
vt 0.531250 0.125000
vt 0.546875 0.562500
vt 0.546875 0.593750
vt 0.531250 0.593750
vt 0.531250 0.562500
vt 0.546875 0.064815
vt 0.546875 0.094039
vt 0.531250 0.093895
vt 0.531250 0.062500
vt 0.546875 0.500000
vt 0.546875 0.531250
vt 0.531250 0.531250
vt 0.531250 0.500000
vt 0.546875 0.957899
vt 0.546875 0.935185
vt 0.539063 0.968750
vt 0.554688 0.968750
vt 0.546875 1.000000
vt 0.531250 0.937500
vt 0.554688 0.031250
vt 0.539063 0.031250
vt 0.546875 0.000000
vt 0.546875 0.042101
vt 0.546875 0.468750
vt 0.531250 0.468750
vt 0.531250 0.437500
vt 0.546875 0.905961
vt 0.546875 0.875000
vt 0.531250 0.906105
vt 0.515625 0.156250
vt 0.515625 0.125000
vt 0.515625 0.187500
vt 0.500000 0.156250
vt 0.500000 0.125000
vt 0.515625 0.562500
vt 0.515625 0.593750
vt 0.500000 0.625000
vt 0.500000 0.593750
vt 0.500000 0.562500
vt 0.515625 0.064815
vt 0.515625 0.094039
vt 0.500000 0.093895
vt 0.500000 0.062500
vt 0.515625 0.500000
vt 0.515625 0.531250
vt 0.500000 0.531250
vt 0.500000 0.500000
vt 0.515625 0.957899
vt 0.515625 0.935185
vt 0.507813 0.968750
vt 0.523438 0.968750
vt 0.515625 1.000000
vt 0.500000 0.937500
vt 0.523438 0.031250
vt 0.507813 0.031250
vt 0.515625 0.000000
vt 0.515625 0.042101
vt 0.515625 0.468750
vt 0.515625 0.437500
vt 0.500000 0.468750
vt 0.500000 0.437500
vt 0.515625 0.905961
vt 0.515625 0.875000
vt 0.500000 0.906105
vt 0.500000 0.875000
vt 0.515625 0.406250
vt 0.515625 0.375000
vt 0.500000 0.406250
vt 0.500000 0.375000
vt 0.515625 0.812500
vt 0.515625 0.843750
vt 0.500000 0.843750
vt 0.500000 0.812500
vt 0.515625 0.343750
vt 0.515625 0.312500
vt 0.500000 0.343750
vt 0.500000 0.312500
vt 0.515625 0.750000
vt 0.515625 0.781250
vt 0.500000 0.781250
vt 0.500000 0.750000
vt 0.515625 0.281250
vt 0.515625 0.250000
vt 0.500000 0.281250
vt 0.500000 0.250000
vt 0.515625 0.687500
vt 0.515625 0.718750
vt 0.500000 0.718750
vt 0.500000 0.687500
vt 0.515625 0.218750
vt 0.500000 0.218750
vt 0.500000 0.187500
vt 0.515625 0.625000
vt 0.515625 0.656250
vt 0.500000 0.656250
vt 0.484375 0.343750
vt 0.484375 0.312500
vt 0.484375 0.375000
vt 0.468750 0.343750
vt 0.468750 0.312500
vt 0.484375 0.750000
vt 0.484375 0.781250
vt 0.468750 0.812500
vt 0.468750 0.781250
vt 0.468750 0.750000
vt 0.484375 0.281250
vt 0.484375 0.250000
vt 0.468750 0.281250
vt 0.468750 0.250000
vt 0.484375 0.687500
vt 0.484375 0.718750
vt 0.468750 0.718750
vt 0.468750 0.687500
vt 0.484375 0.218750
vt 0.484375 0.187500
vt 0.468750 0.218750
vt 0.468750 0.187500
vt 0.484375 0.625000
vt 0.484375 0.656250
vt 0.468750 0.656250
vt 0.468750 0.625000
vt 0.484375 0.156250
vt 0.484375 0.125000
vt 0.468750 0.156250
vt 0.468750 0.125000
vt 0.484375 0.562500
vt 0.484375 0.593750
vt 0.468750 0.593750
vt 0.468750 0.562500
vt 0.484375 0.064815
vt 0.484375 0.094039
vt 0.468750 0.093895
vt 0.468750 0.062500
vt 0.484375 0.500000
vt 0.484375 0.531250
vt 0.468750 0.531250
vt 0.468750 0.500000
vt 0.484375 0.957899
vt 0.484375 0.935185
vt 0.476563 0.968750
vt 0.492188 0.968750
vt 0.484375 1.000000
vt 0.468750 0.937500
vt 0.492188 0.031250
vt 0.476563 0.031250
vt 0.484375 0.000000
vt 0.484375 0.042101
vt 0.484375 0.468750
vt 0.484375 0.437500
vt 0.468750 0.468750
vt 0.468750 0.437500
vt 0.484375 0.905961
vt 0.484375 0.875000
vt 0.468750 0.906105
vt 0.468750 0.875000
vt 0.484375 0.406250
vt 0.468750 0.406250
vt 0.468750 0.375000
vt 0.484375 0.812500
vt 0.484375 0.843750
vt 0.468750 0.843750
vt 0.453125 0.064815
vt 0.453125 0.094039
vt 0.437500 0.125000
vt 0.437500 0.093895
vt 0.437500 0.062500
vt 0.453125 0.500000
vt 0.453125 0.531250
vt 0.437500 0.562500
vt 0.437500 0.531250
vt 0.437500 0.500000
vt 0.453125 0.957899
vt 0.453125 0.935185
vt 0.445313 0.968750
vt 0.460938 0.968750
vt 0.453125 1.000000
vt 0.437500 0.937500
vt 0.460938 0.031250
vt 0.445313 0.031250
vt 0.453125 0.000000
vt 0.453125 0.042101
vt 0.453125 0.468750
vt 0.453125 0.437500
vt 0.437500 0.468750
vt 0.437500 0.437500
vt 0.453125 0.905961
vt 0.453125 0.875000
vt 0.437500 0.906105
vt 0.437500 0.875000
vt 0.453125 0.406250
vt 0.453125 0.375000
vt 0.437500 0.406250
vt 0.437500 0.375000
vt 0.453125 0.812500
vt 0.453125 0.843750
vt 0.437500 0.843750
vt 0.437500 0.812500
vt 0.453125 0.343750
vt 0.453125 0.312500
vt 0.437500 0.343750
vt 0.437500 0.312500
vt 0.453125 0.750000
vt 0.453125 0.781250
vt 0.437500 0.781250
vt 0.437500 0.750000
vt 0.453125 0.281250
vt 0.453125 0.250000
vt 0.437500 0.281250
vt 0.437500 0.250000
vt 0.453125 0.687500
vt 0.453125 0.718750
vt 0.437500 0.718750
vt 0.437500 0.687500
vt 0.453125 0.218750
vt 0.453125 0.187500
vt 0.437500 0.218750
vt 0.437500 0.187500
vt 0.453125 0.625000
vt 0.453125 0.656250
vt 0.437500 0.656250
vt 0.437500 0.625000
vt 0.453125 0.156250
vt 0.453125 0.125000
vt 0.437500 0.156250
vt 0.453125 0.562500
vt 0.453125 0.593750
vt 0.437500 0.593750
vt 0.421875 0.750000
vt 0.421875 0.781250
vt 0.406250 0.812500
vt 0.406250 0.781250
vt 0.406250 0.750000
vt 0.421875 0.281250
vt 0.421875 0.250000
vt 0.421875 0.312500
vt 0.406250 0.281250
vt 0.406250 0.250000
vt 0.421875 0.687500
vt 0.421875 0.718750
vt 0.406250 0.718750
vt 0.406250 0.687500
vt 0.421875 0.218750
vt 0.421875 0.187500
vt 0.406250 0.218750
vt 0.406250 0.187500
vt 0.421875 0.625000
vt 0.421875 0.656250
vt 0.406250 0.656250
vt 0.406250 0.625000
vt 0.421875 0.156250
vt 0.421875 0.125000
vt 0.406250 0.156250
vt 0.406250 0.125000
vt 0.421875 0.562500
vt 0.421875 0.593750
vt 0.406250 0.593750
vt 0.406250 0.562500
vt 0.421875 0.064815
vt 0.421875 0.094039
vt 0.406250 0.093895
vt 0.406250 0.062500
vt 0.421875 0.500000
vt 0.421875 0.531250
vt 0.406250 0.531250
vt 0.406250 0.500000
vt 0.421875 0.957899
vt 0.421875 0.935185
vt 0.414063 0.968750
vt 0.429688 0.968750
vt 0.421875 1.000000
vt 0.406250 0.937500
vt 0.429688 0.031250
vt 0.414063 0.031250
vt 0.421875 0.000000
vt 0.421875 0.042101
vt 0.421875 0.468750
vt 0.421875 0.437500
vt 0.406250 0.468750
vt 0.406250 0.437500
vt 0.421875 0.905961
vt 0.421875 0.875000
vt 0.406250 0.906105
vt 0.406250 0.875000
vt 0.421875 0.406250
vt 0.421875 0.375000
vt 0.406250 0.406250
vt 0.406250 0.375000
vt 0.421875 0.812500
vt 0.421875 0.843750
vt 0.406250 0.843750
vt 0.421875 0.343750
vt 0.406250 0.343750
vt 0.406250 0.312500
vt 0.390625 0.500000
vt 0.390625 0.531250
vt 0.375000 0.562500
vt 0.375000 0.531250
vt 0.375000 0.500000
vt 0.390625 0.957899
vt 0.390625 0.935185
vt 0.382813 0.968750
vt 0.398438 0.968750
vt 0.390625 1.000000
vt 0.375000 0.937500
vt 0.398438 0.031250
vt 0.382813 0.031250
vt 0.390625 0.000000
vt 0.390625 0.042101
vt 0.375000 0.062500
vt 0.390625 0.064815
vt 0.390625 0.468750
vt 0.390625 0.437500
vt 0.375000 0.468750
vt 0.375000 0.437500
vt 0.390625 0.905961
vt 0.390625 0.875000
vt 0.375000 0.906105
vt 0.375000 0.875000
vt 0.390625 0.406250
vt 0.390625 0.375000
vt 0.375000 0.406250
vt 0.375000 0.375000
vt 0.390625 0.812500
vt 0.390625 0.843750
vt 0.375000 0.843750
vt 0.375000 0.812500
vt 0.390625 0.343750
vt 0.390625 0.312500
vt 0.375000 0.343750
vt 0.375000 0.312500
vt 0.390625 0.750000
vt 0.390625 0.781250
vt 0.375000 0.781250
vt 0.375000 0.750000
vt 0.390625 0.281250
vt 0.390625 0.250000
vt 0.375000 0.281250
vt 0.375000 0.250000
vt 0.390625 0.687500
vt 0.390625 0.718750
vt 0.375000 0.718750
vt 0.375000 0.687500
vt 0.390625 0.218750
vt 0.390625 0.187500
vt 0.375000 0.218750
vt 0.375000 0.187500
vt 0.390625 0.625000
vt 0.390625 0.656250
vt 0.375000 0.656250
vt 0.375000 0.625000
vt 0.390625 0.156250
vt 0.390625 0.125000
vt 0.375000 0.156250
vt 0.375000 0.125000
vt 0.390625 0.562500
vt 0.390625 0.593750
vt 0.375000 0.593750
vt 0.390625 0.094039
vt 0.375000 0.093895
vt 0.359375 0.281250
vt 0.359375 0.250000
vt 0.359375 0.312500
vt 0.343750 0.281250
vt 0.343750 0.250000
vt 0.359375 0.687500
vt 0.359375 0.718750
vt 0.343750 0.750000
vt 0.343750 0.718750
vt 0.343750 0.687500
vt 0.359375 0.218750
vt 0.359375 0.187500
vt 0.343750 0.218750
vt 0.343750 0.187500
vt 0.359375 0.625000
vt 0.359375 0.656250
vt 0.343750 0.656250
vt 0.343750 0.625000
vt 0.359375 0.156250
vt 0.359375 0.125000
vt 0.343750 0.156250
vt 0.343750 0.125000
vt 0.359375 0.562500
vt 0.359375 0.593750
vt 0.343750 0.593750
vt 0.343750 0.562500
vt 0.359375 0.064815
vt 0.359375 0.094039
vt 0.343750 0.093895
vt 0.343750 0.062500
vt 0.359375 0.500000
vt 0.359375 0.531250
vt 0.343750 0.531250
vt 0.343750 0.500000
vt 0.359375 0.957899
vt 0.359375 0.935185
vt 0.351563 0.968750
vt 0.367188 0.968750
vt 0.359375 1.000000
vt 0.343750 0.937500
vt 0.367188 0.031250
vt 0.351563 0.031250
vt 0.359375 0.000000
vt 0.359375 0.042101
vt 0.359375 0.468750
vt 0.359375 0.437500
vt 0.343750 0.468750
vt 0.343750 0.437500
vt 0.359375 0.905961
vt 0.359375 0.875000
vt 0.343750 0.906105
vt 0.343750 0.875000
vt 0.359375 0.406250
vt 0.359375 0.375000
vt 0.343750 0.406250
vt 0.343750 0.375000
vt 0.359375 0.812500
vt 0.359375 0.843750
vt 0.343750 0.843750
vt 0.343750 0.812500
vt 0.359375 0.343750
vt 0.343750 0.343750
vt 0.343750 0.312500
vt 0.359375 0.750000
vt 0.359375 0.781250
vt 0.343750 0.781250
vt 0.328125 0.957899
vt 0.328125 0.935185
vt 0.320313 0.968750
vt 0.335938 0.968750
vt 0.328125 1.000000
vt 0.312500 0.937500
vt 0.335938 0.031250
vt 0.320313 0.031250
vt 0.328125 0.000000
vt 0.328125 0.042101
vt 0.312500 0.062500
vt 0.328125 0.064815
vt 0.328125 0.468750
vt 0.328125 0.437500
vt 0.328125 0.500000
vt 0.312500 0.468750
vt 0.312500 0.437500
vt 0.328125 0.905961
vt 0.328125 0.875000
vt 0.312500 0.906105
vt 0.312500 0.875000
vt 0.328125 0.406250
vt 0.328125 0.375000
vt 0.312500 0.406250
vt 0.312500 0.375000
vt 0.328125 0.812500
vt 0.328125 0.843750
vt 0.312500 0.843750
vt 0.312500 0.812500
vt 0.328125 0.343750
vt 0.328125 0.312500
vt 0.312500 0.343750
vt 0.312500 0.312500
vt 0.328125 0.750000
vt 0.328125 0.781250
vt 0.312500 0.781250
vt 0.312500 0.750000
vt 0.328125 0.281250
vt 0.328125 0.250000
vt 0.312500 0.281250
vt 0.312500 0.250000
vt 0.328125 0.687500
vt 0.328125 0.718750
vt 0.312500 0.718750
vt 0.312500 0.687500
vt 0.328125 0.218750
vt 0.328125 0.187500
vt 0.312500 0.218750
vt 0.312500 0.187500
vt 0.328125 0.625000
vt 0.328125 0.656250
vt 0.312500 0.656250
vt 0.312500 0.625000
vt 0.328125 0.156250
vt 0.328125 0.125000
vt 0.312500 0.156250
vt 0.312500 0.125000
vt 0.328125 0.562500
vt 0.328125 0.593750
vt 0.312500 0.593750
vt 0.312500 0.562500
vt 0.328125 0.094039
vt 0.312500 0.093895
vt 0.328125 0.531250
vt 0.312500 0.531250
vt 0.312500 0.500000
vt 0.296875 0.687500
vt 0.296875 0.718750
vt 0.281250 0.750000
vt 0.281250 0.718750
vt 0.281250 0.687500
vt 0.296875 0.218750
vt 0.296875 0.187500
vt 0.296875 0.250000
vt 0.281250 0.218750
vt 0.281250 0.187500
vt 0.296875 0.625000
vt 0.296875 0.656250
vt 0.281250 0.656250
vt 0.281250 0.625000
vt 0.296875 0.156250
vt 0.296875 0.125000
vt 0.281250 0.156250
vt 0.281250 0.125000
vt 0.296875 0.562500
vt 0.296875 0.593750
vt 0.281250 0.593750
vt 0.281250 0.562500
vt 0.296875 0.064815
vt 0.296875 0.094039
vt 0.281250 0.093895
vt 0.281250 0.062500
vt 0.296875 0.500000
vt 0.296875 0.531250
vt 0.281250 0.531250
vt 0.281250 0.500000
vt 0.296875 0.957899
vt 0.296875 0.935185
vt 0.289063 0.968750
vt 0.304688 0.968750
vt 0.296875 1.000000
vt 0.281250 0.937500
vt 0.304688 0.031250
vt 0.289063 0.031250
vt 0.296875 0.000000
vt 0.296875 0.042101
vt 0.296875 0.468750
vt 0.296875 0.437500
vt 0.281250 0.468750
vt 0.281250 0.437500
vt 0.296875 0.905961
vt 0.296875 0.875000
vt 0.281250 0.906105
vt 0.281250 0.875000
vt 0.296875 0.406250
vt 0.296875 0.375000
vt 0.281250 0.406250
vt 0.281250 0.375000
vt 0.296875 0.812500
vt 0.296875 0.843750
vt 0.281250 0.843750
vt 0.281250 0.812500
vt 0.296875 0.343750
vt 0.296875 0.312500
vt 0.281250 0.343750
vt 0.281250 0.312500
vt 0.296875 0.750000
vt 0.296875 0.781250
vt 0.281250 0.781250
vt 0.296875 0.281250
vt 0.281250 0.281250
vt 0.281250 0.250000
vt 0.265625 0.468750
vt 0.265625 0.437500
vt 0.265625 0.500000
vt 0.250000 0.468750
vt 0.250000 0.437500
vt 0.265625 0.905961
vt 0.265625 0.875000
vt 0.265625 0.935185
vt 0.250000 0.906105
vt 0.250000 0.875000
vt 0.265625 0.406250
vt 0.265625 0.375000
vt 0.250000 0.406250
vt 0.250000 0.375000
vt 0.265625 0.812500
vt 0.265625 0.843750
vt 0.250000 0.843750
vt 0.250000 0.812500
vt 0.265625 0.343750
vt 0.265625 0.312500
vt 0.250000 0.343750
vt 0.250000 0.312500
vt 0.265625 0.750000
vt 0.265625 0.781250
vt 0.250000 0.781250
vt 0.250000 0.750000
vt 0.265625 0.281250
vt 0.265625 0.250000
vt 0.250000 0.281250
vt 0.250000 0.250000
vt 0.265625 0.687500
vt 0.265625 0.718750
vt 0.250000 0.718750
vt 0.250000 0.687500
vt 0.265625 0.218750
vt 0.265625 0.187500
vt 0.250000 0.218750
vt 0.250000 0.187500
vt 0.265625 0.625000
vt 0.265625 0.656250
vt 0.250000 0.656250
vt 0.250000 0.625000
vt 0.265625 0.156250
vt 0.265625 0.125000
vt 0.250000 0.156250
vt 0.250000 0.125000
vt 0.265625 0.562500
vt 0.265625 0.593750
vt 0.250000 0.593750
vt 0.250000 0.562500
vt 0.265625 0.064815
vt 0.265625 0.094039
vt 0.250000 0.093895
vt 0.250000 0.062500
vt 0.265625 0.531250
vt 0.250000 0.531250
vt 0.250000 0.500000
vt 0.265625 0.957899
vt 0.257813 0.968750
vt 0.273438 0.968750
vt 0.265625 1.000000
vt 0.250000 0.937500
vt 0.273438 0.031250
vt 0.257813 0.031250
vt 0.265625 0.000000
vt 0.265625 0.042101
vt 0.234375 0.218750
vt 0.234375 0.187500
vt 0.234375 0.250000
vt 0.218750 0.218750
vt 0.218750 0.187500
vt 0.234375 0.625000
vt 0.234375 0.656250
vt 0.218750 0.687500
vt 0.218750 0.656250
vt 0.218750 0.625000
vt 0.234375 0.156250
vt 0.234375 0.125000
vt 0.218750 0.156250
vt 0.218750 0.125000
vt 0.234375 0.562500
vt 0.234375 0.593750
vt 0.218750 0.593750
vt 0.218750 0.562500
vt 0.234375 0.064815
vt 0.234375 0.094039
vt 0.218750 0.093895
vt 0.218750 0.062500
vt 0.234375 0.500000
vt 0.234375 0.531250
vt 0.218750 0.531250
vt 0.218750 0.500000
vt 0.234375 0.957899
vt 0.234375 0.935185
vt 0.226563 0.968750
vt 0.242188 0.968750
vt 0.234375 1.000000
vt 0.218750 0.937500
vt 0.242188 0.031250
vt 0.226563 0.031250
vt 0.234375 0.000000
vt 0.234375 0.042101
vt 0.234375 0.468750
vt 0.234375 0.437500
vt 0.218750 0.468750
vt 0.218750 0.437500
vt 0.234375 0.905961
vt 0.234375 0.875000
vt 0.218750 0.906105
vt 0.218750 0.875000
vt 0.234375 0.406250
vt 0.234375 0.375000
vt 0.218750 0.406250
vt 0.218750 0.375000
vt 0.234375 0.812500
vt 0.234375 0.843750
vt 0.218750 0.843750
vt 0.218750 0.812500
vt 0.234375 0.343750
vt 0.234375 0.312500
vt 0.218750 0.343750
vt 0.218750 0.312500
vt 0.234375 0.750000
vt 0.234375 0.781250
vt 0.218750 0.781250
vt 0.218750 0.750000
vt 0.234375 0.281250
vt 0.218750 0.281250
vt 0.218750 0.250000
vt 0.234375 0.687500
vt 0.234375 0.718750
vt 0.218750 0.718750
vt 0.203125 0.406250
vt 0.203125 0.375000
vt 0.203125 0.437500
vt 0.187500 0.406250
vt 0.187500 0.375000
vt 0.203125 0.812500
vt 0.203125 0.843750
vt 0.187500 0.875000
vt 0.187500 0.843750
vt 0.187500 0.812500
vt 0.203125 0.343750
vt 0.203125 0.312500
vt 0.187500 0.343750
vt 0.187500 0.312500
vt 0.203125 0.750000
vt 0.203125 0.781250
vt 0.187500 0.781250
vt 0.187500 0.750000
vt 0.203125 0.281250
vt 0.203125 0.250000
vt 0.187500 0.281250
vt 0.187500 0.250000
vt 0.203125 0.687500
vt 0.203125 0.718750
vt 0.187500 0.718750
vt 0.187500 0.687500
vt 0.203125 0.218750
vt 0.203125 0.187500
vt 0.187500 0.218750
vt 0.187500 0.187500
vt 0.203125 0.625000
vt 0.203125 0.656250
vt 0.187500 0.656250
vt 0.187500 0.625000
vt 0.203125 0.156250
vt 0.203125 0.125000
vt 0.187500 0.156250
vt 0.187500 0.125000
vt 0.203125 0.562500
vt 0.203125 0.593750
vt 0.187500 0.593750
vt 0.187500 0.562500
vt 0.203125 0.064815
vt 0.203125 0.094039
vt 0.187500 0.093895
vt 0.187500 0.062500
vt 0.203125 0.500000
vt 0.203125 0.531250
vt 0.187500 0.531250
vt 0.187500 0.500000
vt 0.203125 0.957899
vt 0.203125 0.935185
vt 0.195313 0.968750
vt 0.210938 0.968750
vt 0.203125 1.000000
vt 0.187500 0.937500
vt 0.210938 0.031250
vt 0.195313 0.031250
vt 0.203125 0.000000
vt 0.203125 0.042101
vt 0.203125 0.468750
vt 0.187500 0.468750
vt 0.187500 0.437500
vt 0.203125 0.905961
vt 0.203125 0.875000
vt 0.187500 0.906105
vt 0.171875 0.156250
vt 0.171875 0.125000
vt 0.171875 0.187500
vt 0.156250 0.156250
vt 0.156250 0.125000
vt 0.171875 0.562500
vt 0.171875 0.593750
vt 0.156250 0.625000
vt 0.156250 0.593750
vt 0.156250 0.562500
vt 0.171875 0.064815
vt 0.171875 0.094039
vt 0.156250 0.093895
vt 0.156250 0.062500
vt 0.171875 0.500000
vt 0.171875 0.531250
vt 0.156250 0.531250
vt 0.156250 0.500000
vt 0.171875 0.957899
vt 0.171875 0.935185
vt 0.164063 0.968750
vt 0.179688 0.968750
vt 0.171875 1.000000
vt 0.156250 0.937500
vt 0.179688 0.031250
vt 0.164063 0.031250
vt 0.171875 0.000000
vt 0.171875 0.042101
vt 0.171875 0.468750
vt 0.171875 0.437500
vt 0.156250 0.468750
vt 0.156250 0.437500
vt 0.171875 0.905961
vt 0.171875 0.875000
vt 0.156250 0.906105
vt 0.156250 0.875000
vt 0.171875 0.406250
vt 0.171875 0.375000
vt 0.156250 0.406250
vt 0.156250 0.375000
vt 0.171875 0.812500
vt 0.171875 0.843750
vt 0.156250 0.843750
vt 0.156250 0.812500
vt 0.171875 0.343750
vt 0.171875 0.312500
vt 0.156250 0.343750
vt 0.156250 0.312500
vt 0.171875 0.750000
vt 0.171875 0.781250
vt 0.156250 0.781250
vt 0.156250 0.750000
vt 0.171875 0.281250
vt 0.171875 0.250000
vt 0.156250 0.281250
vt 0.156250 0.250000
vt 0.171875 0.687500
vt 0.171875 0.718750
vt 0.156250 0.718750
vt 0.156250 0.687500
vt 0.171875 0.218750
vt 0.156250 0.218750
vt 0.156250 0.187500
vt 0.171875 0.625000
vt 0.171875 0.656250
vt 0.156250 0.656250
vt 0.140625 0.812500
vt 0.140625 0.843750
vt 0.125000 0.875000
vt 0.125000 0.843750
vt 0.125000 0.812500
vt 0.140625 0.343750
vt 0.140625 0.312500
vt 0.140625 0.375000
vt 0.125000 0.343750
vt 0.125000 0.312500
vt 0.140625 0.750000
vt 0.140625 0.781250
vt 0.125000 0.781250
vt 0.125000 0.750000
vt 0.140625 0.281250
vt 0.140625 0.250000
vt 0.125000 0.281250
vt 0.125000 0.250000
vt 0.140625 0.687500
vt 0.140625 0.718750
vt 0.125000 0.718750
vt 0.125000 0.687500
vt 0.140625 0.218750
vt 0.140625 0.187500
vt 0.125000 0.218750
vt 0.125000 0.187500
vt 0.140625 0.625000
vt 0.140625 0.656250
vt 0.125000 0.656250
vt 0.125000 0.625000
vt 0.140625 0.156250
vt 0.140625 0.125000
vt 0.125000 0.156250
vt 0.125000 0.125000
vt 0.140625 0.562500
vt 0.140625 0.593750
vt 0.125000 0.593750
vt 0.125000 0.562500
vt 0.140625 0.064815
vt 0.140625 0.094039
vt 0.125000 0.093895
vt 0.125000 0.062500
vt 0.140625 0.500000
vt 0.140625 0.531250
vt 0.125000 0.531250
vt 0.125000 0.500000
vt 0.140625 0.957899
vt 0.140625 0.935185
vt 0.132813 0.968750
vt 0.148438 0.968750
vt 0.140625 1.000000
vt 0.125000 0.937500
vt 0.148438 0.031250
vt 0.132813 0.031250
vt 0.140625 0.000000
vt 0.140625 0.042101
vt 0.140625 0.468750
vt 0.140625 0.437500
vt 0.125000 0.468750
vt 0.125000 0.437500
vt 0.140625 0.905961
vt 0.140625 0.875000
vt 0.125000 0.906105
vt 0.140625 0.406250
vt 0.125000 0.406250
vt 0.125000 0.375000
vt 0.109375 0.562500
vt 0.109375 0.593750
vt 0.093750 0.625000
vt 0.093750 0.593750
vt 0.093750 0.562500
vt 0.109375 0.064815
vt 0.109375 0.094039
vt 0.093750 0.125000
vt 0.093750 0.093895
vt 0.093750 0.062500
vt 0.109375 0.500000
vt 0.109375 0.531250
vt 0.093750 0.531250
vt 0.093750 0.500000
vt 0.109375 0.957899
vt 0.109375 0.935185
vt 0.101563 0.968750
vt 0.117188 0.968750
vt 0.109375 1.000000
vt 0.093750 0.937500
vt 0.117188 0.031250
vt 0.101563 0.031250
vt 0.109375 0.000000
vt 0.109375 0.042101
vt 0.109375 0.468750
vt 0.109375 0.437500
vt 0.093750 0.468750
vt 0.093750 0.437500
vt 0.109375 0.905961
vt 0.109375 0.875000
vt 0.093750 0.906105
vt 0.093750 0.875000
vt 0.109375 0.406250
vt 0.109375 0.375000
vt 0.093750 0.406250
vt 0.093750 0.375000
vt 0.109375 0.812500
vt 0.109375 0.843750
vt 0.093750 0.843750
vt 0.093750 0.812500
vt 0.109375 0.343750
vt 0.109375 0.312500
vt 0.093750 0.343750
vt 0.093750 0.312500
vt 0.109375 0.750000
vt 0.109375 0.781250
vt 0.093750 0.781250
vt 0.093750 0.750000
vt 0.109375 0.281250
vt 0.109375 0.250000
vt 0.093750 0.281250
vt 0.093750 0.250000
vt 0.109375 0.687500
vt 0.109375 0.718750
vt 0.093750 0.718750
vt 0.093750 0.687500
vt 0.109375 0.218750
vt 0.109375 0.187500
vt 0.093750 0.218750
vt 0.093750 0.187500
vt 0.109375 0.625000
vt 0.109375 0.656250
vt 0.093750 0.656250
vt 0.109375 0.156250
vt 0.109375 0.125000
vt 0.093750 0.156250
vt 0.078125 0.343750
vt 0.078125 0.312500
vt 0.078125 0.375000
vt 0.062500 0.343750
vt 0.062500 0.312500
vt 0.078125 0.750000
vt 0.078125 0.781250
vt 0.062500 0.812500
vt 0.062500 0.781250
vt 0.062500 0.750000
vt 0.078125 0.281250
vt 0.078125 0.250000
vt 0.062500 0.281250
vt 0.062500 0.250000
vt 0.078125 0.687500
vt 0.078125 0.718750
vt 0.062500 0.718750
vt 0.062500 0.687500
vt 0.078125 0.218750
vt 0.078125 0.187500
vt 0.062500 0.218750
vt 0.062500 0.187500
vt 0.078125 0.625000
vt 0.078125 0.656250
vt 0.062500 0.656250
vt 0.062500 0.625000
vt 0.078125 0.156250
vt 0.078125 0.125000
vt 0.062500 0.156250
vt 0.062500 0.125000
vt 0.078125 0.562500
vt 0.078125 0.593750
vt 0.062500 0.593750
vt 0.062500 0.562500
vt 0.078125 0.064815
vt 0.078125 0.094039
vt 0.062500 0.093895
vt 0.062500 0.062500
vt 0.078125 0.500000
vt 0.078125 0.531250
vt 0.062500 0.531250
vt 0.062500 0.500000
vt 0.078125 0.957899
vt 0.078125 0.935185
vt 0.070313 0.968750
vt 0.085938 0.968750
vt 0.078125 1.000000
vt 0.062500 0.937500
vt 0.085938 0.031250
vt 0.070313 0.031250
vt 0.078125 0.000000
vt 0.078125 0.042101
vt 0.078125 0.468750
vt 0.078125 0.437500
vt 0.062500 0.468750
vt 0.062500 0.437500
vt 0.078125 0.905961
vt 0.078125 0.875000
vt 0.062500 0.906105
vt 0.062500 0.875000
vt 0.078125 0.406250
vt 0.062500 0.406250
vt 0.062500 0.375000
vt 0.078125 0.812500
vt 0.078125 0.843750
vt 0.062500 0.843750
vt 0.046875 0.064815
vt 0.046875 0.094039
vt 0.031250 0.125000
vt 0.031250 0.093895
vt 0.031250 0.062500
vt 0.046875 0.500000
vt 0.046875 0.531250
vt 0.031250 0.562500
vt 0.031250 0.531250
vt 0.031250 0.500000
vt 0.046875 0.957899
vt 0.046875 0.935185
vt 0.039062 0.968750
vt 0.054687 0.968750
vt 0.046875 1.000000
vt 0.031250 0.937500
vt 0.054687 0.031250
vt 0.039062 0.031250
vt 0.046875 0.000000
vt 0.046875 0.042101
vt 0.046875 0.468750
vt 0.046875 0.437500
vt 0.031250 0.468750
vt 0.031250 0.437500
vt 0.046875 0.905961
vt 0.046875 0.875000
vt 0.031250 0.906105
vt 0.031250 0.875000
vt 0.046875 0.406250
vt 0.046875 0.375000
vt 0.031250 0.406250
vt 0.031250 0.375000
vt 0.046875 0.812500
vt 0.046875 0.843750
vt 0.031250 0.843750
vt 0.031250 0.812500
vt 0.046875 0.343750
vt 0.046875 0.312500
vt 0.031250 0.343750
vt 0.031250 0.312500
vt 0.046875 0.750000
vt 0.046875 0.781250
vt 0.031250 0.781250
vt 0.031250 0.750000
vt 0.046875 0.281250
vt 0.046875 0.250000
vt 0.031250 0.281250
vt 0.031250 0.250000
vt 0.046875 0.687500
vt 0.046875 0.718750
vt 0.031250 0.718750
vt 0.031250 0.687500
vt 0.046875 0.218750
vt 0.046875 0.187500
vt 0.031250 0.218750
vt 0.031250 0.187500
vt 0.046875 0.625000
vt 0.046875 0.656250
vt 0.031250 0.656250
vt 0.031250 0.625000
vt 0.046875 0.156250
vt 0.046875 0.125000
vt 0.031250 0.156250
vt 0.046875 0.562500
vt 0.046875 0.593750
vt 0.031250 0.593750
vt 0.015625 0.750000
vt 0.015625 0.781250
vt 0.000000 0.812500
vt 0.000000 0.781250
vt 0.000000 0.750000
vt 0.015625 0.281250
vt 0.015625 0.250000
vt 0.015625 0.312500
vt 0.000000 0.281250
vt 0.000000 0.250000
vt 0.015625 0.687500
vt 0.015625 0.718750
vt 0.000000 0.718750
vt 0.000000 0.687500
vt 0.015625 0.218750
vt 0.015625 0.187500
vt 0.000000 0.218750
vt 0.000000 0.187500
vt 0.015625 0.625000
vt 0.015625 0.656250
vt 0.000000 0.656250
vt 0.000000 0.625000
vt 0.015625 0.156250
vt 0.015625 0.125000
vt 0.000000 0.156250
vt 0.000000 0.125000
vt 0.015625 0.562500
vt 0.015625 0.593750
vt 0.000000 0.593750
vt 0.000000 0.562500
vt 0.015625 0.064815
vt 0.015625 0.094039
vt 0.000000 0.093750
vt 0.000000 0.062500
vt 0.015625 0.500000
vt 0.015625 0.531250
vt 0.000000 0.531250
vt 0.000000 0.500000
vt 0.015625 0.957899
vt 0.015625 0.935185
vt 0.007813 0.968750
vt 0.023438 0.968750
vt 0.015625 1.000000
vt 0.000000 0.937500
vt 0.023438 0.031250
vt 0.007813 0.031250
vt 0.015625 0.000000
vt 0.015625 0.042101
vt 0.015625 0.468750
vt 0.015625 0.437500
vt 0.000000 0.468750
vt 0.000000 0.437500
vt 0.015625 0.905961
vt 0.015625 0.875000
vt 0.000000 0.906250
vt 0.000000 0.875000
vt 0.015625 0.406250
vt 0.015625 0.375000
vt 0.000000 0.406250
vt 0.000000 0.375000
vt 0.015625 0.812500
vt 0.015625 0.843750
vt 0.000000 0.843750
vt 0.015625 0.343750
vt 0.000000 0.343750
vt 0.000000 0.312500
vt 1.000000 0.531250
vt 0.984375 0.500000
vt 1.000000 0.500000
vt 1.000000 0.562500
vt 0.984375 0.531250
vt 0.968750 0.562500
vt 0.968750 0.531250
vt 0.968750 0.500000
vt 1.000000 0.937500
vt 0.984375 0.957899
vt 0.984375 0.935185
vt 0.976563 0.968750
vt 0.992188 0.968750
vt 0.984375 1.000000
vt 0.968750 0.937500
vt 0.992188 0.031250
vt 0.976563 0.031250
vt 0.984375 0.000000
vt 1.000000 0.062500
vt 0.984375 0.042101
vt 0.968750 0.062500
vt 0.984375 0.064815
vt 1.000000 0.437500
vt 0.984375 0.468750
vt 0.984375 0.437500
vt 1.000000 0.468750
vt 0.968750 0.468750
vt 0.968750 0.437500
vt 1.000000 0.875000
vt 0.984375 0.905961
vt 0.984375 0.875000
vt 1.000000 0.906250
vt 0.968750 0.906105
vt 0.968750 0.875000
vt 1.000000 0.375000
vt 0.984375 0.406250
vt 0.984375 0.375000
vt 1.000000 0.406250
vt 0.968750 0.406250
vt 0.968750 0.375000
vt 1.000000 0.843750
vt 0.984375 0.812500
vt 1.000000 0.812500
vt 0.984375 0.843750
vt 0.968750 0.843750
vt 0.968750 0.812500
vt 1.000000 0.312500
vt 0.984375 0.343750
vt 0.984375 0.312500
vt 1.000000 0.343750
vt 0.968750 0.343750
vt 0.968750 0.312500
vt 1.000000 0.781250
vt 0.984375 0.750000
vt 1.000000 0.750000
vt 0.984375 0.781250
vt 0.968750 0.781250
vt 0.968750 0.750000
vt 1.000000 0.250000
vt 0.984375 0.281250
vt 0.984375 0.250000
vt 1.000000 0.281250
vt 0.968750 0.281250
vt 0.968750 0.250000
vt 1.000000 0.718750
vt 0.984375 0.687500
vt 1.000000 0.687500
vt 0.984375 0.718750
vt 0.968750 0.718750
vt 0.968750 0.687500
vt 1.000000 0.187500
vt 0.984375 0.218750
vt 0.984375 0.187500
vt 1.000000 0.218750
vt 0.968750 0.218750
vt 0.968750 0.187500
vt 1.000000 0.656250
vt 0.984375 0.625000
vt 1.000000 0.625000
vt 0.984375 0.656250
vt 0.968750 0.656250
vt 0.968750 0.625000
vt 1.000000 0.125000
vt 0.984375 0.156250
vt 0.984375 0.125000
vt 1.000000 0.156250
vt 0.968750 0.156250
vt 0.968750 0.125000
vt 1.000000 0.593750
vt 0.984375 0.562500
vt 0.984375 0.593750
vt 0.968750 0.593750
vt 1.000000 0.093750
vt 0.984375 0.094039
vt 0.968750 0.093895
vt 0.953125 0.281250
vt 0.953125 0.250000
vt 0.953125 0.312500
vt 0.937500 0.281250
vt 0.937500 0.250000
vt 0.953125 0.687500
vt 0.953125 0.718750
vt 0.937500 0.750000
vt 0.937500 0.718750
vt 0.937500 0.687500
vt 0.953125 0.218750
vt 0.953125 0.187500
vt 0.937500 0.218750
vt 0.937500 0.187500
vt 0.953125 0.625000
vt 0.953125 0.656250
vt 0.937500 0.656250
vt 0.937500 0.625000
vt 0.953125 0.156250
vt 0.953125 0.125000
vt 0.937500 0.156250
vt 0.937500 0.125000
vt 0.953125 0.562500
vt 0.953125 0.593750
vt 0.937500 0.593750
vt 0.937500 0.562500
vt 0.953125 0.064815
vt 0.953125 0.094039
vt 0.937500 0.093895
vt 0.937500 0.062500
vt 0.953125 0.500000
vt 0.953125 0.531250
vt 0.937500 0.531250
vt 0.937500 0.500000
vt 0.953125 0.957899
vt 0.953125 0.935185
vt 0.945313 0.968750
vt 0.960938 0.968750
vt 0.953125 1.000000
vt 0.937500 0.937500
vt 0.960938 0.031250
vt 0.945313 0.031250
vt 0.953125 0.000000
vt 0.953125 0.042101
vt 0.953125 0.468750
vt 0.953125 0.437500
vt 0.937500 0.468750
vt 0.937500 0.437500
vt 0.953125 0.905961
vt 0.953125 0.875000
vt 0.937500 0.906105
vt 0.937500 0.875000
vt 0.953125 0.406250
vt 0.953125 0.375000
vt 0.937500 0.406250
vt 0.937500 0.375000
vt 0.953125 0.812500
vt 0.953125 0.843750
vt 0.937500 0.843750
vt 0.937500 0.812500
vt 0.953125 0.343750
vt 0.937500 0.343750
vt 0.937500 0.312500
vt 0.953125 0.750000
vt 0.953125 0.781250
vt 0.937500 0.781250
vt 0.929688 0.031250
vt 0.914063 0.031250
vt 0.921875 0.000000
vt 0.921875 0.042101
vt 0.906250 0.062500
vt 0.921875 0.064815
vt 0.921875 0.468750
vt 0.921875 0.437500
vt 0.921875 0.500000
vt 0.906250 0.468750
vt 0.906250 0.437500
vt 0.921875 0.905961
vt 0.921875 0.875000
vt 0.921875 0.935185
vt 0.906250 0.906105
vt 0.906250 0.875000
vt 0.921875 0.406250
vt 0.921875 0.375000
vt 0.906250 0.406250
vt 0.906250 0.375000
vt 0.921875 0.812500
vt 0.921875 0.843750
vt 0.906250 0.843750
vt 0.906250 0.812500
vt 0.921875 0.343750
vt 0.921875 0.312500
vt 0.906250 0.343750
vt 0.906250 0.312500
vt 0.921875 0.750000
vt 0.921875 0.781250
vt 0.906250 0.781250
vt 0.906250 0.750000
vt 0.921875 0.281250
vt 0.921875 0.250000
vt 0.906250 0.281250
vt 0.906250 0.250000
vt 0.921875 0.687500
vt 0.921875 0.718750
vt 0.906250 0.718750
vt 0.906250 0.687500
vt 0.921875 0.218750
vt 0.921875 0.187500
vt 0.906250 0.218750
vt 0.906250 0.187500
vt 0.921875 0.625000
vt 0.921875 0.656250
vt 0.906250 0.656250
vt 0.906250 0.625000
vt 0.921875 0.156250
vt 0.921875 0.125000
vt 0.906250 0.156250
vt 0.906250 0.125000
vt 0.921875 0.562500
vt 0.921875 0.593750
vt 0.906250 0.593750
vt 0.906250 0.562500
vt 0.921875 0.094039
vt 0.906250 0.093895
vt 0.921875 0.531250
vt 0.906250 0.531250
vt 0.906250 0.500000
vt 0.921875 0.957899
vt 0.914063 0.968750
vt 0.929688 0.968750
vt 0.921875 1.000000
vt 0.906250 0.937500
vt 0.890625 0.218750
vt 0.890625 0.187500
vt 0.890625 0.250000
vt 0.875000 0.218750
vt 0.875000 0.187500
vt 0.890625 0.625000
vt 0.890625 0.656250
vt 0.875000 0.687500
vt 0.875000 0.656250
vt 0.875000 0.625000
vt 0.890625 0.156250
vt 0.890625 0.125000
vt 0.875000 0.156250
vt 0.875000 0.125000
vt 0.890625 0.562500
vt 0.890625 0.593750
vt 0.875000 0.593750
vt 0.875000 0.562500
vt 0.890625 0.064815
vt 0.890625 0.094039
vt 0.875000 0.093895
vt 0.875000 0.062500
vt 0.890625 0.500000
vt 0.890625 0.531250
vt 0.875000 0.531250
vt 0.875000 0.500000
vt 0.890625 0.957899
vt 0.890625 0.935185
vt 0.882813 0.968750
vt 0.898438 0.968750
vt 0.890625 1.000000
vt 0.875000 0.937500
vt 0.898438 0.031250
vt 0.882813 0.031250
vt 0.890625 0.000000
vt 0.890625 0.042101
vt 0.890625 0.468750
vt 0.890625 0.437500
vt 0.875000 0.468750
vt 0.875000 0.437500
vt 0.890625 0.905961
vt 0.890625 0.875000
vt 0.875000 0.906105
vt 0.875000 0.875000
vt 0.890625 0.406250
vt 0.890625 0.375000
vt 0.875000 0.406250
vt 0.875000 0.375000
vt 0.890625 0.812500
vt 0.890625 0.843750
vt 0.875000 0.843750
vt 0.875000 0.812500
vt 0.890625 0.343750
vt 0.890625 0.312500
vt 0.875000 0.343750
vt 0.875000 0.312500
vt 0.890625 0.750000
vt 0.890625 0.781250
vt 0.875000 0.781250
vt 0.875000 0.750000
vt 0.890625 0.281250
vt 0.875000 0.281250
vt 0.875000 0.250000
vt 0.890625 0.687500
vt 0.890625 0.718750
vt 0.875000 0.718750
vt 0.859375 0.905961
vt 0.859375 0.875000
vt 0.859375 0.935185
vt 0.843750 0.906105
vt 0.843750 0.875000
vt 0.859375 0.406250
vt 0.859375 0.375000
vt 0.859375 0.437500
vt 0.843750 0.406250
vt 0.843750 0.375000
vt 0.859375 0.812500
vt 0.859375 0.843750
vt 0.843750 0.843750
vt 0.843750 0.812500
vt 0.859375 0.343750
vt 0.859375 0.312500
vt 0.843750 0.343750
vt 0.843750 0.312500
vt 0.859375 0.750000
vt 0.859375 0.781250
vt 0.843750 0.781250
vt 0.843750 0.750000
vt 0.859375 0.281250
vt 0.859375 0.250000
vt 0.843750 0.281250
vt 0.843750 0.250000
vt 0.859375 0.687500
vt 0.859375 0.718750
vt 0.843750 0.718750
vt 0.843750 0.687500
vt 0.859375 0.218750
vt 0.859375 0.187500
vt 0.843750 0.218750
vt 0.843750 0.187500
vt 0.859375 0.625000
vt 0.859375 0.656250
vt 0.843750 0.656250
vt 0.843750 0.625000
vt 0.859375 0.156250
vt 0.859375 0.125000
vt 0.843750 0.156250
vt 0.843750 0.125000
vt 0.859375 0.562500
vt 0.859375 0.593750
vt 0.843750 0.593750
vt 0.843750 0.562500
vt 0.859375 0.064815
vt 0.859375 0.094039
vt 0.843750 0.093895
vt 0.843750 0.062500
vt 0.859375 0.500000
vt 0.859375 0.531250
vt 0.843750 0.531250
vt 0.843750 0.500000
vt 0.859375 0.957899
vt 0.851563 0.968750
vt 0.867188 0.968750
vt 0.859375 1.000000
vt 0.843750 0.937500
vt 0.867188 0.031250
vt 0.851563 0.031250
vt 0.859375 0.000000
vt 0.859375 0.042101
vt 0.859375 0.468750
vt 0.843750 0.468750
vt 0.843750 0.437500
vt 0.828125 0.625000
vt 0.828125 0.656250
vt 0.812500 0.687500
vt 0.812500 0.656250
vt 0.812500 0.625000
vt 0.828125 0.156250
vt 0.828125 0.125000
vt 0.828125 0.187500
vt 0.812500 0.156250
vt 0.812500 0.125000
vt 0.828125 0.562500
vt 0.828125 0.593750
vt 0.812500 0.593750
vt 0.812500 0.562500
vt 0.828125 0.064815
vt 0.828125 0.094039
vt 0.812500 0.093895
vt 0.812500 0.062500
vt 0.828125 0.500000
vt 0.828125 0.531250
vt 0.812500 0.531250
vt 0.812500 0.500000
vt 0.828125 0.957899
vt 0.828125 0.935185
vt 0.820313 0.968750
vt 0.835938 0.968750
vt 0.828125 1.000000
vt 0.812500 0.937500
vt 0.835938 0.031250
vt 0.820313 0.031250
vt 0.828125 0.000000
vt 0.828125 0.042101
vt 0.828125 0.468750
vt 0.828125 0.437500
vt 0.812500 0.468750
vt 0.812500 0.437500
vt 0.828125 0.905961
vt 0.828125 0.875000
vt 0.812500 0.906105
vt 0.812500 0.875000
vt 0.828125 0.406250
vt 0.828125 0.375000
vt 0.812500 0.406250
vt 0.812500 0.375000
vt 0.828125 0.812500
vt 0.828125 0.843750
vt 0.812500 0.843750
vt 0.812500 0.812500
vt 0.828125 0.343750
vt 0.828125 0.312500
vt 0.812500 0.343750
vt 0.812500 0.312500
vt 0.828125 0.750000
vt 0.828125 0.781250
vt 0.812500 0.781250
vt 0.812500 0.750000
vt 0.828125 0.281250
vt 0.828125 0.250000
vt 0.812500 0.281250
vt 0.812500 0.250000
vt 0.828125 0.687500
vt 0.828125 0.718750
vt 0.812500 0.718750
vt 0.828125 0.218750
vt 0.812500 0.218750
vt 0.812500 0.187500
vt 0.796875 0.406250
vt 0.796875 0.375000
vt 0.796875 0.437500
vt 0.781250 0.406250
vt 0.781250 0.375000
vt 0.796875 0.812500
vt 0.796875 0.843750
vt 0.781250 0.875000
vt 0.781250 0.843750
vt 0.781250 0.812500
vt 0.796875 0.343750
vt 0.796875 0.312500
vt 0.781250 0.343750
vt 0.781250 0.312500
vt 0.796875 0.750000
vt 0.796875 0.781250
vt 0.781250 0.781250
vt 0.781250 0.750000
vt 0.796875 0.281250
vt 0.796875 0.250000
vt 0.781250 0.281250
vt 0.781250 0.250000
vt 0.796875 0.687500
vt 0.796875 0.718750
vt 0.781250 0.718750
vt 0.781250 0.687500
vt 0.796875 0.218750
vt 0.796875 0.187500
vt 0.781250 0.218750
vt 0.781250 0.187500
vt 0.796875 0.625000
vt 0.796875 0.656250
vt 0.781250 0.656250
vt 0.781250 0.625000
vt 0.796875 0.156250
vt 0.796875 0.125000
vt 0.781250 0.156250
vt 0.781250 0.125000
vt 0.796875 0.562500
vt 0.796875 0.593750
vt 0.781250 0.593750
vt 0.781250 0.562500
vt 0.796875 0.064815
vt 0.796875 0.094039
vt 0.781250 0.093895
vt 0.781250 0.062500
vt 0.796875 0.500000
vt 0.796875 0.531250
vt 0.781250 0.531250
vt 0.781250 0.500000
vt 0.796875 0.957899
vt 0.796875 0.935185
vt 0.789063 0.968750
vt 0.804688 0.968750
vt 0.796875 1.000000
vt 0.781250 0.937500
vt 0.804688 0.031250
vt 0.789063 0.031250
vt 0.796875 0.000000
vt 0.796875 0.042101
vt 0.796875 0.468750
vt 0.781250 0.468750
vt 0.781250 0.437500
vt 0.796875 0.905961
vt 0.796875 0.875000
vt 0.781250 0.906105
vt 0.765625 0.156250
vt 0.765625 0.125000
vt 0.765625 0.187500
vt 0.765625 0.562500
vt 0.765625 0.593750
vt 0.765625 0.064815
vt 0.765625 0.094039
vt 0.765625 0.500000
vt 0.765625 0.531250
vt 0.765625 0.957899
vt 0.765625 0.935185
vt 0.757813 0.968750
vt 0.773438 0.968750
vt 0.765625 1.000000
vt 0.773438 0.031250
vt 0.757813 0.031250
vt 0.765625 0.000000
vt 0.765625 0.042101
vt 0.765625 0.468750
vt 0.765625 0.437500
vt 0.765625 0.905961
vt 0.765625 0.875000
vt 0.765625 0.406250
vt 0.765625 0.375000
vt 0.765625 0.812500
vt 0.765625 0.843750
vt 0.765625 0.343750
vt 0.765625 0.312500
vt 0.765625 0.750000
vt 0.765625 0.781250
vt 0.765625 0.281250
vt 0.765625 0.250000
vt 0.765625 0.687500
vt 0.765625 0.718750
vt 0.765625 0.218750
vt 0.765625 0.625000
vt 0.765625 0.656250
vn 0.0445 0.4249 -0.9041
vn 0.0422 0.5112 -0.8584
vn 0.1261 0.5112 -0.8502
vn 0.1328 0.4249 -0.8954
vn 0.0211 -0.9027 -0.4297
vn 0.0254 -0.8560 -0.5163
vn 0.0758 -0.8560 -0.5114
vn 0.0631 -0.9027 -0.4256
vn 0.0477 0.2413 -0.9693
vn 0.0463 0.3346 -0.9412
vn 0.1382 0.3346 -0.9322
vn 0.1424 0.2413 -0.9600
vn -0.0022 -0.9671 -0.2544
vn 0.0148 -0.9400 -0.3409
vn 0.0520 -0.9400 -0.3372
vn 0.0517 -0.9671 -0.2491
vn 0.0490 0.0487 -0.9976
vn 0.0486 0.1456 -0.9881
vn 0.1451 0.1456 -0.9786
vn 0.1465 0.0487 -0.9880
vn 0.0014 0.9844 -0.1757
vn 0.0085 0.9962 -0.0861
vn 0.0876 0.9849 -0.1495
vn 0.0085 -0.9962 -0.0861
vn -0.0567 -0.9849 -0.1637
vn 0.0329 -0.9844 -0.1726
vn 0.0486 -0.1456 -0.9882
vn 0.0490 -0.0487 -0.9976
vn 0.1465 -0.0487 -0.9880
vn 0.1451 -0.1456 -0.9786
vn 0.0168 0.9398 -0.3414
vn 0.0113 0.9663 -0.2572
vn 0.0391 0.9663 -0.2545
vn 0.0501 0.9398 -0.3381
vn 0.0463 -0.3346 -0.9412
vn 0.0477 -0.2413 -0.9693
vn 0.1424 -0.2413 -0.9600
vn 0.1382 -0.3346 -0.9322
vn 0.0254 0.8560 -0.5163
vn 0.0211 0.9027 -0.4297
vn 0.0631 0.9027 -0.4256
vn 0.0758 0.8560 -0.5114
vn 0.0422 -0.5112 -0.8584
vn 0.0445 -0.4249 -0.9041
vn 0.1328 -0.4249 -0.8954
vn 0.1261 -0.5112 -0.8502
vn 0.0331 0.7384 -0.6735
vn 0.0294 0.8010 -0.5979
vn 0.0878 0.8010 -0.5922
vn 0.0989 0.7384 -0.6670
vn 0.0365 -0.6687 -0.7426
vn 0.0395 -0.5928 -0.8044
vn 0.1181 -0.5928 -0.7966
vn 0.1091 -0.6687 -0.7355
vn 0.0395 0.5928 -0.8044
vn 0.0365 0.6687 -0.7426
vn 0.1091 0.6687 -0.7355
vn 0.1181 0.5928 -0.7966
vn 0.0294 -0.8010 -0.5979
vn 0.0331 -0.7384 -0.6735
vn 0.0989 -0.7384 -0.6670
vn 0.0878 -0.8010 -0.5922
vn 0.1957 0.5928 -0.7812
vn 0.1807 0.6687 -0.7212
vn 0.2505 0.6687 -0.7001
vn 0.2713 0.5928 -0.7583
vn 0.1455 -0.8010 -0.5807
vn 0.1639 -0.7384 -0.6541
vn 0.2272 -0.7384 -0.6349
vn 0.2017 -0.8010 -0.5637
vn 0.2200 0.4249 -0.8781
vn 0.2089 0.5112 -0.8337
vn 0.2895 0.5112 -0.8092
vn 0.3049 0.4249 -0.8523
vn 0.1046 -0.9027 -0.4174
vn 0.1256 -0.8560 -0.5015
vn 0.1741 -0.8560 -0.4867
vn 0.1449 -0.9027 -0.4051
vn 0.2358 0.2413 -0.9414
vn 0.2290 0.3346 -0.9141
vn 0.3174 0.3346 -0.8873
vn 0.3269 0.2413 -0.9137
vn 0.0475 -0.9671 -0.2499
vn 0.0810 -0.9400 -0.3315
vn 0.1168 -0.9400 -0.3206
vn 0.0993 -0.9671 -0.2342
vn 0.2427 0.0487 -0.9689
vn 0.2404 0.1456 -0.9597
vn 0.3333 0.1456 -0.9315
vn 0.3365 0.0487 -0.9404
vn 0.0356 0.9844 -0.1720
vn 0.0251 0.9962 -0.0828
vn 0.1151 0.9849 -0.1296
vn 0.0251 -0.9962 -0.0828
vn -0.0237 -0.9849 -0.1717
vn 0.0660 -0.9844 -0.1628
vn 0.2404 -0.1456 -0.9597
vn 0.2427 -0.0487 -0.9689
vn 0.3365 -0.0487 -0.9404
vn 0.3333 -0.1456 -0.9315
vn 0.0831 0.9398 -0.3316
vn 0.0613 0.9663 -0.2501
vn 0.0880 0.9663 -0.2420
vn 0.1152 0.9398 -0.3219
vn 0.2290 -0.3346 -0.9141
vn 0.2358 -0.2413 -0.9414
vn 0.3269 -0.2413 -0.9137
vn 0.3174 -0.3346 -0.8873
vn 0.1256 0.8560 -0.5015
vn 0.1046 0.9027 -0.4174
vn 0.1449 0.9027 -0.4051
vn 0.1741 0.8560 -0.4867
vn 0.2089 -0.5112 -0.8337
vn 0.2200 -0.4249 -0.8781
vn 0.3049 -0.4249 -0.8523
vn 0.2895 -0.5112 -0.8092
vn 0.1639 0.7384 -0.6541
vn 0.1455 0.8010 -0.5807
vn 0.2017 0.8010 -0.5637
vn 0.2272 0.7384 -0.6349
vn 0.1807 -0.6687 -0.7212
vn 0.1957 -0.5928 -0.7812
vn 0.2713 -0.5928 -0.7583
vn 0.2505 -0.6687 -0.7001
vn 0.4230 -0.1456 -0.8943
vn 0.4271 -0.0487 -0.9029
vn 0.5135 -0.0487 -0.8567
vn 0.5086 -0.1456 -0.8486
vn 0.1462 0.9398 -0.3090
vn 0.1089 0.9663 -0.2333
vn 0.1335 0.9663 -0.2202
vn 0.1757 0.9398 -0.2932
vn 0.4029 -0.3346 -0.8519
vn 0.4150 -0.2413 -0.8773
vn 0.4989 -0.2413 -0.8324
vn 0.4844 -0.3346 -0.8083
vn 0.2210 0.8560 -0.4673
vn 0.1840 0.9027 -0.3889
vn 0.2212 0.9027 -0.3691
vn 0.2658 0.8560 -0.4434
vn 0.3675 -0.5112 -0.7769
vn 0.3871 -0.4249 -0.8183
vn 0.4653 -0.4249 -0.7765
vn 0.4418 -0.5112 -0.7372
vn 0.2883 0.7384 -0.6096
vn 0.2560 0.8010 -0.5412
vn 0.3078 0.8010 -0.5135
vn 0.3467 0.7384 -0.5784
vn 0.3179 -0.6687 -0.6721
vn 0.3444 -0.5928 -0.7280
vn 0.4140 -0.5928 -0.6908
vn 0.3822 -0.6687 -0.6378
vn 0.3444 0.5928 -0.7280
vn 0.3179 0.6687 -0.6721
vn 0.3822 0.6687 -0.6378
vn 0.4140 0.5928 -0.6908
vn 0.2560 -0.8010 -0.5412
vn 0.2883 -0.7384 -0.6096
vn 0.3467 -0.7384 -0.5784
vn 0.3078 -0.8010 -0.5135
vn 0.3871 0.4249 -0.8183
vn 0.3675 0.5112 -0.7769
vn 0.4418 0.5112 -0.7372
vn 0.4653 0.4249 -0.7765
vn 0.1840 -0.9027 -0.3889
vn 0.2210 -0.8560 -0.4673
vn 0.2658 -0.8560 -0.4434
vn 0.2212 -0.9027 -0.3691
vn 0.4150 0.2413 -0.8773
vn 0.4029 0.3346 -0.8519
vn 0.4844 0.3346 -0.8083
vn 0.4989 0.2413 -0.8324
vn 0.0954 -0.9671 -0.2358
vn 0.1441 -0.9400 -0.3093
vn 0.1771 -0.9400 -0.2916
vn 0.1431 -0.9671 -0.2103
vn 0.4271 0.0487 -0.9029
vn 0.4230 0.1456 -0.8943
vn 0.5086 0.1456 -0.8486
vn 0.5135 0.0487 -0.8567
vn 0.0685 0.9844 -0.1618
vn 0.0408 0.9962 -0.0763
vn 0.1382 0.9849 -0.1046
vn 0.0408 -0.9962 -0.0763
vn 0.0102 -0.9849 -0.1730
vn 0.0965 -0.9844 -0.1468
vn 0.3566 -0.8010 -0.4808
vn 0.4017 -0.7384 -0.5416
vn 0.4528 -0.7384 -0.4997
vn 0.4020 -0.8010 -0.4436
vn 0.5393 0.4249 -0.7271
vn 0.5120 0.5112 -0.6903
vn 0.5772 0.5112 -0.6368
vn 0.6079 0.4249 -0.6708
vn 0.2563 -0.9027 -0.3456
vn 0.3080 -0.8560 -0.4152
vn 0.3472 -0.8560 -0.3831
vn 0.2889 -0.9027 -0.3188
vn 0.5781 0.2413 -0.7795
vn 0.5614 0.3346 -0.7569
vn 0.6328 0.3346 -0.6983
vn 0.6517 0.2413 -0.7191
vn 0.1395 -0.9671 -0.2127
vn 0.2017 -0.9400 -0.2752
vn 0.2306 -0.9400 -0.2515
vn 0.1814 -0.9671 -0.1784
vn 0.5950 0.0487 -0.8022
vn 0.5894 0.1456 -0.7946
vn 0.6644 0.1456 -0.7331
vn 0.6707 0.0487 -0.7401
vn 0.0987 0.9844 -0.1453
vn 0.0549 0.9962 -0.0669
vn 0.1559 0.9849 -0.0757
vn 0.0549 -0.9962 -0.0669
vn 0.0438 -0.9849 -0.1677
vn 0.1233 -0.9844 -0.1252
vn 0.5894 -0.1456 -0.7946
vn 0.5950 -0.0487 -0.8022
vn 0.6707 -0.0487 -0.7401
vn 0.6644 -0.1456 -0.7331
vn 0.2036 0.9398 -0.2746
vn 0.1523 0.9663 -0.2076
vn 0.1739 0.9663 -0.1899
vn 0.2296 0.9398 -0.2533
vn 0.5614 -0.3346 -0.7569
vn 0.5781 -0.2413 -0.7795
vn 0.6517 -0.2413 -0.7191
vn 0.6328 -0.3346 -0.6983
vn 0.3080 0.8560 -0.4152
vn 0.2563 0.9027 -0.3456
vn 0.2889 0.9027 -0.3188
vn 0.3472 0.8560 -0.3831
vn 0.5120 -0.5112 -0.6903
vn 0.5393 -0.4249 -0.7271
vn 0.6079 -0.4249 -0.6708
vn 0.5772 -0.5112 -0.6368
vn 0.4017 0.7384 -0.5416
vn 0.3566 0.8010 -0.4808
vn 0.4020 0.8010 -0.4436
vn 0.4528 0.7384 -0.4997
vn 0.4429 -0.6687 -0.5972
vn 0.4798 -0.5928 -0.6468
vn 0.5408 -0.5928 -0.5967
vn 0.4993 -0.6687 -0.5509
vn 0.4798 0.5928 -0.6468
vn 0.4429 0.6687 -0.5972
vn 0.4993 0.6687 -0.5509
vn 0.5408 0.5928 -0.5967
vn 0.2533 0.9398 -0.2296
vn 0.1899 0.9663 -0.1739
vn 0.2076 0.9663 -0.1523
vn 0.2746 0.9398 -0.2036
vn 0.6983 -0.3346 -0.6328
vn 0.7191 -0.2413 -0.6517
vn 0.7795 -0.2413 -0.5781
vn 0.7569 -0.3346 -0.5614
vn 0.3831 0.8560 -0.3472
vn 0.3188 0.9027 -0.2889
vn 0.3456 0.9027 -0.2563
vn 0.4152 0.8560 -0.3080
vn 0.6368 -0.5112 -0.5772
vn 0.6708 -0.4249 -0.6079
vn 0.7271 -0.4249 -0.5393
vn 0.6903 -0.5112 -0.5120
vn 0.4997 0.7384 -0.4528
vn 0.4436 0.8010 -0.4020
vn 0.4808 0.8010 -0.3566
vn 0.5416 0.7384 -0.4017
vn 0.5509 -0.6687 -0.4993
vn 0.5967 -0.5928 -0.5408
vn 0.6468 -0.5928 -0.4798
vn 0.5972 -0.6687 -0.4429
vn 0.5967 0.5928 -0.5408
vn 0.5509 0.6687 -0.4993
vn 0.5972 0.6687 -0.4429
vn 0.6468 0.5928 -0.4798
vn 0.4436 -0.8010 -0.4020
vn 0.4997 -0.7384 -0.4528
vn 0.5416 -0.7384 -0.4017
vn 0.4808 -0.8010 -0.3566
vn 0.6708 0.4249 -0.6079
vn 0.6368 0.5112 -0.5772
vn 0.6903 0.5112 -0.5120
vn 0.7271 0.4249 -0.5393
vn 0.3188 -0.9027 -0.2889
vn 0.3831 -0.8560 -0.3472
vn 0.4152 -0.8560 -0.3080
vn 0.3456 -0.9027 -0.2563
vn 0.7191 0.2413 -0.6517
vn 0.6983 0.3346 -0.6328
vn 0.7569 0.3346 -0.5614
vn 0.7795 0.2413 -0.5781
vn 0.1784 -0.9671 -0.1814
vn 0.2515 -0.9400 -0.2306
vn 0.2752 -0.9400 -0.2017
vn 0.2127 -0.9671 -0.1395
vn 0.7401 0.0487 -0.6707
vn 0.7331 0.1456 -0.6644
vn 0.7946 0.1456 -0.5894
vn 0.8022 0.0487 -0.5950
vn 0.1252 0.9844 -0.1233
vn 0.0669 0.9962 -0.0549
vn 0.1677 0.9849 -0.0438
vn 0.0669 -0.9962 -0.0549
vn 0.0757 -0.9849 -0.1559
vn 0.1453 -0.9844 -0.0988
vn 0.7331 -0.1456 -0.6644
vn 0.7401 -0.0487 -0.6707
vn 0.8022 -0.0487 -0.5950
vn 0.7946 -0.1456 -0.5894
vn 0.7765 0.4249 -0.4653
vn 0.7372 0.5112 -0.4418
vn 0.7769 0.5112 -0.3675
vn 0.8183 0.4249 -0.3871
vn 0.3691 -0.9027 -0.2212
vn 0.4434 -0.8560 -0.2658
vn 0.4673 -0.8560 -0.2210
vn 0.3889 -0.9027 -0.1840
vn 0.8324 0.2413 -0.4989
vn 0.8083 0.3346 -0.4844
vn 0.8519 0.3346 -0.4029
vn 0.8773 0.2413 -0.4150
vn 0.2103 -0.9671 -0.1431
vn 0.2916 -0.9400 -0.1771
vn 0.3093 -0.9400 -0.1441
vn 0.2358 -0.9671 -0.0954
vn 0.8567 0.0487 -0.5135
vn 0.8486 0.1456 -0.5086
vn 0.8943 0.1456 -0.4230
vn 0.9029 0.0487 -0.4271
vn 0.1468 0.9844 -0.0965
vn 0.0763 0.9962 -0.0408
vn 0.1730 0.9849 -0.0102
vn 0.0763 -0.9962 -0.0408
vn 0.1046 -0.9849 -0.1382
vn 0.1618 -0.9844 -0.0685
vn 0.8486 -0.1456 -0.5086
vn 0.8567 -0.0487 -0.5135
vn 0.9029 -0.0487 -0.4271
vn 0.8943 -0.1456 -0.4230
vn 0.2932 0.9398 -0.1757
vn 0.2202 0.9663 -0.1335
vn 0.2333 0.9663 -0.1089
vn 0.3090 0.9398 -0.1462
vn 0.8083 -0.3346 -0.4844
vn 0.8324 -0.2413 -0.4989
vn 0.8773 -0.2413 -0.4150
vn 0.8519 -0.3346 -0.4029
vn 0.4434 0.8560 -0.2658
vn 0.3691 0.9027 -0.2212
vn 0.3889 0.9027 -0.1840
vn 0.4673 0.8560 -0.2210
vn 0.7372 -0.5112 -0.4418
vn 0.7765 -0.4249 -0.4653
vn 0.8183 -0.4249 -0.3871
vn 0.7769 -0.5112 -0.3675
vn 0.5784 0.7384 -0.3467
vn 0.5135 0.8010 -0.3078
vn 0.5412 0.8010 -0.2560
vn 0.6096 0.7384 -0.2883
vn 0.6378 -0.6687 -0.3822
vn 0.6908 -0.5928 -0.4140
vn 0.7280 -0.5928 -0.3444
vn 0.6721 -0.6687 -0.3179
vn 0.6908 0.5928 -0.4140
vn 0.6378 0.6687 -0.3822
vn 0.6721 0.6687 -0.3179
vn 0.7280 0.5928 -0.3444
vn 0.5135 -0.8010 -0.3078
vn 0.5784 -0.7384 -0.3467
vn 0.6096 -0.7384 -0.2883
vn 0.5412 -0.8010 -0.2560
vn 0.8873 -0.3346 -0.3174
vn 0.9137 -0.2413 -0.3269
vn 0.9414 -0.2413 -0.2358
vn 0.9141 -0.3346 -0.2290
vn 0.4867 0.8560 -0.1741
vn 0.4051 0.9027 -0.1449
vn 0.4174 0.9027 -0.1046
vn 0.5015 0.8560 -0.1256
vn 0.8092 -0.5112 -0.2895
vn 0.8523 -0.4249 -0.3049
vn 0.8781 -0.4249 -0.2200
vn 0.8337 -0.5112 -0.2089
vn 0.6349 0.7384 -0.2272
vn 0.5637 0.8010 -0.2017
vn 0.5807 0.8010 -0.1455
vn 0.6541 0.7384 -0.1639
vn 0.7001 -0.6687 -0.2505
vn 0.7583 -0.5928 -0.2713
vn 0.7812 -0.5928 -0.1957
vn 0.7212 -0.6687 -0.1807
vn 0.7583 0.5928 -0.2713
vn 0.7001 0.6687 -0.2505
vn 0.7212 0.6687 -0.1807
vn 0.7812 0.5928 -0.1957
vn 0.5637 -0.8010 -0.2017
vn 0.6349 -0.7384 -0.2272
vn 0.6541 -0.7384 -0.1639
vn 0.5807 -0.8010 -0.1455
vn 0.8523 0.4249 -0.3049
vn 0.8092 0.5112 -0.2895
vn 0.8337 0.5112 -0.2089
vn 0.8781 0.4249 -0.2200
vn 0.4051 -0.9027 -0.1449
vn 0.4867 -0.8560 -0.1741
vn 0.5015 -0.8560 -0.1256
vn 0.4174 -0.9027 -0.1046
vn 0.9137 0.2413 -0.3269
vn 0.8873 0.3346 -0.3174
vn 0.9141 0.3346 -0.2290
vn 0.9414 0.2413 -0.2358
vn 0.2342 -0.9671 -0.0993
vn 0.3206 -0.9400 -0.1168
vn 0.3315 -0.9400 -0.0810
vn 0.2499 -0.9671 -0.0475
vn 0.9404 0.0487 -0.3365
vn 0.9315 0.1456 -0.3333
vn 0.9597 0.1456 -0.2404
vn 0.9689 0.0487 -0.2427
vn 0.1628 0.9844 -0.0660
vn 0.0828 0.9962 -0.0251
vn 0.1717 0.9849 0.0237
vn 0.0828 -0.9962 -0.0251
vn 0.1296 -0.9849 -0.1151
vn 0.1721 -0.9844 -0.0356
vn 0.9315 -0.1456 -0.3333
vn 0.9404 -0.0487 -0.3365
vn 0.9689 -0.0487 -0.2427
vn 0.9597 -0.1456 -0.2404
vn 0.3219 0.9398 -0.1152
vn 0.2420 0.9663 -0.0880
vn 0.2501 0.9663 -0.0613
vn 0.3316 0.9398 -0.0831
vn 0.4256 -0.9027 -0.0631
vn 0.5114 -0.8560 -0.0758
vn 0.5163 -0.8560 -0.0254
vn 0.4297 -0.9027 -0.0211
vn 0.9600 0.2413 -0.1424
vn 0.9322 0.3346 -0.1382
vn 0.9412 0.3346 -0.0463
vn 0.9693 0.2413 -0.0477
vn 0.2491 -0.9671 -0.0517
vn 0.3372 -0.9400 -0.0520
vn 0.3409 -0.9400 -0.0148
vn 0.2544 -0.9671 0.0022
vn 0.9880 0.0487 -0.1465
vn 0.9786 0.1456 -0.1451
vn 0.9882 0.1456 -0.0486
vn 0.9976 0.0487 -0.0490
vn 0.1726 0.9844 -0.0329
vn 0.0861 0.9962 -0.0085
vn 0.1637 0.9849 0.0567
vn 0.0861 -0.9962 -0.0085
vn 0.1495 -0.9849 -0.0876
vn 0.1757 -0.9844 -0.0014
vn 0.9786 -0.1456 -0.1451
vn 0.9880 -0.0487 -0.1465
vn 0.9976 -0.0487 -0.0490
vn 0.9882 -0.1456 -0.0486
vn 0.3381 0.9398 -0.0501
vn 0.2545 0.9663 -0.0391
vn 0.2572 0.9663 -0.0113
vn 0.3414 0.9398 -0.0168
vn 0.9322 -0.3346 -0.1382
vn 0.9600 -0.2413 -0.1424
vn 0.9693 -0.2413 -0.0477
vn 0.9412 -0.3346 -0.0463
vn 0.5114 0.8560 -0.0758
vn 0.4256 0.9027 -0.0631
vn 0.4297 0.9027 -0.0211
vn 0.5163 0.8560 -0.0254
vn 0.8502 -0.5112 -0.1261
vn 0.8954 -0.4249 -0.1328
vn 0.9041 -0.4249 -0.0445
vn 0.8584 -0.5112 -0.0422
vn 0.6670 0.7384 -0.0989
vn 0.5922 0.8010 -0.0878
vn 0.5979 0.8010 -0.0294
vn 0.6735 0.7384 -0.0331
vn 0.7355 -0.6687 -0.1091
vn 0.7966 -0.5928 -0.1181
vn 0.8044 -0.5928 -0.0395
vn 0.7426 -0.6687 -0.0365
vn 0.7966 0.5928 -0.1181
vn 0.7355 0.6687 -0.1091
vn 0.7426 0.6687 -0.0365
vn 0.8044 0.5928 -0.0395
vn 0.5922 -0.8010 -0.0878
vn 0.6670 -0.7384 -0.0989
vn 0.6735 -0.7384 -0.0331
vn 0.5979 -0.8010 -0.0294
vn 0.8954 0.4249 -0.1328
vn 0.8502 0.5112 -0.1261
vn 0.8584 0.5112 -0.0422
vn 0.9041 0.4249 -0.0445
vn 0.8584 -0.5112 0.0422
vn 0.9041 -0.4249 0.0445
vn 0.8954 -0.4249 0.1328
vn 0.8502 -0.5112 0.1261
vn 0.6735 0.7384 0.0331
vn 0.5979 0.8010 0.0294
vn 0.5922 0.8010 0.0878
vn 0.6670 0.7384 0.0989
vn 0.7426 -0.6687 0.0365
vn 0.8044 -0.5928 0.0396
vn 0.7966 -0.5928 0.1181
vn 0.7355 -0.6687 0.1091
vn 0.8044 0.5928 0.0395
vn 0.7426 0.6687 0.0365
vn 0.7355 0.6687 0.1091
vn 0.7966 0.5928 0.1181
vn 0.5979 -0.8010 0.0294
vn 0.6735 -0.7384 0.0331
vn 0.6670 -0.7384 0.0989
vn 0.5922 -0.8010 0.0878
vn 0.9041 0.4249 0.0445
vn 0.8584 0.5112 0.0422
vn 0.8502 0.5112 0.1261
vn 0.8954 0.4249 0.1328
vn 0.4297 -0.9027 0.0211
vn 0.5163 -0.8560 0.0254
vn 0.5114 -0.8560 0.0758
vn 0.4256 -0.9027 0.0631
vn 0.9693 0.2413 0.0477
vn 0.9412 0.3346 0.0463
vn 0.9322 0.3346 0.1382
vn 0.9600 0.2413 0.1424
vn 0.2544 -0.9671 -0.0022
vn 0.3409 -0.9400 0.0148
vn 0.3372 -0.9400 0.0520
vn 0.2491 -0.9671 0.0517
vn 0.9976 0.0487 0.0490
vn 0.9881 0.1456 0.0486
vn 0.9786 0.1456 0.1451
vn 0.9880 0.0487 0.1465
vn 0.1757 0.9844 0.0014
vn 0.0861 0.9962 0.0085
vn 0.1495 0.9849 0.0876
vn 0.0861 -0.9962 0.0085
vn 0.1637 -0.9849 -0.0567
vn 0.1726 -0.9844 0.0329
vn 0.9882 -0.1456 0.0486
vn 0.9976 -0.0487 0.0490
vn 0.9880 -0.0487 0.1465
vn 0.9786 -0.1456 0.1451
vn 0.3414 0.9398 0.0168
vn 0.2572 0.9663 0.0113
vn 0.2545 0.9663 0.0391
vn 0.3381 0.9398 0.0501
vn 0.9412 -0.3346 0.0463
vn 0.9693 -0.2413 0.0477
vn 0.9600 -0.2413 0.1424
vn 0.9322 -0.3346 0.1382
vn 0.5163 0.8560 0.0254
vn 0.4297 0.9027 0.0211
vn 0.4256 0.9027 0.0631
vn 0.5114 0.8560 0.0758
vn 0.2499 -0.9671 0.0475
vn 0.3315 -0.9400 0.0810
vn 0.3206 -0.9400 0.1168
vn 0.2342 -0.9671 0.0993
vn 0.9689 0.0487 0.2427
vn 0.9597 0.1456 0.2404
vn 0.9315 0.1456 0.3333
vn 0.9404 0.0487 0.3365
vn 0.1721 0.9844 0.0356
vn 0.0828 0.9962 0.0251
vn 0.1296 0.9849 0.1151
vn 0.0828 -0.9962 0.0251
vn 0.1717 -0.9849 -0.0237
vn 0.1628 -0.9844 0.0660
vn 0.9597 -0.1456 0.2404
vn 0.9689 -0.0487 0.2427
vn 0.9404 -0.0487 0.3365
vn 0.9315 -0.1456 0.3333
vn 0.3316 0.9398 0.0831
vn 0.2501 0.9663 0.0613
vn 0.2420 0.9663 0.0880
vn 0.3219 0.9398 0.1152
vn 0.9141 -0.3346 0.2290
vn 0.9414 -0.2413 0.2358
vn 0.9137 -0.2413 0.3269
vn 0.8873 -0.3346 0.3174
vn 0.5015 0.8560 0.1256
vn 0.4174 0.9027 0.1046
vn 0.4051 0.9027 0.1449
vn 0.4867 0.8560 0.1741
vn 0.8337 -0.5112 0.2089
vn 0.8781 -0.4249 0.2200
vn 0.8523 -0.4249 0.3049
vn 0.8092 -0.5112 0.2895
vn 0.6541 0.7384 0.1639
vn 0.5807 0.8010 0.1455
vn 0.5637 0.8010 0.2017
vn 0.6349 0.7384 0.2272
vn 0.7212 -0.6687 0.1807
vn 0.7812 -0.5928 0.1957
vn 0.7583 -0.5928 0.2713
vn 0.7001 -0.6687 0.2505
vn 0.7812 0.5928 0.1957
vn 0.7212 0.6687 0.1807
vn 0.7001 0.6687 0.2505
vn 0.7583 0.5928 0.2713
vn 0.5807 -0.8010 0.1455
vn 0.6541 -0.7384 0.1639
vn 0.6349 -0.7384 0.2272
vn 0.5637 -0.8010 0.2017
vn 0.8781 0.4249 0.2200
vn 0.8337 0.5112 0.2089
vn 0.8092 0.5112 0.2895
vn 0.8523 0.4249 0.3049
vn 0.4174 -0.9027 0.1046
vn 0.5015 -0.8560 0.1256
vn 0.4867 -0.8560 0.1741
vn 0.4051 -0.9027 0.1449
vn 0.9414 0.2413 0.2358
vn 0.9141 0.3346 0.2290
vn 0.8873 0.3346 0.3174
vn 0.9137 0.2413 0.3269
vn 0.6096 0.7384 0.2883
vn 0.5412 0.8010 0.2560
vn 0.5135 0.8010 0.3078
vn 0.5784 0.7384 0.3467
vn 0.6721 -0.6687 0.3179
vn 0.7280 -0.5928 0.3444
vn 0.6908 -0.5928 0.4140
vn 0.6378 -0.6687 0.3822
vn 0.7280 0.5928 0.3444
vn 0.6721 0.6687 0.3179
vn 0.6378 0.6687 0.3822
vn 0.6908 0.5928 0.4140
vn 0.5412 -0.8010 0.2560
vn 0.6096 -0.7384 0.2883
vn 0.5784 -0.7384 0.3467
vn 0.5135 -0.8010 0.3078
vn 0.8183 0.4249 0.3871
vn 0.7769 0.5112 0.3675
vn 0.7372 0.5112 0.4418
vn 0.7765 0.4249 0.4653
vn 0.3889 -0.9027 0.1840
vn 0.4673 -0.8560 0.2210
vn 0.4434 -0.8560 0.2658
vn 0.3691 -0.9027 0.2212
vn 0.8773 0.2413 0.4150
vn 0.8519 0.3346 0.4029
vn 0.8083 0.3346 0.4844
vn 0.8324 0.2413 0.4989
vn 0.2358 -0.9671 0.0954
vn 0.3093 -0.9400 0.1441
vn 0.2916 -0.9400 0.1771
vn 0.2103 -0.9671 0.1431
vn 0.9029 0.0487 0.4271
vn 0.8943 0.1456 0.4230
vn 0.8486 0.1456 0.5086
vn 0.8567 0.0487 0.5135
vn 0.1618 0.9844 0.0685
vn 0.0763 0.9962 0.0408
vn 0.1046 0.9849 0.1382
vn 0.0763 -0.9962 0.0408
vn 0.1730 -0.9849 0.0102
vn 0.1468 -0.9844 0.0965
vn 0.8943 -0.1456 0.4230
vn 0.9029 -0.0487 0.4271
vn 0.8567 -0.0487 0.5135
vn 0.8486 -0.1456 0.5086
vn 0.3090 0.9398 0.1462
vn 0.2333 0.9663 0.1089
vn 0.2202 0.9663 0.1335
vn 0.2932 0.9398 0.1757
vn 0.8519 -0.3346 0.4029
vn 0.8773 -0.2413 0.4150
vn 0.8324 -0.2413 0.4989
vn 0.8083 -0.3346 0.4844
vn 0.4673 0.8560 0.2210
vn 0.3889 0.9027 0.1840
vn 0.3691 0.9027 0.2212
vn 0.4434 0.8560 0.2658
vn 0.7769 -0.5112 0.3675
vn 0.8183 -0.4249 0.3871
vn 0.7765 -0.4249 0.4653
vn 0.7372 -0.5112 0.4418
vn 0.8022 0.0487 0.5950
vn 0.7946 0.1456 0.5894
vn 0.7331 0.1456 0.6644
vn 0.7401 0.0487 0.6707
vn 0.1453 0.9844 0.0988
vn 0.0669 0.9962 0.0549
vn 0.0757 0.9849 0.1559
vn 0.0669 -0.9962 0.0549
vn 0.1677 -0.9849 0.0438
vn 0.1252 -0.9844 0.1233
vn 0.7946 -0.1456 0.5894
vn 0.8022 -0.0487 0.5950
vn 0.7401 -0.0487 0.6707
vn 0.7331 -0.1456 0.6644
vn 0.2746 0.9398 0.2036
vn 0.2076 0.9663 0.1523
vn 0.1899 0.9663 0.1739
vn 0.2533 0.9398 0.2296
vn 0.7569 -0.3346 0.5614
vn 0.7795 -0.2413 0.5781
vn 0.7191 -0.2413 0.6517
vn 0.6983 -0.3346 0.6328
vn 0.4152 0.8560 0.3080
vn 0.3456 0.9027 0.2563
vn 0.3188 0.9027 0.2889
vn 0.3831 0.8560 0.3472
vn 0.6903 -0.5112 0.5120
vn 0.7271 -0.4249 0.5393
vn 0.6708 -0.4249 0.6079
vn 0.6368 -0.5112 0.5772
vn 0.5416 0.7384 0.4017
vn 0.4808 0.8010 0.3566
vn 0.4436 0.8010 0.4020
vn 0.4997 0.7384 0.4528
vn 0.5972 -0.6687 0.4429
vn 0.6468 -0.5928 0.4798
vn 0.5967 -0.5928 0.5408
vn 0.5509 -0.6687 0.4993
vn 0.6468 0.5928 0.4798
vn 0.5972 0.6687 0.4429
vn 0.5509 0.6687 0.4993
vn 0.5967 0.5928 0.5408
vn 0.4808 -0.8010 0.3566
vn 0.5416 -0.7384 0.4017
vn 0.4997 -0.7384 0.4528
vn 0.4436 -0.8010 0.4020
vn 0.7271 0.4249 0.5393
vn 0.6903 0.5112 0.5120
vn 0.6368 0.5112 0.5772
vn 0.6708 0.4249 0.6079
vn 0.3456 -0.9027 0.2563
vn 0.4152 -0.8560 0.3080
vn 0.3831 -0.8560 0.3472
vn 0.3188 -0.9027 0.2889
vn 0.7795 0.2413 0.5781
vn 0.7569 0.3346 0.5614
vn 0.6983 0.3346 0.6328
vn 0.7191 0.2413 0.6517
vn 0.2127 -0.9671 0.1395
vn 0.2752 -0.9400 0.2017
vn 0.2515 -0.9400 0.2306
vn 0.1784 -0.9671 0.1814
vn 0.4993 -0.6687 0.5509
vn 0.5408 -0.5928 0.5967
vn 0.4798 -0.5928 0.6468
vn 0.4429 -0.6687 0.5972
vn 0.5408 0.5928 0.5967
vn 0.4993 0.6687 0.5509
vn 0.4429 0.6687 0.5972
vn 0.4798 0.5928 0.6468
vn 0.4020 -0.8010 0.4436
vn 0.4528 -0.7384 0.4997
vn 0.4017 -0.7384 0.5416
vn 0.3566 -0.8010 0.4808
vn 0.6079 0.4249 0.6708
vn 0.5772 0.5112 0.6368
vn 0.5120 0.5112 0.6903
vn 0.5393 0.4249 0.7271
vn 0.2889 -0.9027 0.3188
vn 0.3472 -0.8560 0.3831
vn 0.3080 -0.8560 0.4152
vn 0.2563 -0.9027 0.3456
vn 0.6517 0.2413 0.7191
vn 0.6328 0.3346 0.6983
vn 0.5614 0.3346 0.7569
vn 0.5781 0.2413 0.7795
vn 0.1814 -0.9671 0.1784
vn 0.2306 -0.9400 0.2515
vn 0.2017 -0.9400 0.2752
vn 0.1395 -0.9671 0.2127
vn 0.6707 0.0487 0.7401
vn 0.6644 0.1456 0.7331
vn 0.5894 0.1456 0.7946
vn 0.5950 0.0487 0.8022
vn 0.1233 0.9844 0.1252
vn 0.0549 0.9962 0.0669
vn 0.0438 0.9849 0.1677
vn 0.0549 -0.9962 0.0669
vn 0.1559 -0.9849 0.0757
vn 0.0987 -0.9844 0.1453
vn 0.6644 -0.1456 0.7331
vn 0.6707 -0.0487 0.7401
vn 0.5950 -0.0487 0.8022
vn 0.5894 -0.1456 0.7946
vn 0.2296 0.9398 0.2533
vn 0.1739 0.9663 0.1899
vn 0.1523 0.9663 0.2076
vn 0.2036 0.9398 0.2746
vn 0.6328 -0.3346 0.6983
vn 0.6517 -0.2413 0.7191
vn 0.5781 -0.2413 0.7795
vn 0.5614 -0.3346 0.7569
vn 0.3472 0.8560 0.3831
vn 0.2889 0.9027 0.3188
vn 0.2563 0.9027 0.3456
vn 0.3080 0.8560 0.4152
vn 0.5772 -0.5112 0.6368
vn 0.6079 -0.4249 0.6708
vn 0.5393 -0.4249 0.7271
vn 0.5120 -0.5112 0.6903
vn 0.4528 0.7384 0.4997
vn 0.4020 0.8010 0.4436
vn 0.3566 0.8010 0.4808
vn 0.4017 0.7384 0.5416
vn 0.0965 0.9844 0.1468
vn 0.0408 0.9962 0.0763
vn 0.0102 0.9849 0.1730
vn 0.0408 -0.9962 0.0763
vn 0.1382 -0.9849 0.1046
vn 0.0685 -0.9844 0.1618
vn 0.5086 -0.1456 0.8486
vn 0.5135 -0.0487 0.8567
vn 0.4271 -0.0487 0.9029
vn 0.4230 -0.1456 0.8943
vn 0.1757 0.9398 0.2932
vn 0.1335 0.9663 0.2202
vn 0.1089 0.9663 0.2333
vn 0.1462 0.9398 0.3090
vn 0.4844 -0.3346 0.8083
vn 0.4989 -0.2413 0.8324
vn 0.4150 -0.2413 0.8773
vn 0.4029 -0.3346 0.8519
vn 0.2658 0.8560 0.4434
vn 0.2212 0.9027 0.3691
vn 0.1840 0.9027 0.3889
vn 0.2210 0.8560 0.4673
vn 0.4418 -0.5112 0.7372
vn 0.4653 -0.4249 0.7765
vn 0.3871 -0.4249 0.8183
vn 0.3675 -0.5112 0.7769
vn 0.3467 0.7384 0.5784
vn 0.3078 0.8010 0.5135
vn 0.2560 0.8010 0.5412
vn 0.2883 0.7384 0.6096
vn 0.3822 -0.6687 0.6378
vn 0.4140 -0.5928 0.6908
vn 0.3444 -0.5928 0.7280
vn 0.3179 -0.6687 0.6721
vn 0.4140 0.5928 0.6908
vn 0.3822 0.6687 0.6378
vn 0.3179 0.6687 0.6721
vn 0.3444 0.5928 0.7280
vn 0.3078 -0.8010 0.5135
vn 0.3467 -0.7384 0.5784
vn 0.2883 -0.7384 0.6096
vn 0.2560 -0.8010 0.5412
vn 0.4653 0.4249 0.7765
vn 0.4418 0.5112 0.7372
vn 0.3675 0.5112 0.7769
vn 0.3871 0.4249 0.8183
vn 0.2212 -0.9027 0.3691
vn 0.2658 -0.8560 0.4434
vn 0.2210 -0.8560 0.4673
vn 0.1840 -0.9027 0.3889
vn 0.4989 0.2413 0.8324
vn 0.4844 0.3346 0.8083
vn 0.4029 0.3346 0.8519
vn 0.4150 0.2413 0.8773
vn 0.1431 -0.9671 0.2103
vn 0.1771 -0.9400 0.2916
vn 0.1441 -0.9400 0.3093
vn 0.0954 -0.9671 0.2359
vn 0.5135 0.0487 0.8567
vn 0.5086 0.1456 0.8486
vn 0.4230 0.1456 0.8943
vn 0.4271 0.0487 0.9029
vn 0.2713 0.5928 0.7583
vn 0.2505 0.6687 0.7001
vn 0.1807 0.6687 0.7212
vn 0.1957 0.5928 0.7812
vn 0.2017 -0.8010 0.5637
vn 0.2272 -0.7384 0.6349
vn 0.1639 -0.7384 0.6541
vn 0.1455 -0.8010 0.5807
vn 0.3049 0.4249 0.8523
vn 0.2895 0.5112 0.8092
vn 0.2089 0.5112 0.8337
vn 0.2200 0.4249 0.8781
vn 0.1449 -0.9027 0.4051
vn 0.1741 -0.8560 0.4867
vn 0.1256 -0.8560 0.5015
vn 0.1046 -0.9027 0.4174
vn 0.3269 0.2413 0.9137
vn 0.3174 0.3346 0.8873
vn 0.2290 0.3346 0.9141
vn 0.2358 0.2413 0.9414
vn 0.0993 -0.9671 0.2342
vn 0.1168 -0.9400 0.3206
vn 0.0810 -0.9400 0.3315
vn 0.0475 -0.9671 0.2499
vn 0.3365 0.0487 0.9404
vn 0.3333 0.1456 0.9315
vn 0.2404 0.1456 0.9597
vn 0.2427 0.0487 0.9689
vn 0.0660 0.9844 0.1628
vn 0.0251 0.9962 0.0828
vn -0.0237 0.9849 0.1717
vn 0.0251 -0.9962 0.0828
vn 0.1151 -0.9849 0.1296
vn 0.0356 -0.9844 0.1721
vn 0.3333 -0.1456 0.9315
vn 0.3365 -0.0487 0.9404
vn 0.2427 -0.0487 0.9689
vn 0.2404 -0.1456 0.9597
vn 0.1152 0.9398 0.3219
vn 0.0880 0.9663 0.2420
vn 0.0613 0.9663 0.2501
vn 0.0831 0.9398 0.3316
vn 0.3174 -0.3346 0.8873
vn 0.3269 -0.2413 0.9137
vn 0.2358 -0.2413 0.9414
vn 0.2290 -0.3346 0.9141
vn 0.1741 0.8560 0.4867
vn 0.1449 0.9027 0.4051
vn 0.1046 0.9027 0.4174
vn 0.1256 0.8560 0.5015
vn 0.2895 -0.5112 0.8092
vn 0.3049 -0.4249 0.8523
vn 0.2200 -0.4249 0.8781
vn 0.2089 -0.5112 0.8337
vn 0.2272 0.7384 0.6349
vn 0.2017 0.8010 0.5637
vn 0.1455 0.8010 0.5807
vn 0.1639 0.7384 0.6541
vn 0.2505 -0.6687 0.7001
vn 0.2713 -0.5928 0.7583
vn 0.1957 -0.5928 0.7812
vn 0.1807 -0.6687 0.7212
vn 0.1451 -0.1456 0.9786
vn 0.1465 -0.0487 0.9880
vn 0.0490 -0.0487 0.9976
vn 0.0486 -0.1456 0.9882
vn 0.0501 0.9398 0.3381
vn 0.0391 0.9663 0.2545
vn 0.0113 0.9663 0.2572
vn 0.0168 0.9398 0.3414
vn 0.1382 -0.3346 0.9322
vn 0.1424 -0.2413 0.9600
vn 0.0477 -0.2413 0.9693
vn 0.0463 -0.3346 0.9412
vn 0.0758 0.8560 0.5114
vn 0.0631 0.9027 0.4256
vn 0.0211 0.9027 0.4297
vn 0.0254 0.8560 0.5163
vn 0.1261 -0.5112 0.8502
vn 0.1328 -0.4249 0.8954
vn 0.0445 -0.4249 0.9041
vn 0.0422 -0.5112 0.8584
vn 0.0989 0.7384 0.6670
vn 0.0878 0.8010 0.5922
vn 0.0294 0.8010 0.5979
vn 0.0331 0.7384 0.6735
vn 0.1091 -0.6687 0.7355
vn 0.1181 -0.5928 0.7966
vn 0.0395 -0.5928 0.8044
vn 0.0365 -0.6687 0.7426
vn 0.1181 0.5928 0.7966
vn 0.1091 0.6687 0.7355
vn 0.0365 0.6687 0.7426
vn 0.0395 0.5928 0.8044
vn 0.0878 -0.8010 0.5922
vn 0.0989 -0.7384 0.6670
vn 0.0331 -0.7384 0.6735
vn 0.0294 -0.8010 0.5979
vn 0.1328 0.4249 0.8954
vn 0.1261 0.5112 0.8502
vn 0.0422 0.5112 0.8584
vn 0.0445 0.4249 0.9041
vn 0.0631 -0.9027 0.4256
vn 0.0758 -0.8560 0.5114
vn 0.0254 -0.8560 0.5163
vn 0.0211 -0.9027 0.4297
vn 0.1424 0.2413 0.9600
vn 0.1382 0.3346 0.9322
vn 0.0463 0.3346 0.9412
vn 0.0477 0.2413 0.9693
vn 0.0517 -0.9671 0.2491
vn 0.0520 -0.9400 0.3372
vn 0.0148 -0.9400 0.3409
vn -0.0022 -0.9671 0.2544
vn 0.1465 0.0487 0.9880
vn 0.1451 0.1456 0.9786
vn 0.0486 0.1456 0.9882
vn 0.0490 0.0487 0.9976
vn 0.0329 0.9844 0.1726
vn 0.0085 0.9962 0.0861
vn -0.0568 0.9849 0.1637
vn 0.0085 -0.9962 0.0861
vn 0.0876 -0.9849 0.1495
vn 0.0014 -0.9844 0.1757
vn -0.0294 -0.8010 0.5979
vn -0.0331 -0.7384 0.6735
vn -0.0989 -0.7384 0.6670
vn -0.0878 -0.8010 0.5922
vn -0.0445 0.4249 0.9041
vn -0.0422 0.5112 0.8584
vn -0.1261 0.5112 0.8502
vn -0.1328 0.4249 0.8954
vn -0.0211 -0.9027 0.4297
vn -0.0254 -0.8560 0.5163
vn -0.0758 -0.8560 0.5114
vn -0.0631 -0.9027 0.4256
vn -0.0477 0.2413 0.9693
vn -0.0463 0.3346 0.9412
vn -0.1382 0.3346 0.9322
vn -0.1424 0.2413 0.9600
vn 0.0022 -0.9671 0.2544
vn -0.0148 -0.9400 0.3409
vn -0.0520 -0.9400 0.3372
vn -0.0517 -0.9671 0.2491
vn -0.0490 0.0487 0.9976
vn -0.0486 0.1456 0.9882
vn -0.1451 0.1456 0.9786
vn -0.1465 0.0487 0.9880
vn -0.0014 0.9844 0.1757
vn -0.0085 0.9962 0.0861
vn -0.0876 0.9849 0.1495
vn -0.0085 -0.9962 0.0861
vn 0.0568 -0.9849 0.1637
vn -0.0329 -0.9844 0.1726
vn -0.0486 -0.1456 0.9882
vn -0.0491 -0.0487 0.9976
vn -0.1465 -0.0487 0.9880
vn -0.1451 -0.1456 0.9786
vn -0.0168 0.9398 0.3414
vn -0.0113 0.9663 0.2572
vn -0.0391 0.9663 0.2545
vn -0.0501 0.9398 0.3381
vn -0.0463 -0.3346 0.9412
vn -0.0477 -0.2413 0.9693
vn -0.1424 -0.2413 0.9600
vn -0.1382 -0.3346 0.9322
vn -0.0254 0.8560 0.5163
vn -0.0211 0.9027 0.4297
vn -0.0631 0.9027 0.4256
vn -0.0758 0.8560 0.5114
vn -0.0422 -0.5112 0.8584
vn -0.0445 -0.4249 0.9041
vn -0.1328 -0.4249 0.8954
vn -0.1261 -0.5112 0.8502
vn -0.0331 0.7384 0.6735
vn -0.0294 0.8010 0.5979
vn -0.0878 0.8010 0.5922
vn -0.0989 0.7384 0.6670
vn -0.0365 -0.6687 0.7426
vn -0.0396 -0.5928 0.8044
vn -0.1181 -0.5928 0.7966
vn -0.1091 -0.6687 0.7355
vn -0.0395 0.5928 0.8044
vn -0.0365 0.6687 0.7426
vn -0.1091 0.6687 0.7355
vn -0.1181 0.5928 0.7966
vn -0.2290 -0.3346 0.9141
vn -0.2358 -0.2413 0.9414
vn -0.3269 -0.2413 0.9137
vn -0.3174 -0.3346 0.8873
vn -0.1256 0.8560 0.5015
vn -0.1046 0.9027 0.4174
vn -0.1449 0.9027 0.4051
vn -0.1741 0.8560 0.4867
vn -0.2089 -0.5112 0.8337
vn -0.2200 -0.4249 0.8781
vn -0.3049 -0.4249 0.8523
vn -0.2895 -0.5112 0.8092
vn -0.1639 0.7384 0.6541
vn -0.1455 0.8010 0.5807
vn -0.2017 0.8010 0.5637
vn -0.2272 0.7384 0.6349
vn -0.1807 -0.6687 0.7212
vn -0.1957 -0.5928 0.7812
vn -0.2713 -0.5928 0.7583
vn -0.2505 -0.6687 0.7001
vn -0.1957 0.5928 0.7812
vn -0.1807 0.6687 0.7212
vn -0.2505 0.6687 0.7001
vn -0.2713 0.5928 0.7583
vn -0.1455 -0.8010 0.5807
vn -0.1639 -0.7384 0.6541
vn -0.2272 -0.7384 0.6349
vn -0.2017 -0.8010 0.5637
vn -0.2200 0.4249 0.8781
vn -0.2089 0.5112 0.8337
vn -0.2895 0.5112 0.8092
vn -0.3049 0.4249 0.8523
vn -0.1046 -0.9027 0.4174
vn -0.1256 -0.8560 0.5015
vn -0.1741 -0.8560 0.4867
vn -0.1449 -0.9027 0.4051
vn -0.2358 0.2413 0.9414
vn -0.2290 0.3346 0.9141
vn -0.3174 0.3346 0.8873
vn -0.3269 0.2413 0.9137
vn -0.0475 -0.9671 0.2499
vn -0.0810 -0.9400 0.3315
vn -0.1168 -0.9400 0.3206
vn -0.0993 -0.9671 0.2342
vn -0.2427 0.0487 0.9689
vn -0.2404 0.1456 0.9597
vn -0.3333 0.1456 0.9315
vn -0.3365 0.0487 0.9404
vn -0.0356 0.9844 0.1721
vn -0.0251 0.9962 0.0828
vn -0.1151 0.9849 0.1296
vn -0.0251 -0.9962 0.0828
vn 0.0237 -0.9849 0.1717
vn -0.0660 -0.9844 0.1628
vn -0.2404 -0.1456 0.9597
vn -0.2427 -0.0487 0.9689
vn -0.3365 -0.0487 0.9404
vn -0.3333 -0.1456 0.9315
vn -0.0831 0.9398 0.3316
vn -0.0613 0.9663 0.2501
vn -0.0880 0.9663 0.2420
vn -0.1152 0.9398 0.3219
vn -0.1840 -0.9027 0.3889
vn -0.2210 -0.8560 0.4673
vn -0.2658 -0.8560 0.4434
vn -0.2212 -0.9027 0.3691
vn -0.4150 0.2413 0.8773
vn -0.4029 0.3346 0.8519
vn -0.4844 0.3346 0.8083
vn -0.4989 0.2413 0.8324
vn -0.0954 -0.9671 0.2359
vn -0.1441 -0.9400 0.3093
vn -0.1771 -0.9400 0.2916
vn -0.1431 -0.9671 0.2103
vn -0.4271 0.0487 0.9029
vn -0.4230 0.1456 0.8943
vn -0.5086 0.1456 0.8486
vn -0.5135 0.0487 0.8567
vn -0.0685 0.9844 0.1618
vn -0.0408 0.9962 0.0763
vn -0.1382 0.9849 0.1046
vn -0.0408 -0.9962 0.0763
vn -0.0102 -0.9849 0.1730
vn -0.0965 -0.9844 0.1468
vn -0.4230 -0.1456 0.8943
vn -0.4271 -0.0487 0.9029
vn -0.5135 -0.0487 0.8567
vn -0.5086 -0.1456 0.8486
vn -0.1462 0.9398 0.3090
vn -0.1089 0.9663 0.2333
vn -0.1335 0.9663 0.2202
vn -0.1757 0.9398 0.2932
vn -0.4029 -0.3346 0.8519
vn -0.4150 -0.2413 0.8773
vn -0.4989 -0.2413 0.8324
vn -0.4844 -0.3346 0.8083
vn -0.2210 0.8560 0.4673
vn -0.1840 0.9027 0.3889
vn -0.2212 0.9027 0.3691
vn -0.2658 0.8560 0.4434
vn -0.3675 -0.5112 0.7769
vn -0.3871 -0.4249 0.8183
vn -0.4653 -0.4249 0.7765
vn -0.4418 -0.5112 0.7372
vn -0.2883 0.7384 0.6096
vn -0.2560 0.8010 0.5412
vn -0.3078 0.8010 0.5135
vn -0.3467 0.7384 0.5784
vn -0.3179 -0.6687 0.6721
vn -0.3444 -0.5928 0.7280
vn -0.4140 -0.5928 0.6908
vn -0.3822 -0.6687 0.6378
vn -0.3444 0.5928 0.7280
vn -0.3179 0.6687 0.6721
vn -0.3822 0.6687 0.6378
vn -0.4140 0.5928 0.6908
vn -0.2560 -0.8010 0.5412
vn -0.2883 -0.7384 0.6096
vn -0.3467 -0.7384 0.5784
vn -0.3078 -0.8010 0.5135
vn -0.3871 0.4249 0.8183
vn -0.3675 0.5112 0.7769
vn -0.4418 0.5112 0.7372
vn -0.4653 0.4249 0.7765
vn -0.3080 0.8560 0.4152
vn -0.2563 0.9027 0.3456
vn -0.2889 0.9027 0.3188
vn -0.3472 0.8560 0.3831
vn -0.5120 -0.5112 0.6903
vn -0.5393 -0.4249 0.7271
vn -0.6079 -0.4249 0.6708
vn -0.5772 -0.5112 0.6368
vn -0.4017 0.7384 0.5416
vn -0.3566 0.8010 0.4808
vn -0.4020 0.8010 0.4436
vn -0.4528 0.7384 0.4997
vn -0.4429 -0.6687 0.5972
vn -0.4798 -0.5928 0.6468
vn -0.5408 -0.5928 0.5967
vn -0.4993 -0.6687 0.5509
vn -0.4798 0.5928 0.6468
vn -0.4429 0.6687 0.5972
vn -0.4993 0.6687 0.5509
vn -0.5408 0.5928 0.5967
vn -0.3566 -0.8010 0.4808
vn -0.4017 -0.7384 0.5416
vn -0.4528 -0.7384 0.4997
vn -0.4020 -0.8010 0.4436
vn -0.5393 0.4249 0.7271
vn -0.5120 0.5112 0.6903
vn -0.5772 0.5112 0.6368
vn -0.6079 0.4249 0.6708
vn -0.2563 -0.9027 0.3456
vn -0.3080 -0.8560 0.4152
vn -0.3472 -0.8560 0.3831
vn -0.2889 -0.9027 0.3188
vn -0.5781 0.2413 0.7795
vn -0.5614 0.3346 0.7569
vn -0.6328 0.3346 0.6983
vn -0.6517 0.2413 0.7191
vn -0.1395 -0.9671 0.2127
vn -0.2017 -0.9400 0.2752
vn -0.2306 -0.9400 0.2515
vn -0.1814 -0.9671 0.1784
vn -0.5950 0.0487 0.8022
vn -0.5894 0.1456 0.7946
vn -0.6644 0.1456 0.7331
vn -0.6707 0.0487 0.7401
vn -0.0987 0.9844 0.1453
vn -0.0549 0.9962 0.0669
vn -0.1559 0.9849 0.0757
vn -0.0549 -0.9962 0.0669
vn -0.0438 -0.9849 0.1677
vn -0.1233 -0.9844 0.1252
vn -0.5894 -0.1456 0.7946
vn -0.5950 -0.0487 0.8022
vn -0.6707 -0.0487 0.7401
vn -0.6644 -0.1456 0.7331
vn -0.2036 0.9398 0.2746
vn -0.1523 0.9663 0.2076
vn -0.1739 0.9663 0.1899
vn -0.2296 0.9398 0.2533
vn -0.5614 -0.3346 0.7569
vn -0.5781 -0.2413 0.7795
vn -0.6517 -0.2413 0.7191
vn -0.6328 -0.3346 0.6983
vn -0.7191 0.2413 0.6517
vn -0.6983 0.3346 0.6328
vn -0.7569 0.3346 0.5614
vn -0.7795 0.2413 0.5781
vn -0.1784 -0.9671 0.1814
vn -0.2515 -0.9400 0.2306
vn -0.2752 -0.9400 0.2017
vn -0.2127 -0.9671 0.1395
vn -0.7401 0.0487 0.6707
vn -0.7331 0.1456 0.6644
vn -0.7946 0.1456 0.5894
vn -0.8022 0.0487 0.5950
vn -0.1252 0.9844 0.1233
vn -0.0669 0.9962 0.0549
vn -0.1677 0.9849 0.0438
vn -0.0669 -0.9962 0.0549
vn -0.0757 -0.9849 0.1559
vn -0.1453 -0.9844 0.0988
vn -0.7331 -0.1456 0.6644
vn -0.7401 -0.0487 0.6707
vn -0.8022 -0.0487 0.5950
vn -0.7946 -0.1456 0.5894
vn -0.2533 0.9398 0.2296
vn -0.1899 0.9663 0.1739
vn -0.2076 0.9663 0.1524
vn -0.2746 0.9398 0.2036
vn -0.6983 -0.3346 0.6328
vn -0.7191 -0.2413 0.6517
vn -0.7795 -0.2413 0.5781
vn -0.7569 -0.3346 0.5614
vn -0.3831 0.8560 0.3472
vn -0.3188 0.9027 0.2889
vn -0.3456 0.9027 0.2563
vn -0.4152 0.8560 0.3080
vn -0.6369 -0.5112 0.5772
vn -0.6708 -0.4249 0.6079
vn -0.7271 -0.4249 0.5393
vn -0.6903 -0.5112 0.5120
vn -0.4997 0.7384 0.4528
vn -0.4436 0.8010 0.4020
vn -0.4808 0.8010 0.3566
vn -0.5416 0.7384 0.4017
vn -0.5509 -0.6687 0.4993
vn -0.5967 -0.5928 0.5408
vn -0.6468 -0.5928 0.4798
vn -0.5972 -0.6687 0.4429
vn -0.5967 0.5928 0.5408
vn -0.5509 0.6687 0.4993
vn -0.5972 0.6687 0.4429
vn -0.6468 0.5928 0.4798
vn -0.4436 -0.8010 0.4020
vn -0.4997 -0.7384 0.4528
vn -0.5416 -0.7384 0.4017
vn -0.4808 -0.8010 0.3566
vn -0.6708 0.4249 0.6079
vn -0.6368 0.5112 0.5772
vn -0.6903 0.5112 0.5120
vn -0.7271 0.4249 0.5393
vn -0.3188 -0.9027 0.2889
vn -0.3831 -0.8560 0.3472
vn -0.4152 -0.8560 0.3080
vn -0.3456 -0.9027 0.2563
vn -0.7372 -0.5112 0.4418
vn -0.7765 -0.4249 0.4653
vn -0.8183 -0.4249 0.3871
vn -0.7769 -0.5112 0.3675
vn -0.5784 0.7384 0.3467
vn -0.5135 0.8010 0.3078
vn -0.5412 0.8010 0.2560
vn -0.6096 0.7384 0.2883
vn -0.6378 -0.6687 0.3822
vn -0.6908 -0.5928 0.4140
vn -0.7280 -0.5928 0.3444
vn -0.6721 -0.6687 0.3179
vn -0.6908 0.5928 0.4140
vn -0.6378 0.6687 0.3822
vn -0.6721 0.6687 0.3179
vn -0.7280 0.5928 0.3444
vn -0.5135 -0.8010 0.3078
vn -0.5784 -0.7384 0.3467
vn -0.6096 -0.7384 0.2883
vn -0.5412 -0.8010 0.2560
vn -0.7765 0.4249 0.4653
vn -0.7372 0.5112 0.4418
vn -0.7769 0.5112 0.3675
vn -0.8183 0.4249 0.3871
vn -0.3691 -0.9027 0.2212
vn -0.4434 -0.8560 0.2658
vn -0.4673 -0.8560 0.2210
vn -0.3889 -0.9027 0.1840
vn -0.8324 0.2413 0.4989
vn -0.8083 0.3346 0.4844
vn -0.8519 0.3346 0.4029
vn -0.8773 0.2413 0.4150
vn -0.2103 -0.9671 0.1431
vn -0.2916 -0.9400 0.1771
vn -0.3093 -0.9400 0.1441
vn -0.2358 -0.9671 0.0954
vn -0.8567 0.0487 0.5135
vn -0.8486 0.1456 0.5086
vn -0.8943 0.1456 0.4230
vn -0.9029 0.0487 0.4271
vn -0.1468 0.9844 0.0965
vn -0.0763 0.9962 0.0408
vn -0.1730 0.9849 0.0102
vn -0.0763 -0.9962 0.0408
vn -0.1046 -0.9849 0.1382
vn -0.1618 -0.9844 0.0685
vn -0.8486 -0.1456 0.5086
vn -0.8567 -0.0487 0.5135
vn -0.9029 -0.0487 0.4271
vn -0.8943 -0.1456 0.4230
vn -0.2932 0.9398 0.1757
vn -0.2202 0.9663 0.1335
vn -0.2333 0.9663 0.1089
vn -0.3090 0.9398 0.1462
vn -0.8083 -0.3346 0.4844
vn -0.8324 -0.2413 0.4989
vn -0.8773 -0.2413 0.4150
vn -0.8519 -0.3346 0.4029
vn -0.4434 0.8560 0.2658
vn -0.3691 0.9027 0.2212
vn -0.3889 0.9027 0.1840
vn -0.4673 0.8560 0.2210
vn -0.2342 -0.9671 0.0993
vn -0.3206 -0.9400 0.1168
vn -0.3315 -0.9400 0.0810
vn -0.2499 -0.9671 0.0475
vn -0.9404 0.0487 0.3365
vn -0.9315 0.1456 0.3333
vn -0.9597 0.1456 0.2404
vn -0.9689 0.0487 0.2427
vn -0.1628 0.9844 0.0660
vn -0.0828 0.9962 0.0251
vn -0.1717 0.9849 -0.0237
vn -0.0828 -0.9962 0.0251
vn -0.1296 -0.9849 0.1151
vn -0.1721 -0.9844 0.0356
vn -0.9315 -0.1456 0.3333
vn -0.9404 -0.0487 0.3365
vn -0.9689 -0.0487 0.2427
vn -0.9597 -0.1456 0.2404
vn -0.3219 0.9398 0.1152
vn -0.2420 0.9663 0.0880
vn -0.2501 0.9663 0.0613
vn -0.3316 0.9398 0.0831
vn -0.8873 -0.3346 0.3174
vn -0.9137 -0.2413 0.3269
vn -0.9414 -0.2413 0.2358
vn -0.9141 -0.3346 0.2290
vn -0.4867 0.8560 0.1741
vn -0.4051 0.9027 0.1449
vn -0.4174 0.9027 0.1046
vn -0.5015 0.8560 0.1256
vn -0.8092 -0.5112 0.2895
vn -0.8523 -0.4249 0.3049
vn -0.8781 -0.4249 0.2200
vn -0.8337 -0.5112 0.2089
vn -0.6349 0.7384 0.2272
vn -0.5637 0.8010 0.2017
vn -0.5807 0.8010 0.1455
vn -0.6541 0.7384 0.1639
vn -0.7001 -0.6687 0.2505
vn -0.7583 -0.5928 0.2713
vn -0.7812 -0.5928 0.1957
vn -0.7212 -0.6687 0.1807
vn -0.7583 0.5928 0.2713
vn -0.7001 0.6687 0.2505
vn -0.7212 0.6687 0.1807
vn -0.7812 0.5928 0.1957
vn -0.5637 -0.8010 0.2017
vn -0.6349 -0.7384 0.2272
vn -0.6541 -0.7384 0.1639
vn -0.5807 -0.8010 0.1455
vn -0.8523 0.4249 0.3049
vn -0.8092 0.5112 0.2895
vn -0.8337 0.5112 0.2089
vn -0.8781 0.4249 0.2200
vn -0.4051 -0.9027 0.1449
vn -0.4867 -0.8560 0.1741
vn -0.5015 -0.8560 0.1256
vn -0.4174 -0.9027 0.1046
vn -0.9137 0.2413 0.3269
vn -0.8873 0.3346 0.3174
vn -0.9141 0.3346 0.2290
vn -0.9414 0.2413 0.2358
vn -0.6670 0.7384 0.0989
vn -0.5922 0.8010 0.0878
vn -0.5979 0.8010 0.0294
vn -0.6735 0.7384 0.0331
vn -0.7355 -0.6687 0.1091
vn -0.7966 -0.5928 0.1181
vn -0.8044 -0.5928 0.0396
vn -0.7426 -0.6687 0.0365
vn -0.7966 0.5928 0.1181
vn -0.7355 0.6687 0.1091
vn -0.7426 0.6687 0.0365
vn -0.8044 0.5928 0.0395
vn -0.5922 -0.8010 0.0878
vn -0.6670 -0.7384 0.0989
vn -0.6735 -0.7384 0.0331
vn -0.5979 -0.8010 0.0294
vn -0.8954 0.4249 0.1328
vn -0.8502 0.5112 0.1261
vn -0.8584 0.5112 0.0422
vn -0.9041 0.4249 0.0445
vn -0.4256 -0.9027 0.0631
vn -0.5114 -0.8560 0.0758
vn -0.5163 -0.8560 0.0254
vn -0.4297 -0.9027 0.0211
vn -0.9600 0.2413 0.1424
vn -0.9322 0.3346 0.1382
vn -0.9412 0.3346 0.0463
vn -0.9693 0.2413 0.0477
vn -0.2491 -0.9671 0.0517
vn -0.3372 -0.9400 0.0520
vn -0.3409 -0.9400 0.0148
vn -0.2544 -0.9671 -0.0021
vn -0.9880 0.0487 0.1465
vn -0.9786 0.1456 0.1451
vn -0.9882 0.1456 0.0486
vn -0.9976 0.0487 0.0490
vn -0.1726 0.9844 0.0329
vn -0.0861 0.9962 0.0085
vn -0.1637 0.9849 -0.0567
vn -0.0861 -0.9962 0.0085
vn -0.1495 -0.9849 0.0876
vn -0.1757 -0.9844 0.0014
vn -0.9786 -0.1456 0.1451
vn -0.9880 -0.0487 0.1465
vn -0.9976 -0.0487 0.0490
vn -0.9882 -0.1456 0.0486
vn -0.3381 0.9398 0.0501
vn -0.2545 0.9663 0.0391
vn -0.2572 0.9663 0.0113
vn -0.3414 0.9398 0.0168
vn -0.9322 -0.3346 0.1382
vn -0.9600 -0.2413 0.1424
vn -0.9693 -0.2413 0.0477
vn -0.9412 -0.3346 0.0463
vn -0.5114 0.8560 0.0758
vn -0.4256 0.9027 0.0631
vn -0.4297 0.9027 0.0211
vn -0.5163 0.8560 0.0254
vn -0.8502 -0.5112 0.1261
vn -0.8954 -0.4249 0.1328
vn -0.9041 -0.4249 0.0445
vn -0.8584 -0.5112 0.0422
vn -0.9976 0.0487 -0.0490
vn -0.9882 0.1456 -0.0486
vn -0.9786 0.1456 -0.1451
vn -0.9880 0.0487 -0.1465
vn -0.1757 0.9844 -0.0014
vn -0.0861 0.9962 -0.0085
vn -0.1495 0.9849 -0.0876
vn -0.0861 -0.9962 -0.0085
vn -0.1637 -0.9849 0.0567
vn -0.1726 -0.9844 -0.0329
vn -0.9882 -0.1456 -0.0486
vn -0.9976 -0.0487 -0.0491
vn -0.9880 -0.0487 -0.1465
vn -0.9786 -0.1456 -0.1451
vn -0.3414 0.9398 -0.0168
vn -0.2572 0.9663 -0.0113
vn -0.2545 0.9663 -0.0391
vn -0.3381 0.9398 -0.0501
vn -0.9412 -0.3346 -0.0463
vn -0.9693 -0.2413 -0.0477
vn -0.9600 -0.2413 -0.1424
vn -0.9322 -0.3346 -0.1382
vn -0.5163 0.8560 -0.0254
vn -0.4297 0.9027 -0.0211
vn -0.4256 0.9027 -0.0631
vn -0.5114 0.8560 -0.0758
vn -0.8584 -0.5112 -0.0422
vn -0.9041 -0.4249 -0.0445
vn -0.8954 -0.4249 -0.1328
vn -0.8502 -0.5112 -0.1261
vn -0.6735 0.7384 -0.0331
vn -0.5979 0.8010 -0.0294
vn -0.5922 0.8010 -0.0878
vn -0.6670 0.7384 -0.0989
vn -0.7426 -0.6687 -0.0365
vn -0.8044 -0.5928 -0.0396
vn -0.7966 -0.5928 -0.1181
vn -0.7355 -0.6687 -0.1091
vn -0.8044 0.5928 -0.0395
vn -0.7426 0.6687 -0.0365
vn -0.7355 0.6687 -0.1091
vn -0.7966 0.5928 -0.1181
vn -0.5979 -0.8010 -0.0294
vn -0.6735 -0.7384 -0.0331
vn -0.6670 -0.7384 -0.0989
vn -0.5922 -0.8010 -0.0878
vn -0.9041 0.4249 -0.0445
vn -0.8584 0.5112 -0.0422
vn -0.8502 0.5112 -0.1261
vn -0.8954 0.4249 -0.1328
vn -0.4297 -0.9027 -0.0211
vn -0.5163 -0.8560 -0.0254
vn -0.5114 -0.8560 -0.0758
vn -0.4256 -0.9027 -0.0631
vn -0.9693 0.2413 -0.0477
vn -0.9412 0.3346 -0.0463
vn -0.9322 0.3346 -0.1382
vn -0.9600 0.2413 -0.1424
vn -0.2544 -0.9671 0.0021
vn -0.3409 -0.9400 -0.0148
vn -0.3372 -0.9400 -0.0520
vn -0.2491 -0.9671 -0.0517
vn -0.7212 -0.6687 -0.1807
vn -0.7812 -0.5928 -0.1957
vn -0.7583 -0.5928 -0.2713
vn -0.7001 -0.6687 -0.2505
vn -0.7812 0.5928 -0.1957
vn -0.7212 0.6687 -0.1807
vn -0.7001 0.6687 -0.2505
vn -0.7583 0.5928 -0.2713
vn -0.5807 -0.8010 -0.1455
vn -0.6541 -0.7384 -0.1639
vn -0.6349 -0.7384 -0.2272
vn -0.5637 -0.8010 -0.2017
vn -0.8781 0.4249 -0.2200
vn -0.8337 0.5112 -0.2089
vn -0.8092 0.5112 -0.2895
vn -0.8523 0.4249 -0.3049
vn -0.4174 -0.9027 -0.1046
vn -0.5015 -0.8560 -0.1256
vn -0.4867 -0.8560 -0.1741
vn -0.4051 -0.9027 -0.1449
vn -0.9414 0.2413 -0.2358
vn -0.9141 0.3346 -0.2290
vn -0.8873 0.3346 -0.3174
vn -0.9137 0.2413 -0.3269
vn -0.2499 -0.9671 -0.0475
vn -0.3315 -0.9400 -0.0810
vn -0.3206 -0.9400 -0.1168
vn -0.2342 -0.9671 -0.0993
vn -0.9689 0.0487 -0.2427
vn -0.9597 0.1456 -0.2404
vn -0.9315 0.1456 -0.3333
vn -0.9404 0.0487 -0.3365
vn -0.1721 0.9844 -0.0356
vn -0.0828 0.9962 -0.0251
vn -0.1296 0.9849 -0.1151
vn -0.0828 -0.9962 -0.0251
vn -0.1717 -0.9849 0.0237
vn -0.1628 -0.9844 -0.0660
vn -0.9597 -0.1456 -0.2404
vn -0.9689 -0.0487 -0.2427
vn -0.9404 -0.0487 -0.3365
vn -0.9315 -0.1456 -0.3333
vn -0.3316 0.9398 -0.0831
vn -0.2501 0.9663 -0.0613
vn -0.2420 0.9663 -0.0880
vn -0.3219 0.9398 -0.1152
vn -0.9141 -0.3346 -0.2290
vn -0.9414 -0.2413 -0.2358
vn -0.9137 -0.2413 -0.3269
vn -0.8873 -0.3346 -0.3174
vn -0.5015 0.8560 -0.1256
vn -0.4174 0.9027 -0.1046
vn -0.4051 0.9027 -0.1449
vn -0.4867 0.8560 -0.1741
vn -0.8337 -0.5112 -0.2089
vn -0.8781 -0.4249 -0.2200
vn -0.8523 -0.4249 -0.3049
vn -0.8092 -0.5112 -0.2895
vn -0.6541 0.7384 -0.1639
vn -0.5807 0.8010 -0.1455
vn -0.5637 0.8010 -0.2017
vn -0.6349 0.7384 -0.2272
vn -0.0763 -0.9962 -0.0408
vn -0.1730 -0.9849 -0.0102
vn -0.1468 -0.9844 -0.0965
vn -0.8943 -0.1456 -0.4230
vn -0.9029 -0.0487 -0.4271
vn -0.8567 -0.0487 -0.5135
vn -0.8486 -0.1456 -0.5086
vn -0.3090 0.9398 -0.1462
vn -0.2333 0.9663 -0.1089
vn -0.2202 0.9663 -0.1335
vn -0.2932 0.9398 -0.1757
vn -0.8519 -0.3346 -0.4029
vn -0.8773 -0.2413 -0.4150
vn -0.8324 -0.2413 -0.4989
vn -0.8083 -0.3346 -0.4844
vn -0.4673 0.8560 -0.2210
vn -0.3889 0.9027 -0.1840
vn -0.3691 0.9027 -0.2212
vn -0.4434 0.8560 -0.2657
vn -0.7769 -0.5112 -0.3675
vn -0.8183 -0.4249 -0.3871
vn -0.7765 -0.4249 -0.4653
vn -0.7372 -0.5112 -0.4418
vn -0.6096 0.7384 -0.2883
vn -0.5412 0.8010 -0.2560
vn -0.5135 0.8010 -0.3078
vn -0.5784 0.7384 -0.3467
vn -0.6721 -0.6687 -0.3179
vn -0.7280 -0.5928 -0.3444
vn -0.6908 -0.5928 -0.4140
vn -0.6378 -0.6687 -0.3822
vn -0.7280 0.5928 -0.3444
vn -0.6721 0.6687 -0.3179
vn -0.6378 0.6687 -0.3822
vn -0.6908 0.5928 -0.4140
vn -0.5412 -0.8010 -0.2560
vn -0.6096 -0.7384 -0.2883
vn -0.5784 -0.7384 -0.3467
vn -0.5135 -0.8010 -0.3078
vn -0.8183 0.4249 -0.3871
vn -0.7769 0.5112 -0.3675
vn -0.7372 0.5112 -0.4418
vn -0.7765 0.4249 -0.4654
vn -0.3889 -0.9027 -0.1840
vn -0.4673 -0.8560 -0.2210
vn -0.4434 -0.8560 -0.2658
vn -0.3691 -0.9027 -0.2212
vn -0.8773 0.2413 -0.4150
vn -0.8519 0.3346 -0.4029
vn -0.8083 0.3346 -0.4844
vn -0.8324 0.2413 -0.4989
vn -0.2358 -0.9671 -0.0954
vn -0.3093 -0.9400 -0.1441
vn -0.2916 -0.9400 -0.1771
vn -0.2103 -0.9671 -0.1431
vn -0.9029 0.0487 -0.4271
vn -0.8943 0.1456 -0.4230
vn -0.8486 0.1456 -0.5086
vn -0.8567 0.0487 -0.5135
vn -0.1618 0.9844 -0.0685
vn -0.0763 0.9962 -0.0408
vn -0.1046 0.9849 -0.1382
vn -0.4808 -0.8010 -0.3566
vn -0.5416 -0.7384 -0.4017
vn -0.4997 -0.7384 -0.4528
vn -0.4436 -0.8010 -0.4020
vn -0.7271 0.4249 -0.5393
vn -0.6903 0.5112 -0.5120
vn -0.6368 0.5112 -0.5772
vn -0.6708 0.4249 -0.6079
vn -0.3456 -0.9027 -0.2563
vn -0.4152 -0.8560 -0.3080
vn -0.3831 -0.8560 -0.3472
vn -0.3188 -0.9027 -0.2889
vn -0.7795 0.2413 -0.5781
vn -0.7569 0.3346 -0.5614
vn -0.6983 0.3346 -0.6328
vn -0.7191 0.2413 -0.6517
vn -0.2127 -0.9671 -0.1395
vn -0.2752 -0.9400 -0.2017
vn -0.2515 -0.9400 -0.2306
vn -0.1784 -0.9671 -0.1814
vn -0.8022 0.0487 -0.5950
vn -0.7946 0.1456 -0.5894
vn -0.7331 0.1456 -0.6644
vn -0.7401 0.0487 -0.6707
vn -0.1453 0.9844 -0.0988
vn -0.0669 0.9962 -0.0549
vn -0.0757 0.9849 -0.1559
vn -0.0669 -0.9962 -0.0549
vn -0.1677 -0.9849 -0.0438
vn -0.1252 -0.9844 -0.1233
vn -0.7946 -0.1456 -0.5894
vn -0.8022 -0.0487 -0.5950
vn -0.7401 -0.0487 -0.6707
vn -0.7331 -0.1456 -0.6644
vn -0.2746 0.9398 -0.2036
vn -0.2076 0.9663 -0.1523
vn -0.1899 0.9663 -0.1739
vn -0.2533 0.9398 -0.2296
vn -0.7569 -0.3346 -0.5614
vn -0.7795 -0.2413 -0.5781
vn -0.7191 -0.2413 -0.6517
vn -0.6983 -0.3346 -0.6328
vn -0.4152 0.8560 -0.3080
vn -0.3456 0.9027 -0.2563
vn -0.3188 0.9027 -0.2889
vn -0.3831 0.8560 -0.3472
vn -0.6903 -0.5112 -0.5120
vn -0.7271 -0.4249 -0.5393
vn -0.6708 -0.4249 -0.6079
vn -0.6368 -0.5112 -0.5772
vn -0.5416 0.7384 -0.4017
vn -0.4808 0.8010 -0.3566
vn -0.4436 0.8010 -0.4020
vn -0.4997 0.7384 -0.4528
vn -0.5972 -0.6687 -0.4429
vn -0.6468 -0.5928 -0.4798
vn -0.5967 -0.5928 -0.5408
vn -0.5509 -0.6687 -0.4993
vn -0.6468 0.5928 -0.4798
vn -0.5972 0.6687 -0.4429
vn -0.5509 0.6687 -0.4993
vn -0.5967 0.5928 -0.5408
vn -0.2296 0.9398 -0.2533
vn -0.1739 0.9663 -0.1899
vn -0.1523 0.9663 -0.2076
vn -0.2036 0.9398 -0.2746
vn -0.6328 -0.3346 -0.6983
vn -0.6517 -0.2413 -0.7191
vn -0.5781 -0.2413 -0.7795
vn -0.5614 -0.3346 -0.7569
vn -0.3472 0.8560 -0.3831
vn -0.2889 0.9027 -0.3188
vn -0.2563 0.9027 -0.3456
vn -0.3080 0.8560 -0.4152
vn -0.5772 -0.5112 -0.6368
vn -0.6079 -0.4249 -0.6708
vn -0.5393 -0.4249 -0.7271
vn -0.5120 -0.5112 -0.6903
vn -0.4528 0.7384 -0.4997
vn -0.4020 0.8010 -0.4436
vn -0.3566 0.8010 -0.4808
vn -0.4017 0.7384 -0.5416
vn -0.4993 -0.6687 -0.5509
vn -0.5408 -0.5928 -0.5967
vn -0.4798 -0.5928 -0.6468
vn -0.4429 -0.6687 -0.5972
vn -0.5408 0.5928 -0.5967
vn -0.4993 0.6687 -0.5509
vn -0.4429 0.6687 -0.5972
vn -0.4798 0.5928 -0.6468
vn -0.4020 -0.8010 -0.4436
vn -0.4528 -0.7384 -0.4997
vn -0.4017 -0.7384 -0.5416
vn -0.3566 -0.8010 -0.4808
vn -0.6079 0.4249 -0.6708
vn -0.5772 0.5112 -0.6369
vn -0.5120 0.5112 -0.6903
vn -0.5393 0.4249 -0.7271
vn -0.2889 -0.9027 -0.3188
vn -0.3472 -0.8560 -0.3831
vn -0.3080 -0.8560 -0.4152
vn -0.2563 -0.9027 -0.3456
vn -0.6517 0.2413 -0.7191
vn -0.6328 0.3346 -0.6983
vn -0.5614 0.3346 -0.7569
vn -0.5781 0.2413 -0.7795
vn -0.1814 -0.9671 -0.1784
vn -0.2306 -0.9400 -0.2515
vn -0.2017 -0.9400 -0.2752
vn -0.1395 -0.9671 -0.2127
vn -0.6707 0.0487 -0.7401
vn -0.6644 0.1456 -0.7331
vn -0.5894 0.1456 -0.7946
vn -0.5950 0.0487 -0.8022
vn -0.1233 0.9844 -0.1252
vn -0.0549 0.9962 -0.0669
vn -0.0438 0.9849 -0.1677
vn -0.0549 -0.9962 -0.0669
vn -0.1559 -0.9849 -0.0757
vn -0.0987 -0.9844 -0.1453
vn -0.6644 -0.1456 -0.7331
vn -0.6707 -0.0487 -0.7401
vn -0.5950 -0.0487 -0.8022
vn -0.5894 -0.1456 -0.7946
vn -0.4653 0.4249 -0.7765
vn -0.4418 0.5112 -0.7372
vn -0.3675 0.5112 -0.7769
vn -0.3871 0.4249 -0.8183
vn -0.2212 -0.9027 -0.3691
vn -0.2658 -0.8560 -0.4434
vn -0.2210 -0.8560 -0.4673
vn -0.1840 -0.9027 -0.3889
vn -0.4989 0.2413 -0.8324
vn -0.4844 0.3346 -0.8083
vn -0.4029 0.3346 -0.8519
vn -0.4150 0.2413 -0.8773
vn -0.1431 -0.9671 -0.2103
vn -0.1771 -0.9400 -0.2916
vn -0.1441 -0.9400 -0.3093
vn -0.0954 -0.9671 -0.2359
vn -0.5135 0.0487 -0.8567
vn -0.5086 0.1456 -0.8486
vn -0.4230 0.1456 -0.8943
vn -0.4271 0.0487 -0.9029
vn -0.0965 0.9844 -0.1468
vn -0.0408 0.9962 -0.0763
vn -0.0102 0.9849 -0.1730
vn -0.0408 -0.9962 -0.0763
vn -0.1382 -0.9849 -0.1046
vn -0.0685 -0.9844 -0.1618
vn -0.5086 -0.1456 -0.8486
vn -0.5135 -0.0487 -0.8567
vn -0.4271 -0.0487 -0.9029
vn -0.4230 -0.1456 -0.8943
vn -0.1757 0.9398 -0.2932
vn -0.1335 0.9663 -0.2202
vn -0.1089 0.9663 -0.2333
vn -0.1462 0.9398 -0.3090
vn -0.4844 -0.3346 -0.8083
vn -0.4989 -0.2413 -0.8324
vn -0.4150 -0.2413 -0.8773
vn -0.4029 -0.3346 -0.8519
vn -0.2658 0.8560 -0.4434
vn -0.2212 0.9027 -0.3691
vn -0.1840 0.9027 -0.3889
vn -0.2210 0.8560 -0.4673
vn -0.4418 -0.5112 -0.7372
vn -0.4653 -0.4249 -0.7765
vn -0.3871 -0.4249 -0.8183
vn -0.3675 -0.5112 -0.7769
vn -0.3467 0.7384 -0.5784
vn -0.3078 0.8010 -0.5135
vn -0.2560 0.8010 -0.5412
vn -0.2883 0.7384 -0.6096
vn -0.3822 -0.6687 -0.6378
vn -0.4140 -0.5928 -0.6908
vn -0.3444 -0.5928 -0.7280
vn -0.3179 -0.6687 -0.6721
vn -0.4140 0.5928 -0.6908
vn -0.3822 0.6687 -0.6378
vn -0.3179 0.6687 -0.6721
vn -0.3444 0.5928 -0.7280
vn -0.3078 -0.8010 -0.5135
vn -0.3467 -0.7384 -0.5784
vn -0.2883 -0.7384 -0.6096
vn -0.2560 -0.8010 -0.5412
vn -0.3174 -0.3346 -0.8873
vn -0.3269 -0.2413 -0.9137
vn -0.2358 -0.2413 -0.9414
vn -0.2290 -0.3346 -0.9141
vn -0.1741 0.8560 -0.4867
vn -0.1449 0.9027 -0.4051
vn -0.1046 0.9027 -0.4174
vn -0.1256 0.8560 -0.5015
vn -0.2895 -0.5112 -0.8092
vn -0.3049 -0.4249 -0.8523
vn -0.2200 -0.4249 -0.8781
vn -0.2089 -0.5112 -0.8337
vn -0.2272 0.7384 -0.6349
vn -0.2017 0.8010 -0.5637
vn -0.1455 0.8010 -0.5807
vn -0.1639 0.7384 -0.6541
vn -0.2505 -0.6687 -0.7001
vn -0.2713 -0.5928 -0.7583
vn -0.1957 -0.5928 -0.7812
vn -0.1807 -0.6687 -0.7212
vn -0.2713 0.5928 -0.7583
vn -0.2505 0.6687 -0.7001
vn -0.1807 0.6687 -0.7212
vn -0.1957 0.5928 -0.7812
vn -0.2017 -0.8010 -0.5637
vn -0.2272 -0.7384 -0.6349
vn -0.1639 -0.7384 -0.6541
vn -0.1455 -0.8010 -0.5807
vn -0.3049 0.4249 -0.8523
vn -0.2895 0.5112 -0.8092
vn -0.2089 0.5112 -0.8337
vn -0.2200 0.4249 -0.8781
vn -0.1449 -0.9027 -0.4051
vn -0.1741 -0.8560 -0.4867
vn -0.1256 -0.8560 -0.5015
vn -0.1046 -0.9027 -0.4174
vn -0.3269 0.2413 -0.9137
vn -0.3174 0.3346 -0.8873
vn -0.2290 0.3346 -0.9141
vn -0.2358 0.2413 -0.9414
vn -0.0993 -0.9671 -0.2342
vn -0.1168 -0.9400 -0.3206
vn -0.0810 -0.9400 -0.3315
vn -0.0475 -0.9671 -0.2499
vn -0.3365 0.0487 -0.9404
vn -0.3333 0.1456 -0.9315
vn -0.2404 0.1456 -0.9597
vn -0.2427 0.0487 -0.9689
vn -0.0660 0.9844 -0.1628
vn -0.0251 0.9962 -0.0828
vn 0.0237 0.9849 -0.1717
vn -0.0251 -0.9962 -0.0828
vn -0.1151 -0.9849 -0.1296
vn -0.0356 -0.9844 -0.1721
vn -0.3333 -0.1456 -0.9315
vn -0.3365 -0.0487 -0.9404
vn -0.2427 -0.0487 -0.9689
vn -0.2404 -0.1456 -0.9597
vn -0.1152 0.9398 -0.3219
vn -0.0880 0.9663 -0.2420
vn -0.0613 0.9663 -0.2501
vn -0.0831 0.9398 -0.3316
vn -0.0631 -0.9027 -0.4256
vn -0.0758 -0.8560 -0.5114
vn -0.0254 -0.8560 -0.5163
vn -0.0211 -0.9027 -0.4297
vn -0.1424 0.2413 -0.9600
vn -0.1382 0.3346 -0.9322
vn -0.0463 0.3346 -0.9412
vn -0.0477 0.2413 -0.9693
vn -0.0517 -0.9671 -0.2491
vn -0.0520 -0.9400 -0.3372
vn -0.0148 -0.9400 -0.3409
vn 0.0022 -0.9671 -0.2544
vn -0.1465 0.0487 -0.9880
vn -0.1451 0.1456 -0.9786
vn -0.0486 0.1456 -0.9881
vn -0.0491 0.0487 -0.9976
vn -0.0329 0.9844 -0.1726
vn -0.0085 0.9962 -0.0861
vn 0.0568 0.9849 -0.1637
vn -0.0085 -0.9962 -0.0861
vn -0.0876 -0.9849 -0.1495
vn -0.0014 -0.9844 -0.1757
vn -0.1451 -0.1456 -0.9786
vn -0.1465 -0.0487 -0.9880
vn -0.0491 -0.0487 -0.9976
vn -0.0486 -0.1456 -0.9881
vn -0.0501 0.9398 -0.3381
vn -0.0391 0.9663 -0.2545
vn -0.0113 0.9663 -0.2572
vn -0.0168 0.9398 -0.3414
vn -0.1382 -0.3346 -0.9322
vn -0.1424 -0.2413 -0.9600
vn -0.0477 -0.2413 -0.9693
vn -0.0463 -0.3346 -0.9412
vn -0.0758 0.8560 -0.5114
vn -0.0631 0.9027 -0.4256
vn -0.0211 0.9027 -0.4297
vn -0.0254 0.8560 -0.5163
vn -0.1261 -0.5112 -0.8502
vn -0.1328 -0.4249 -0.8954
vn -0.0445 -0.4249 -0.9041
vn -0.0422 -0.5112 -0.8584
vn -0.0989 0.7384 -0.6670
vn -0.0878 0.8010 -0.5922
vn -0.0294 0.8010 -0.5979
vn -0.0331 0.7384 -0.6735
vn -0.1091 -0.6687 -0.7355
vn -0.1181 -0.5928 -0.7966
vn -0.0396 -0.5928 -0.8044
vn -0.0365 -0.6687 -0.7426
vn -0.1181 0.5928 -0.7966
vn -0.1091 0.6687 -0.7355
vn -0.0365 0.6687 -0.7426
vn -0.0395 0.5928 -0.8044
vn -0.0878 -0.8010 -0.5922
vn -0.0989 -0.7384 -0.6670
vn -0.0331 -0.7384 -0.6735
vn -0.0294 -0.8010 -0.5979
vn -0.1328 0.4249 -0.8954
vn -0.1261 0.5112 -0.8502
vn -0.0422 0.5112 -0.8584
vn -0.0445 0.4249 -0.9041
vn 0.0113 -0.9663 -0.2572
vn 0.0168 -0.9398 -0.3414
vn 0.0501 -0.9398 -0.3381
vn 0.0391 -0.9663 -0.2545
vn -0.0568 0.9849 -0.1637
vn 0.0111 0.9936 -0.1122
vn 0.0329 0.9844 -0.1726
vn 0.0111 -0.9936 -0.1122
vn 0.0014 -0.9844 -0.1757
vn 0.0876 -0.9849 -0.1495
vn 0.0486 -0.1456 -0.9881
vn 0.0148 0.9400 -0.3409
vn -0.0022 0.9671 -0.2544
vn 0.0517 0.9671 -0.2491
vn 0.0520 0.9400 -0.3372
vn 0.0613 -0.9663 -0.2501
vn 0.0831 -0.9398 -0.3316
vn 0.1151 -0.9398 -0.3219
vn 0.0880 -0.9663 -0.2420
vn -0.0237 0.9849 -0.1717
vn 0.0327 0.9936 -0.1079
vn 0.0660 0.9844 -0.1628
vn 0.0327 -0.9936 -0.1079
vn 0.0356 -0.9844 -0.1720
vn 0.1151 -0.9849 -0.1296
vn 0.0810 0.9400 -0.3315
vn 0.0475 0.9671 -0.2499
vn 0.0993 0.9671 -0.2342
vn 0.1168 0.9400 -0.3206
vn 0.1441 0.9400 -0.3093
vn 0.0954 0.9671 -0.2359
vn 0.1431 0.9671 -0.2103
vn 0.1771 0.9400 -0.2916
vn 0.1089 -0.9663 -0.2333
vn 0.1462 -0.9398 -0.3090
vn 0.1757 -0.9398 -0.2932
vn 0.1335 -0.9663 -0.2202
vn 0.0102 0.9849 -0.1730
vn 0.0532 0.9936 -0.0995
vn 0.0965 0.9844 -0.1468
vn 0.0532 -0.9936 -0.0995
vn 0.0685 -0.9844 -0.1618
vn 0.1382 -0.9849 -0.1046
vn 0.1523 -0.9663 -0.2076
vn 0.2036 -0.9398 -0.2746
vn 0.2296 -0.9398 -0.2533
vn 0.1739 -0.9663 -0.1899
vn 0.0438 0.9849 -0.1677
vn 0.0716 0.9936 -0.0872
vn 0.1233 0.9844 -0.1252
vn 0.0716 -0.9936 -0.0872
vn 0.0987 -0.9844 -0.1453
vn 0.1559 -0.9849 -0.0757
vn 0.2017 0.9400 -0.2752
vn 0.1395 0.9671 -0.2127
vn 0.1814 0.9671 -0.1784
vn 0.2306 0.9400 -0.2515
vn 0.2515 0.9400 -0.2306
vn 0.1784 0.9671 -0.1814
vn 0.2127 0.9671 -0.1395
vn 0.2752 0.9400 -0.2017
vn 0.1899 -0.9663 -0.1739
vn 0.2533 -0.9398 -0.2296
vn 0.2746 -0.9398 -0.2036
vn 0.2076 -0.9663 -0.1523
vn 0.0757 0.9849 -0.1559
vn 0.0872 0.9936 -0.0716
vn 0.1453 0.9844 -0.0988
vn 0.0872 -0.9936 -0.0716
vn 0.1252 -0.9844 -0.1233
vn 0.1677 -0.9849 -0.0438
vn 0.4434 -0.8560 -0.2657
vn 0.2202 -0.9663 -0.1335
vn 0.2932 -0.9398 -0.1757
vn 0.3090 -0.9398 -0.1462
vn 0.2333 -0.9663 -0.1089
vn 0.1046 0.9849 -0.1382
vn 0.0995 0.9936 -0.0532
vn 0.1618 0.9844 -0.0685
vn 0.0995 -0.9936 -0.0532
vn 0.1468 -0.9844 -0.0965
vn 0.1730 -0.9849 -0.0102
vn 0.2916 0.9400 -0.1771
vn 0.2103 0.9671 -0.1431
vn 0.2358 0.9671 -0.0954
vn 0.3093 0.9400 -0.1441
vn 0.2420 -0.9663 -0.0880
vn 0.3219 -0.9398 -0.1152
vn 0.3316 -0.9398 -0.0831
vn 0.2501 -0.9663 -0.0613
vn 0.1296 0.9849 -0.1151
vn 0.1079 0.9936 -0.0327
vn 0.1721 0.9844 -0.0356
vn 0.1079 -0.9936 -0.0327
vn 0.1628 -0.9844 -0.0660
vn 0.1717 -0.9849 0.0237
vn 0.3206 0.9400 -0.1168
vn 0.2342 0.9671 -0.0993
vn 0.2499 0.9671 -0.0475
vn 0.3315 0.9400 -0.0810
vn 0.2545 -0.9663 -0.0391
vn 0.3381 -0.9398 -0.0501
vn 0.3414 -0.9398 -0.0168
vn 0.2572 -0.9663 -0.0113
vn 0.1495 0.9849 -0.0876
vn 0.1123 0.9936 -0.0111
vn 0.1757 0.9844 -0.0014
vn 0.1123 -0.9936 -0.0111
vn 0.1726 -0.9844 -0.0329
vn 0.1637 -0.9849 0.0567
vn 0.3372 0.9400 -0.0520
vn 0.2491 0.9671 -0.0517
vn 0.2544 0.9671 0.0022
vn 0.3409 0.9400 -0.0148
vn 0.8044 -0.5928 0.0395
vn 0.2572 -0.9663 0.0113
vn 0.3414 -0.9398 0.0168
vn 0.3381 -0.9398 0.0501
vn 0.2545 -0.9663 0.0391
vn 0.9976 0.0487 0.0491
vn 0.9882 0.1456 0.0486
vn 0.1637 0.9849 -0.0567
vn 0.1123 0.9936 0.0111
vn 0.1726 0.9844 0.0329
vn 0.1123 -0.9936 0.0111
vn 0.1757 -0.9844 0.0014
vn 0.1495 -0.9849 0.0876
vn 0.3409 0.9400 0.0148
vn 0.2544 0.9671 -0.0022
vn 0.2491 0.9671 0.0517
vn 0.3372 0.9400 0.0520
vn 0.2501 -0.9663 0.0613
vn 0.3316 -0.9398 0.0831
vn 0.3219 -0.9398 0.1152
vn 0.2420 -0.9663 0.0880
vn 0.1717 0.9849 -0.0237
vn 0.1079 0.9936 0.0327
vn 0.1628 0.9844 0.0660
vn 0.1079 -0.9936 0.0327
vn 0.1721 -0.9844 0.0356
vn 0.1296 -0.9849 0.1151
vn 0.3315 0.9400 0.0810
vn 0.2499 0.9671 0.0475
vn 0.2342 0.9671 0.0993
vn 0.3206 0.9400 0.1168
vn 0.2333 -0.9663 0.1089
vn 0.3090 -0.9398 0.1462
vn 0.2932 -0.9398 0.1757
vn 0.2202 -0.9663 0.1335
vn 0.1730 0.9849 0.0102
vn 0.0995 0.9936 0.0532
vn 0.1468 0.9844 0.0965
vn 0.0995 -0.9936 0.0532
vn 0.1618 -0.9844 0.0685
vn 0.1046 -0.9849 0.1382
vn 0.3093 0.9400 0.1441
vn 0.2358 0.9671 0.0954
vn 0.2103 0.9671 0.1431
vn 0.2916 0.9400 0.1771
vn 0.1677 0.9849 0.0438
vn 0.0872 0.9936 0.0716
vn 0.1252 0.9844 0.1233
vn 0.0872 -0.9936 0.0716
vn 0.1453 -0.9844 0.0988
vn 0.0757 -0.9849 0.1559
vn 0.2752 0.9400 0.2017
vn 0.2127 0.9671 0.1395
vn 0.1784 0.9671 0.1814
vn 0.2515 0.9400 0.2306
vn 0.3831 -0.8560 0.3471
vn 0.2076 -0.9663 0.1523
vn 0.2746 -0.9398 0.2036
vn 0.2533 -0.9398 0.2296
vn 0.1899 -0.9663 0.1739
vn 0.1739 -0.9663 0.1899
vn 0.2296 -0.9398 0.2533
vn 0.2036 -0.9398 0.2746
vn 0.1523 -0.9663 0.2076
vn 0.1559 0.9849 0.0757
vn 0.0716 0.9936 0.0872
vn 0.0987 0.9844 0.1453
vn 0.0716 -0.9936 0.0872
vn 0.1233 -0.9844 0.1252
vn 0.0438 -0.9849 0.1677
vn 0.2306 0.9400 0.2515
vn 0.1814 0.9671 0.1784
vn 0.1395 0.9671 0.2127
vn 0.2017 0.9400 0.2752
vn 0.5772 -0.5112 0.6369
vn 0.1382 0.9849 0.1046
vn 0.0532 0.9936 0.0995
vn 0.0685 0.9844 0.1618
vn 0.0532 -0.9936 0.0995
vn 0.0965 -0.9844 0.1468
vn 0.0102 -0.9849 0.1730
vn 0.1771 0.9400 0.2916
vn 0.1431 0.9671 0.2103
vn 0.0954 0.9671 0.2359
vn 0.1441 0.9400 0.3093
vn 0.4030 -0.3346 0.8519
vn 0.1335 -0.9663 0.2202
vn 0.1757 -0.9398 0.2932
vn 0.1462 -0.9398 0.3090
vn 0.1089 -0.9663 0.2333
vn 0.0880 -0.9663 0.2420
vn 0.1151 -0.9398 0.3219
vn 0.0831 -0.9398 0.3316
vn 0.0613 -0.9663 0.2501
vn 0.1151 0.9849 0.1296
vn 0.0327 0.9936 0.1079
vn 0.0356 0.9844 0.1721
vn 0.0327 -0.9936 0.1079
vn 0.0660 -0.9844 0.1628
vn -0.0237 -0.9849 0.1717
vn 0.1168 0.9400 0.3206
vn 0.0993 0.9671 0.2342
vn 0.0475 0.9671 0.2499
vn 0.0810 0.9400 0.3315
vn 0.0520 0.9400 0.3372
vn 0.0517 0.9671 0.2491
vn -0.0022 0.9671 0.2544
vn 0.0148 0.9400 0.3409
vn 0.0396 0.5928 0.8044
vn 0.0391 -0.9663 0.2545
vn 0.0501 -0.9398 0.3381
vn 0.0168 -0.9398 0.3414
vn 0.0113 -0.9663 0.2572
vn 0.0876 0.9849 0.1495
vn 0.0111 0.9936 0.1123
vn 0.0014 0.9844 0.1757
vn 0.0111 -0.9936 0.1122
vn 0.0329 -0.9844 0.1726
vn -0.0568 -0.9849 0.1637
vn -0.0113 -0.9663 0.2572
vn -0.0168 -0.9398 0.3414
vn -0.0501 -0.9398 0.3381
vn -0.0391 -0.9663 0.2545
vn -0.0491 0.0487 0.9976
vn 0.0568 0.9849 0.1637
vn -0.0111 0.9936 0.1122
vn -0.0329 0.9844 0.1726
vn -0.0111 -0.9936 0.1123
vn -0.0014 -0.9844 0.1757
vn -0.0876 -0.9849 0.1495
vn -0.0490 -0.0487 0.9976
vn -0.0148 0.9400 0.3409
vn 0.0022 0.9671 0.2544
vn -0.0517 0.9671 0.2491
vn -0.0520 0.9400 0.3372
vn -0.0396 0.5928 0.8044
vn -0.0613 -0.9663 0.2501
vn -0.0831 -0.9398 0.3316
vn -0.1151 -0.9398 0.3219
vn -0.0880 -0.9663 0.2420
vn 0.0237 0.9849 0.1717
vn -0.0327 0.9936 0.1079
vn -0.0660 0.9844 0.1628
vn -0.0327 -0.9936 0.1079
vn -0.0356 -0.9844 0.1721
vn -0.1151 -0.9849 0.1296
vn -0.0810 0.9400 0.3315
vn -0.0475 0.9671 0.2499
vn -0.0993 0.9671 0.2342
vn -0.1168 0.9400 0.3206
vn -0.1089 -0.9663 0.2333
vn -0.1462 -0.9398 0.3090
vn -0.1757 -0.9398 0.2932
vn -0.1335 -0.9663 0.2202
vn -0.0102 0.9849 0.1730
vn -0.0532 0.9936 0.0995
vn -0.0965 0.9844 0.1468
vn -0.0532 -0.9936 0.0995
vn -0.0685 -0.9844 0.1618
vn -0.1382 -0.9849 0.1046
vn -0.1441 0.9400 0.3093
vn -0.0954 0.9671 0.2358
vn -0.1431 0.9671 0.2103
vn -0.1771 0.9400 0.2916
vn -0.1523 -0.9663 0.2076
vn -0.2036 -0.9398 0.2746
vn -0.2296 -0.9398 0.2533
vn -0.1739 -0.9663 0.1899
vn -0.0438 0.9849 0.1677
vn -0.0716 0.9936 0.0872
vn -0.1233 0.9844 0.1252
vn -0.0716 -0.9936 0.0872
vn -0.0987 -0.9844 0.1453
vn -0.1559 -0.9849 0.0757
vn -0.2017 0.9400 0.2752
vn -0.1395 0.9671 0.2127
vn -0.1814 0.9671 0.1784
vn -0.2306 0.9400 0.2515
vn -0.1899 -0.9663 0.1739
vn -0.2533 -0.9398 0.2296
vn -0.2746 -0.9398 0.2036
vn -0.2076 -0.9663 0.1523
vn -0.0757 0.9849 0.1559
vn -0.0872 0.9936 0.0716
vn -0.1453 0.9844 0.0988
vn -0.0872 -0.9936 0.0716
vn -0.1252 -0.9844 0.1233
vn -0.1677 -0.9849 0.0438
vn -0.2515 0.9400 0.2306
vn -0.1784 0.9671 0.1814
vn -0.2127 0.9671 0.1395
vn -0.2752 0.9400 0.2017
vn -0.6368 -0.5112 0.5772
vn -0.6369 0.5112 0.5772
vn -0.3831 -0.8560 0.3471
vn -0.4434 -0.8560 0.2657
vn -0.2202 -0.9663 0.1335
vn -0.2932 -0.9398 0.1757
vn -0.3090 -0.9398 0.1462
vn -0.2333 -0.9663 0.1089
vn -0.1046 0.9849 0.1382
vn -0.0995 0.9936 0.0532
vn -0.1618 0.9844 0.0685
vn -0.0995 -0.9936 0.0532
vn -0.1468 -0.9844 0.0965
vn -0.1730 -0.9849 0.0102
vn -0.2916 0.9400 0.1771
vn -0.2103 0.9671 0.1431
vn -0.2358 0.9671 0.0954
vn -0.3093 0.9400 0.1441
vn -0.2420 -0.9663 0.0880
vn -0.3219 -0.9398 0.1152
vn -0.3316 -0.9398 0.0831
vn -0.2501 -0.9663 0.0613
vn -0.1296 0.9849 0.1151
vn -0.1079 0.9936 0.0327
vn -0.1721 0.9844 0.0356
vn -0.1079 -0.9936 0.0327
vn -0.1628 -0.9844 0.0660
vn -0.1717 -0.9849 -0.0237
vn -0.3206 0.9400 0.1168
vn -0.2342 0.9671 0.0993
vn -0.2499 0.9671 0.0475
vn -0.3315 0.9400 0.0810
vn -0.8044 -0.5928 0.0395
vn -0.2545 -0.9663 0.0391
vn -0.3381 -0.9398 0.0501
vn -0.3414 -0.9398 0.0168
vn -0.2572 -0.9663 0.0113
vn -0.1495 0.9849 0.0876
vn -0.1123 0.9936 0.0111
vn -0.1757 0.9844 0.0014
vn -0.1123 -0.9936 0.0111
vn -0.1726 -0.9844 0.0329
vn -0.1637 -0.9849 -0.0567
vn -0.3372 0.9400 0.0520
vn -0.2491 0.9671 0.0517
vn -0.2544 0.9671 -0.0022
vn -0.3409 0.9400 0.0148
vn -0.1637 0.9849 0.0567
vn -0.1123 0.9936 -0.0111
vn -0.1726 0.9844 -0.0329
vn -0.1123 -0.9936 -0.0111
vn -0.1757 -0.9844 -0.0014
vn -0.1495 -0.9849 -0.0876
vn -0.9976 -0.0487 -0.0490
vn -0.3409 0.9400 -0.0148
vn -0.2544 0.9671 0.0021
vn -0.2491 0.9671 -0.0517
vn -0.3372 0.9400 -0.0520
vn -0.8044 -0.5928 -0.0395
vn -0.8044 0.5928 -0.0396
vn -0.2572 -0.9663 -0.0113
vn -0.3414 -0.9398 -0.0168
vn -0.3381 -0.9398 -0.0501
vn -0.2545 -0.9663 -0.0391
vn -0.2501 -0.9663 -0.0613
vn -0.3316 -0.9398 -0.0831
vn -0.3219 -0.9398 -0.1152
vn -0.2420 -0.9663 -0.0880
vn -0.1717 0.9849 0.0237
vn -0.1079 0.9936 -0.0327
vn -0.1628 0.9844 -0.0660
vn -0.1079 -0.9936 -0.0327
vn -0.1721 -0.9844 -0.0356
vn -0.1296 -0.9849 -0.1151
vn -0.3315 0.9400 -0.0810
vn -0.2499 0.9671 -0.0475
vn -0.2342 0.9671 -0.0993
vn -0.3206 0.9400 -0.1168
vn -0.0995 -0.9936 -0.0532
vn -0.1618 -0.9844 -0.0685
vn -0.1046 -0.9849 -0.1382
vn -0.3093 0.9400 -0.1441
vn -0.2358 0.9671 -0.0954
vn -0.2103 0.9671 -0.1431
vn -0.2916 0.9400 -0.1771
vn -0.4434 0.8560 -0.2658
vn -0.7765 0.4249 -0.4653
vn -0.2333 -0.9663 -0.1089
vn -0.3090 -0.9398 -0.1462
vn -0.2932 -0.9398 -0.1757
vn -0.2202 -0.9663 -0.1335
vn -0.1730 0.9849 -0.0102
vn -0.0995 0.9936 -0.0532
vn -0.1468 0.9844 -0.0965
vn -0.2076 -0.9663 -0.1523
vn -0.2746 -0.9398 -0.2036
vn -0.2533 -0.9398 -0.2296
vn -0.1899 -0.9663 -0.1739
vn -0.1677 0.9849 -0.0438
vn -0.0872 0.9936 -0.0716
vn -0.1252 0.9844 -0.1233
vn -0.0872 -0.9936 -0.0716
vn -0.1453 -0.9844 -0.0987
vn -0.0757 -0.9849 -0.1559
vn -0.2752 0.9400 -0.2017
vn -0.2127 0.9671 -0.1395
vn -0.1784 0.9671 -0.1814
vn -0.2515 0.9400 -0.2306
vn -0.2306 0.9400 -0.2515
vn -0.1814 0.9671 -0.1784
vn -0.1395 0.9671 -0.2127
vn -0.2017 0.9400 -0.2752
vn -0.5772 -0.5112 -0.6369
vn -0.5772 0.5112 -0.6368
vn -0.1739 -0.9663 -0.1899
vn -0.2296 -0.9398 -0.2533
vn -0.2036 -0.9398 -0.2746
vn -0.1523 -0.9663 -0.2076
vn -0.1559 0.9849 -0.0757
vn -0.0716 0.9936 -0.0872
vn -0.0987 0.9844 -0.1453
vn -0.0716 -0.9936 -0.0872
vn -0.1233 -0.9844 -0.1252
vn -0.0438 -0.9849 -0.1677
vn -0.1335 -0.9663 -0.2202
vn -0.1757 -0.9398 -0.2932
vn -0.1462 -0.9398 -0.3090
vn -0.1089 -0.9663 -0.2333
vn -0.1382 0.9849 -0.1046
vn -0.0532 0.9936 -0.0995
vn -0.0685 0.9844 -0.1618
vn -0.0532 -0.9936 -0.0995
vn -0.0965 -0.9844 -0.1468
vn -0.0102 -0.9849 -0.1730
vn -0.1771 0.9400 -0.2916
vn -0.1431 0.9671 -0.2103
vn -0.0954 0.9671 -0.2359
vn -0.1441 0.9400 -0.3093
vn -0.0880 -0.9663 -0.2420
vn -0.1151 -0.9398 -0.3219
vn -0.0831 -0.9398 -0.3316
vn -0.0613 -0.9663 -0.2501
vn -0.1151 0.9849 -0.1296
vn -0.0327 0.9936 -0.1079
vn -0.0356 0.9844 -0.1721
vn -0.0327 -0.9936 -0.1079
vn -0.0660 -0.9844 -0.1628
vn 0.0237 -0.9849 -0.1717
vn -0.1168 0.9400 -0.3206
vn -0.0993 0.9671 -0.2342
vn -0.0475 0.9671 -0.2499
vn -0.0810 0.9400 -0.3315
vn -0.0391 -0.9663 -0.2545
vn -0.0501 -0.9398 -0.3381
vn -0.0168 -0.9398 -0.3414
vn -0.0113 -0.9663 -0.2572
vn -0.0876 0.9849 -0.1495
vn -0.0111 0.9936 -0.1122
vn -0.0014 0.9844 -0.1757
vn -0.0111 -0.9936 -0.1122
vn -0.0329 -0.9844 -0.1726
vn 0.0567 -0.9849 -0.1637
vn -0.0520 0.9400 -0.3372
vn -0.0517 0.9671 -0.2491
vn 0.0022 0.9671 -0.2544
vn -0.0148 0.9400 -0.3409
vn -0.0395 -0.5928 -0.8044
vn -0.0396 0.5928 -0.8044
usemtl マテリアル
s off
f 1394/1/1 1402/2/1 477/3/1
f 2/4/2 1475/5/2 1394/1/2
f 1475/5/3 11/6/3 489/7/3
f 1402/2/4 489/7/4 12/8/4
f 481/9/5 1476/10/5 1403/11/5
f 1379/12/6 1404/13/6 1476/10/6
f 1404/13/7 497/14/7 1476/10/7
f 1476/10/8 20/15/8 1403/11/8
f 1395/16/9 500/17/9 3/18/9
f 477/3/10 1477/19/10 1395/16/10
f 1477/19/11 12/8/11 490/20/11
f 500/17/12 490/20/12 13/21/12
f 1380/22/13 1405/23/13 482/24/13
f 481/9/14 1478/25/14 1380/22/14
f 1478/25/15 20/15/15 498/26/15
f 1405/23/16 498/26/16 21/27/16
f 483/28/17 501/29/17 4/30/17
f 3/18/18 1479/31/18 483/28/18
f 1479/31/19 13/21/19 491/32/19
f 501/29/20 491/32/20 14/33/20
f 474/34/21 1480/35/21 1406/36/21
f 1400/37/22 1390/38/22 82/39/22
f 7/40/23 1480/35/23 1400/37/23
f 1399/41/24 1401/42/24 308/43/24
f 482/24/25 1481/44/25 1399/41/25
f 21/27/26 1481/44/26 1405/23/26
f 5/45/27 1482/46/27 502/47/27
f 484/48/28 501/29/28 1482/46/28
f 501/29/29 492/49/29 1482/46/29
f 1482/46/30 15/50/30 502/47/30
f 475/51/31 1483/52/31 1407/53/31
f 1377/54/32 1406/36/32 1483/52/32
f 1406/36/33 485/55/33 1483/52/33
f 1483/52/34 8/56/34 1407/53/34
f 478/57/35 1484/58/35 1408/59/35
f 1396/60/36 502/47/36 1484/58/36
f 502/47/37 493/61/37 1484/58/37
f 1484/58/38 16/62/38 1408/59/38
f 1391/63/39 503/64/39 1/65/39
f 475/51/40 1485/66/40 1391/63/40
f 1485/66/41 8/56/41 486/67/41
f 503/64/42 486/67/42 9/68/42
f 6/69/43 1486/70/43 504/71/43
f 1397/72/44 1408/59/44 1486/70/44
f 1408/59/45 494/73/45 1486/70/45
f 1486/70/46 17/74/46 504/71/46
f 1392/75/47 1409/76/47 476/77/47
f 1/65/48 1487/78/48 1392/75/48
f 1487/78/49 9/68/49 487/79/49
f 1409/76/50 487/79/50 10/80/50
f 479/81/51 1488/82/51 1410/83/51
f 1398/84/52 504/71/52 1488/82/52
f 504/71/53 495/85/53 1488/82/53
f 1488/82/54 18/86/54 1410/83/54
f 1393/87/55 499/88/55 2/4/55
f 476/77/56 1489/89/56 1393/87/56
f 1489/89/57 10/80/57 488/90/57
f 499/88/58 488/90/58 11/6/58
f 480/91/59 1490/92/59 1404/13/59
f 1378/93/60 1410/83/60 1490/92/60
f 1410/83/61 496/94/61 1490/92/61
f 1490/92/62 19/95/62 1404/13/62
f 488/90/63 519/96/63 11/6/63
f 10/80/64 1491/97/64 488/90/64
f 1491/97/65 25/98/65 508/99/65
f 519/96/66 508/99/66 26/100/66
f 19/95/67 1492/101/67 521/102/67
f 496/94/68 522/103/68 1492/101/68
f 522/103/69 516/104/69 1492/101/69
f 1492/101/70 34/105/70 521/102/70
f 489/7/71 523/106/71 12/8/71
f 11/6/72 1493/107/72 489/7/72
f 1493/107/73 26/100/73 509/108/73
f 523/106/74 509/108/74 27/109/74
f 20/15/75 1494/110/75 524/111/75
f 497/14/76 521/102/76 1494/110/76
f 521/102/77 517/112/77 1494/110/77
f 1494/110/78 35/113/78 524/111/78
f 490/20/79 525/114/79 13/21/79
f 12/8/80 1495/115/80 490/20/80
f 1495/115/81 27/109/81 510/116/81
f 525/114/82 510/116/82 28/117/82
f 498/26/83 526/118/83 21/27/83
f 20/15/84 1496/119/84 498/26/84
f 1496/119/85 35/113/85 518/120/85
f 526/118/86 518/120/86 36/121/86
f 491/32/87 527/122/87 14/33/87
f 13/21/88 1497/123/88 491/32/88
f 1497/123/89 28/117/89 511/124/89
f 527/122/90 511/124/90 29/125/90
f 7/40/91 1498/126/91 528/127/91
f 1411/128/92 1400/129/92 82/130/92
f 22/131/93 1498/126/93 1411/128/93
f 1401/132/94 1412/133/94 308/134/94
f 21/27/95 1499/135/95 1401/132/95
f 36/121/96 1499/135/96 526/118/96
f 15/50/97 1500/136/97 529/137/97
f 492/49/98 527/122/98 1500/136/98
f 527/122/99 512/138/99 1500/136/99
f 1500/136/100 30/139/100 529/137/100
f 8/56/101 1501/140/101 530/141/101
f 485/55/102 528/127/102 1501/140/102
f 528/127/103 505/142/103 1501/140/103
f 1501/140/104 23/143/104 530/141/104
f 16/62/105 1502/144/105 531/145/105
f 493/61/106 529/137/106 1502/144/106
f 529/137/107 513/146/107 1502/144/107
f 1502/144/108 31/147/108 531/145/108
f 486/67/109 532/148/109 9/68/109
f 8/56/110 1503/149/110 486/67/110
f 1503/149/111 23/143/111 506/150/111
f 532/148/112 506/150/112 24/151/112
f 17/74/113 1504/152/113 533/153/113
f 494/73/114 531/145/114 1504/152/114
f 531/145/115 514/154/115 1504/152/115
f 1504/152/116 32/155/116 533/153/116
f 487/79/117 520/156/117 10/80/117
f 9/68/118 1505/157/118 487/79/118
f 1505/157/119 24/151/119 507/158/119
f 520/156/120 507/158/120 25/98/120
f 18/86/121 1506/159/121 522/103/121
f 495/85/122 533/153/122 1506/159/122
f 533/153/123 515/160/123 1506/159/123
f 1506/159/124 33/161/124 522/103/124
f 30/139/125 1507/162/125 548/163/125
f 512/138/126 549/164/126 1507/162/126
f 549/164/127 541/165/127 1507/162/127
f 1507/162/128 45/166/128 548/163/128
f 23/143/129 1508/167/129 550/168/129
f 505/142/130 551/169/130 1508/167/130
f 551/169/131 534/170/131 1508/167/131
f 1508/167/132 38/171/132 550/168/132
f 31/147/133 1509/172/133 552/173/133
f 513/146/134 548/163/134 1509/172/134
f 548/163/135 542/174/135 1509/172/135
f 1509/172/136 46/175/136 552/173/136
f 506/150/137 553/176/137 24/151/137
f 23/143/138 1510/177/138 506/150/138
f 1510/177/139 38/171/139 535/178/139
f 553/176/140 535/178/140 39/179/140
f 32/155/141 1511/180/141 554/181/141
f 514/154/142 552/173/142 1511/180/142
f 552/173/143 543/182/143 1511/180/143
f 1511/180/144 47/183/144 554/181/144
f 507/158/145 555/184/145 25/98/145
f 24/151/146 1512/185/146 507/158/146
f 1512/185/147 39/179/147 536/186/147
f 555/184/148 536/186/148 40/187/148
f 33/161/149 1513/188/149 556/189/149
f 515/160/150 554/181/150 1513/188/150
f 554/181/151 544/190/151 1513/188/151
f 1513/188/152 48/191/152 556/189/152
f 508/99/153 557/192/153 26/100/153
f 25/98/154 1514/193/154 508/99/154
f 1514/193/155 40/187/155 537/194/155
f 557/192/156 537/194/156 41/195/156
f 34/105/157 1515/196/157 558/197/157
f 516/104/158 556/189/158 1515/196/158
f 556/189/159 545/198/159 1515/196/159
f 1515/196/160 49/199/160 558/197/160
f 509/108/161 559/200/161 27/109/161
f 26/100/162 1516/201/162 509/108/162
f 1516/201/163 41/195/163 538/202/163
f 559/200/164 538/202/164 42/203/164
f 35/113/165 1517/204/165 560/205/165
f 517/112/166 558/197/166 1517/204/166
f 558/197/167 546/206/167 1517/204/167
f 1517/204/168 50/207/168 560/205/168
f 510/116/169 561/208/169 28/117/169
f 27/109/170 1518/209/170 510/116/170
f 1518/209/171 42/203/171 539/210/171
f 561/208/172 539/210/172 43/211/172
f 518/120/173 562/212/173 36/121/173
f 35/113/174 1519/213/174 518/120/174
f 1519/213/175 50/207/175 547/214/175
f 562/212/176 547/214/176 51/215/176
f 511/124/177 549/164/177 29/125/177
f 28/117/178 1520/216/178 511/124/178
f 1520/216/179 43/211/179 540/217/179
f 549/164/180 540/217/180 44/218/180
f 22/131/181 1521/219/181 551/169/181
f 1413/220/182 1411/221/182 82/222/182
f 37/223/183 1521/219/183 1413/220/183
f 1412/224/184 1414/225/184 308/226/184
f 36/121/185 1522/227/185 1412/224/185
f 51/215/186 1522/227/186 562/212/186
f 49/199/187 1523/228/187 577/229/187
f 545/198/188 578/230/188 1523/228/188
f 578/230/189 574/231/189 1523/228/189
f 1523/228/190 64/232/190 577/229/190
f 538/202/191 579/233/191 42/203/191
f 41/195/192 1524/234/192 538/202/192
f 1524/234/193 56/235/193 567/236/193
f 579/233/194 567/236/194 57/237/194
f 50/207/195 1525/238/195 581/239/195
f 546/206/196 577/229/196 1525/238/196
f 577/229/197 575/240/197 1525/238/197
f 1525/238/198 65/241/198 581/239/198
f 539/210/199 582/242/199 43/211/199
f 42/203/200 1526/243/200 539/210/200
f 1526/243/201 57/237/201 568/244/201
f 582/242/202 568/244/202 58/245/202
f 547/214/203 583/246/203 51/215/203
f 50/207/204 1527/247/204 547/214/204
f 1527/247/205 65/241/205 576/248/205
f 583/246/206 576/248/206 66/249/206
f 540/217/207 584/250/207 44/218/207
f 43/211/208 1528/251/208 540/217/208
f 1528/251/209 58/245/209 569/252/209
f 584/250/210 569/252/210 59/253/210
f 37/223/211 1529/254/211 585/255/211
f 1415/256/212 1413/257/212 82/258/212
f 52/259/213 1529/254/213 1415/256/213
f 1414/260/214 1416/261/214 308/262/214
f 51/215/215 1530/263/215 1414/260/215
f 66/249/216 1530/263/216 583/246/216
f 45/166/217 1531/264/217 586/265/217
f 541/165/218 584/250/218 1531/264/218
f 584/250/219 570/266/219 1531/264/219
f 1531/264/220 60/267/220 586/265/220
f 38/171/221 1532/268/221 587/269/221
f 534/170/222 585/255/222 1532/268/222
f 585/255/223 563/270/223 1532/268/223
f 1532/268/224 53/271/224 587/269/224
f 46/175/225 1533/272/225 588/273/225
f 542/174/226 586/265/226 1533/272/226
f 586/265/227 571/274/227 1533/272/227
f 1533/272/228 61/275/228 588/273/228
f 535/178/229 589/276/229 39/179/229
f 38/171/230 1534/277/230 535/178/230
f 1534/277/231 53/271/231 564/278/231
f 589/276/232 564/278/232 54/279/232
f 47/183/233 1535/280/233 590/281/233
f 543/182/234 588/273/234 1535/280/234
f 588/273/235 572/282/235 1535/280/235
f 1535/280/236 62/283/236 590/281/236
f 536/186/237 591/284/237 40/187/237
f 39/179/238 1536/285/238 536/186/238
f 1536/285/239 54/279/239 565/286/239
f 591/284/240 565/286/240 55/287/240
f 48/191/241 1537/288/241 578/230/241
f 544/190/242 590/281/242 1537/288/242
f 590/281/243 573/289/243 1537/288/243
f 1537/288/244 63/290/244 578/230/244
f 537/194/245 580/291/245 41/195/245
f 40/187/246 1538/292/246 537/194/246
f 1538/292/247 55/287/247 566/293/247
f 580/291/248 566/293/248 56/235/248
f 53/271/249 1539/294/249 606/295/249
f 563/270/250 607/296/250 1539/294/250
f 607/296/251 592/297/251 1539/294/251
f 1539/294/252 68/298/252 606/295/252
f 61/275/253 1540/299/253 608/300/253
f 571/274/254 609/301/254 1540/299/254
f 609/301/255 600/302/255 1540/299/255
f 1540/299/256 76/303/256 608/300/256
f 564/278/257 610/304/257 54/279/257
f 53/271/258 1541/305/258 564/278/258
f 1541/305/259 68/298/259 593/306/259
f 610/304/260 593/306/260 69/307/260
f 62/283/261 1542/308/261 611/309/261
f 572/282/262 608/300/262 1542/308/262
f 608/300/263 601/310/263 1542/308/263
f 1542/308/264 77/311/264 611/309/264
f 565/286/265 612/312/265 55/287/265
f 54/279/266 1543/313/266 565/286/266
f 1543/313/267 69/307/267 594/314/267
f 612/312/268 594/314/268 70/315/268
f 63/290/269 1544/316/269 613/317/269
f 573/289/270 611/309/270 1544/316/270
f 611/309/271 602/318/271 1544/316/271
f 1544/316/272 78/319/272 613/317/272
f 566/293/273 614/320/273 56/235/273
f 55/287/274 1545/321/274 566/293/274
f 1545/321/275 70/315/275 595/322/275
f 614/320/276 595/322/276 71/323/276
f 64/232/277 1546/324/277 615/325/277
f 574/231/278 613/317/278 1546/324/278
f 613/317/279 603/326/279 1546/324/279
f 1546/324/280 79/327/280 615/325/280
f 567/236/281 616/328/281 57/237/281
f 56/235/282 1547/329/282 567/236/282
f 1547/329/283 71/323/283 596/330/283
f 616/328/284 596/330/284 72/331/284
f 65/241/285 1548/332/285 617/333/285
f 575/240/286 615/325/286 1548/332/286
f 615/325/287 604/334/287 1548/332/287
f 1548/332/288 80/335/288 617/333/288
f 568/244/289 618/336/289 58/245/289
f 57/237/290 1549/337/290 568/244/290
f 1549/337/291 72/331/291 597/338/291
f 618/336/292 597/338/292 73/339/292
f 576/248/293 619/340/293 66/249/293
f 65/241/294 1550/341/294 576/248/294
f 1550/341/295 80/335/295 605/342/295
f 619/340/296 605/342/296 81/343/296
f 569/252/297 620/344/297 59/253/297
f 58/245/298 1551/345/298 569/252/298
f 1551/345/299 73/339/299 598/346/299
f 620/344/300 598/346/300 74/347/300
f 52/259/301 1552/348/301 607/296/301
f 1417/349/302 1415/350/302 82/351/302
f 67/352/303 1552/348/303 1417/349/303
f 1416/353/304 1418/354/304 308/355/304
f 66/249/305 1553/356/305 1416/353/305
f 81/343/306 1553/356/306 619/340/306
f 60/267/307 1554/357/307 609/301/307
f 570/266/308 620/344/308 1554/357/308
f 620/344/309 599/358/309 1554/357/309
f 1554/357/310 75/359/310 609/301/310
f 596/330/311 636/360/311 72/331/311
f 71/323/312 1555/361/312 596/330/312
f 1555/361/313 87/362/313 626/363/313
f 636/360/314 626/363/314 88/364/314
f 80/335/315 1556/365/315 638/366/315
f 604/334/316 639/367/316 1556/365/316
f 639/367/317 634/368/317 1556/365/317
f 1556/365/318 96/369/318 638/366/318
f 597/338/319 640/370/319 73/339/319
f 72/331/320 1557/371/320 597/338/320
f 1557/371/321 88/364/321 627/372/321
f 640/370/322 627/372/322 89/373/322
f 605/342/323 641/374/323 81/343/323
f 80/335/324 1558/375/324 605/342/324
f 1558/375/325 96/369/325 635/376/325
f 641/374/326 635/376/326 97/377/326
f 598/346/327 642/378/327 74/347/327
f 73/339/328 1559/379/328 598/346/328
f 1559/379/329 89/373/329 628/380/329
f 642/378/330 628/380/330 90/381/330
f 67/352/331 1560/382/331 643/383/331
f 621/384/332 1417/385/332 82/386/332
f 83/387/333 1560/382/333 621/384/333
f 1418/388/334 1419/389/334 308/390/334
f 81/343/335 1561/391/335 1418/388/335
f 97/377/336 1561/391/336 641/374/336
f 75/359/337 1562/392/337 644/393/337
f 599/358/338 642/378/338 1562/392/338
f 642/378/339 629/394/339 1562/392/339
f 1562/392/340 91/395/340 644/393/340
f 68/298/341 1563/396/341 645/397/341
f 592/297/342 643/383/342 1563/396/342
f 643/383/343 622/398/343 1563/396/343
f 1563/396/344 84/399/344 645/397/344
f 76/303/345 1564/400/345 646/401/345
f 600/302/346 644/393/346 1564/400/346
f 644/393/347 630/402/347 1564/400/347
f 1564/400/348 92/403/348 646/401/348
f 593/306/349 647/404/349 69/307/349
f 68/298/350 1565/405/350 593/306/350
f 1565/405/351 84/399/351 623/406/351
f 647/404/352 623/406/352 85/407/352
f 77/311/353 1566/408/353 648/409/353
f 601/310/354 646/401/354 1566/408/354
f 646/401/355 631/410/355 1566/408/355
f 1566/408/356 93/411/356 648/409/356
f 594/314/357 649/412/357 70/315/357
f 69/307/358 1567/413/358 594/314/358
f 1567/413/359 85/407/359 624/414/359
f 649/412/360 624/414/360 86/415/360
f 78/319/361 1568/416/361 650/417/361
f 602/318/362 648/409/362 1568/416/362
f 648/409/363 632/418/363 1568/416/363
f 1568/416/364 94/419/364 650/417/364
f 595/322/365 637/420/365 71/323/365
f 70/315/366 1569/421/366 595/322/366
f 1569/421/367 86/415/367 625/422/367
f 637/420/368 625/422/368 87/362/368
f 79/327/369 1570/423/369 639/367/369
f 603/326/370 650/417/370 1570/423/370
f 650/417/371 633/424/371 1570/423/371
f 1570/423/372 95/425/372 639/367/372
f 92/403/373 1571/426/373 665/427/373
f 630/402/374 666/428/374 1571/426/374
f 666/428/375 659/429/375 1571/426/375
f 1571/426/376 107/430/376 665/427/376
f 623/406/377 667/431/377 85/407/377
f 84/399/378 1572/432/378 623/406/378
f 1572/432/379 99/433/379 652/434/379
f 667/431/380 652/434/380 100/435/380
f 93/411/381 1573/436/381 669/437/381
f 631/410/382 665/427/382 1573/436/382
f 665/427/383 660/438/383 1573/436/383
f 1573/436/384 108/439/384 669/437/384
f 624/414/385 670/440/385 86/415/385
f 85/407/386 1574/441/386 624/414/386
f 1574/441/387 100/435/387 653/442/387
f 670/440/388 653/442/388 101/443/388
f 94/419/389 1575/444/389 671/445/389
f 632/418/390 669/437/390 1575/444/390
f 669/437/391 661/446/391 1575/444/391
f 1575/444/392 109/447/392 671/445/392
f 625/422/393 672/448/393 87/362/393
f 86/415/394 1576/449/394 625/422/394
f 1576/449/395 101/443/395 654/450/395
f 672/448/396 654/450/396 102/451/396
f 95/425/397 1577/452/397 673/453/397
f 633/424/398 671/445/398 1577/452/398
f 671/445/399 662/454/399 1577/452/399
f 1577/452/400 110/455/400 673/453/400
f 626/363/401 674/456/401 88/364/401
f 87/362/402 1578/457/402 626/363/402
f 1578/457/403 102/451/403 655/458/403
f 674/456/404 655/458/404 103/459/404
f 96/369/405 1579/460/405 675/461/405
f 634/368/406 673/453/406 1579/460/406
f 673/453/407 663/462/407 1579/460/407
f 1579/460/408 111/463/408 675/461/408
f 627/372/409 676/464/409 89/373/409
f 88/364/410 1580/465/410 627/372/410
f 1580/465/411 103/459/411 656/466/411
f 676/464/412 656/466/412 104/467/412
f 635/376/413 677/468/413 97/377/413
f 96/369/414 1581/469/414 635/376/414
f 1581/469/415 111/463/415 664/470/415
f 677/468/416 664/470/416 112/471/416
f 628/380/417 678/472/417 90/381/417
f 89/373/418 1582/473/418 628/380/418
f 1582/473/419 104/467/419 657/474/419
f 678/472/420 657/474/420 105/475/420
f 83/387/421 1583/476/421 679/477/421
f 1420/478/422 621/479/422 82/480/422
f 98/481/423 1583/476/423 1420/478/423
f 1419/482/424 1421/483/424 308/484/424
f 97/377/425 1584/485/425 1419/482/425
f 112/471/426 1584/485/426 677/468/426
f 91/395/427 1585/486/427 666/428/427
f 629/394/428 678/472/428 1585/486/428
f 678/472/429 658/487/429 1585/486/429
f 1585/486/430 106/488/430 666/428/430
f 84/399/431 1586/489/431 668/490/431
f 622/398/432 679/477/432 1586/489/432
f 679/477/433 651/491/433 1586/489/433
f 1586/489/434 99/433/434 668/490/434
f 111/463/435 1587/492/435 694/493/435
f 663/462/436 695/494/436 1587/492/436
f 695/494/437 692/495/437 1587/492/437
f 1587/492/438 126/496/438 694/493/438
f 656/466/439 696/497/439 104/467/439
f 103/459/440 1588/498/440 656/466/440
f 1588/498/441 118/499/441 685/500/441
f 696/497/442 685/500/442 119/501/442
f 664/470/443 698/502/443 112/471/443
f 111/463/444 1589/503/444 664/470/444
f 1589/503/445 126/496/445 693/504/445
f 698/502/446 693/504/446 127/505/446
f 657/474/447 699/506/447 105/475/447
f 104/467/448 1590/507/448 657/474/448
f 1590/507/449 119/501/449 686/508/449
f 699/506/450 686/508/450 120/509/450
f 98/481/451 1591/510/451 700/511/451
f 1422/512/452 1420/513/452 82/514/452
f 113/515/453 1591/510/453 1422/512/453
f 1421/516/454 1423/517/454 308/518/454
f 112/471/455 1592/519/455 1421/516/455
f 127/505/456 1592/519/456 698/502/456
f 106/488/457 1593/520/457 701/521/457
f 658/487/458 699/506/458 1593/520/458
f 699/506/459 687/522/459 1593/520/459
f 1593/520/460 121/523/460 701/521/460
f 99/433/461 1594/524/461 702/525/461
f 651/491/462 700/511/462 1594/524/462
f 700/511/463 680/526/463 1594/524/463
f 1594/524/464 114/527/464 702/525/464
f 107/430/465 1595/528/465 703/529/465
f 659/429/466 701/521/466 1595/528/466
f 701/521/467 688/530/467 1595/528/467
f 1595/528/468 122/531/468 703/529/468
f 652/434/469 704/532/469 100/435/469
f 99/433/470 1596/533/470 652/434/470
f 1596/533/471 114/527/471 681/534/471
f 704/532/472 681/534/472 115/535/472
f 108/439/473 1597/536/473 705/537/473
f 660/438/474 703/529/474 1597/536/474
f 703/529/475 689/538/475 1597/536/475
f 1597/536/476 123/539/476 705/537/476
f 653/442/477 706/540/477 101/443/477
f 100/435/478 1598/541/478 653/442/478
f 1598/541/479 115/535/479 682/542/479
f 706/540/480 682/542/480 116/543/480
f 109/447/481 1599/544/481 707/545/481
f 661/446/482 705/537/482 1599/544/482
f 705/537/483 690/546/483 1599/544/483
f 1599/544/484 124/547/484 707/545/484
f 654/450/485 708/548/485 102/451/485
f 101/443/486 1600/549/486 654/450/486
f 1600/549/487 116/543/487 683/550/487
f 708/548/488 683/550/488 117/551/488
f 110/455/489 1601/552/489 695/494/489
f 662/454/490 707/545/490 1601/552/490
f 707/545/491 691/553/491 1601/552/491
f 1601/552/492 125/554/492 695/494/492
f 655/458/493 697/555/493 103/459/493
f 102/451/494 1602/556/494 655/458/494
f 1602/556/495 117/551/495 684/557/495
f 697/555/496 684/557/496 118/499/496
f 123/539/497 1603/558/497 723/559/497
f 689/538/498 724/560/498 1603/558/498
f 724/560/499 718/561/499 1603/558/499
f 1603/558/500 138/562/500 723/559/500
f 682/542/501 725/563/501 116/543/501
f 115/535/502 1604/564/502 682/542/502
f 1604/564/503 130/565/503 711/566/503
f 725/563/504 711/566/504 131/567/504
f 124/547/505 1605/568/505 727/569/505
f 690/546/506 723/559/506 1605/568/506
f 723/559/507 719/570/507 1605/568/507
f 1605/568/508 139/571/508 727/569/508
f 683/550/509 728/572/509 117/551/509
f 116/543/510 1606/573/510 683/550/510
f 1606/573/511 131/567/511 712/574/511
f 728/572/512 712/574/512 132/575/512
f 125/554/513 1607/576/513 729/577/513
f 691/553/514 727/569/514 1607/576/514
f 727/569/515 720/578/515 1607/576/515
f 1607/576/516 140/579/516 729/577/516
f 684/557/517 730/580/517 118/499/517
f 117/551/518 1608/581/518 684/557/518
f 1608/581/519 132/575/519 713/582/519
f 730/580/520 713/582/520 133/583/520
f 126/496/521 1609/584/521 731/585/521
f 692/495/522 729/577/522 1609/584/522
f 729/577/523 721/586/523 1609/584/523
f 1609/584/524 141/587/524 731/585/524
f 685/500/525 732/588/525 119/501/525
f 118/499/526 1610/589/526 685/500/526
f 1610/589/527 133/583/527 714/590/527
f 732/588/528 714/590/528 134/591/528
f 693/504/529 733/592/529 127/505/529
f 126/496/530 1611/593/530 693/504/530
f 1611/593/531 141/587/531 722/594/531
f 733/592/532 722/594/532 142/595/532
f 686/508/533 734/596/533 120/509/533
f 119/501/534 1612/597/534 686/508/534
f 1612/597/535 134/591/535 715/598/535
f 734/596/536 715/598/536 135/599/536
f 113/515/537 1613/600/537 735/601/537
f 1424/602/538 1422/603/538 82/604/538
f 128/605/539 1613/600/539 1424/602/539
f 1423/606/540 1425/607/540 308/608/540
f 127/505/541 1614/609/541 1423/606/541
f 142/595/542 1614/609/542 733/592/542
f 121/523/543 1615/610/543 736/611/543
f 687/522/544 734/596/544 1615/610/544
f 734/596/545 716/612/545 1615/610/545
f 1615/610/546 136/613/546 736/611/546
f 114/527/547 1616/614/547 737/615/547
f 680/526/548 735/601/548 1616/614/548
f 735/601/549 709/616/549 1616/614/549
f 1616/614/550 129/617/550 737/615/550
f 122/531/551 1617/618/551 724/560/551
f 688/530/552 736/611/552 1617/618/552
f 736/611/553 717/619/553 1617/618/553
f 1617/618/554 137/620/554 724/560/554
f 681/534/555 726/621/555 115/535/555
f 114/527/556 1618/622/556 681/534/556
f 1618/622/557 129/617/557 710/623/557
f 726/621/558 710/623/558 130/565/558
f 722/594/559 752/624/559 142/595/559
f 141/587/560 1619/625/560 722/594/560
f 1619/625/561 156/626/561 751/627/561
f 752/624/562 751/627/562 157/628/562
f 715/598/563 754/629/563 135/599/563
f 134/591/564 1620/630/564 715/598/564
f 1620/630/565 149/631/565 744/632/565
f 754/629/566 744/632/566 150/633/566
f 128/605/567 1621/634/567 756/635/567
f 1426/636/568 1424/637/568 82/638/568
f 143/639/569 1621/634/569 1426/636/569
f 1425/640/570 1427/641/570 308/642/570
f 142/595/571 1622/643/571 1425/640/571
f 157/628/572 1622/643/572 752/624/572
f 136/613/573 1623/644/573 757/645/573
f 716/612/574 754/629/574 1623/644/574
f 754/629/575 745/646/575 1623/644/575
f 1623/644/576 151/647/576 757/645/576
f 129/617/577 1624/648/577 758/649/577
f 709/616/578 756/635/578 1624/648/578
f 756/635/579 738/650/579 1624/648/579
f 1624/648/580 144/651/580 758/649/580
f 137/620/581 1625/652/581 759/653/581
f 717/619/582 757/645/582 1625/652/582
f 757/645/583 746/654/583 1625/652/583
f 1625/652/584 152/655/584 759/653/584
f 710/623/585 760/656/585 130/565/585
f 129/617/586 1626/657/586 710/623/586
f 1626/657/587 144/651/587 739/658/587
f 760/656/588 739/658/588 145/659/588
f 138/562/589 1627/660/589 761/661/589
f 718/561/590 759/653/590 1627/660/590
f 759/653/591 747/662/591 1627/660/591
f 1627/660/592 153/663/592 761/661/592
f 711/566/593 762/664/593 131/567/593
f 130/565/594 1628/665/594 711/566/594
f 1628/665/595 145/659/595 740/666/595
f 762/664/596 740/666/596 146/667/596
f 139/571/597 1629/668/597 763/669/597
f 719/570/598 761/661/598 1629/668/598
f 761/661/599 748/670/599 1629/668/599
f 1629/668/600 154/671/600 763/669/600
f 712/574/601 764/672/601 132/575/601
f 131/567/602 1630/673/602 712/574/602
f 1630/673/603 146/667/603 741/674/603
f 764/672/604 741/674/604 147/675/604
f 140/579/605 1631/676/605 765/677/605
f 720/578/606 763/669/606 1631/676/606
f 763/669/607 749/678/607 1631/676/607
f 1631/676/608 155/679/608 765/677/608
f 713/582/609 766/680/609 133/583/609
f 132/575/610 1632/681/610 713/582/610
f 1632/681/611 147/675/611 742/682/611
f 766/680/612 742/682/612 148/683/612
f 141/587/613 1633/684/613 753/685/613
f 721/586/614 765/677/614 1633/684/614
f 765/677/615 750/686/615 1633/684/615
f 1633/684/616 156/626/616 753/685/616
f 714/590/617 755/687/617 134/591/617
f 133/583/618 1634/688/618 714/590/618
f 1634/688/619 148/683/619 743/689/619
f 755/687/620 743/689/620 149/631/620
f 740/666/621 781/690/621 146/667/621
f 145/659/622 1635/691/622 740/666/622
f 1635/691/623 160/692/623 769/693/623
f 781/690/624 769/693/624 161/694/624
f 154/671/625 1636/695/625 783/696/625
f 748/670/626 784/697/626 1636/695/626
f 784/697/627 777/698/627 1636/695/627
f 1636/695/628 169/699/628 783/696/628
f 741/674/629 785/700/629 147/675/629
f 146/667/630 1637/701/630 741/674/630
f 1637/701/631 161/694/631 770/702/631
f 785/700/632 770/702/632 162/703/632
f 155/679/633 1638/704/633 786/705/633
f 749/678/634 783/696/634 1638/704/634
f 783/696/635 778/706/635 1638/704/635
f 1638/704/636 170/707/636 786/705/636
f 742/682/637 787/708/637 148/683/637
f 147/675/638 1639/709/638 742/682/638
f 1639/709/639 162/703/639 771/710/639
f 787/708/640 771/710/640 163/711/640
f 156/626/641 1640/712/641 788/713/641
f 750/686/642 786/705/642 1640/712/642
f 786/705/643 779/714/643 1640/712/643
f 1640/712/644 171/715/644 788/713/644
f 743/689/645 789/716/645 149/631/645
f 148/683/646 1641/717/646 743/689/646
f 1641/717/647 163/711/647 772/718/647
f 789/716/648 772/718/648 164/719/648
f 751/627/649 790/720/649 157/628/649
f 156/626/650 1642/721/650 751/627/650
f 1642/721/651 171/715/651 780/722/651
f 790/720/652 780/722/652 172/723/652
f 744/632/653 791/724/653 150/633/653
f 149/631/654 1643/725/654 744/632/654
f 1643/725/655 164/719/655 773/726/655
f 791/724/656 773/726/656 165/727/656
f 143/639/657 1644/728/657 792/729/657
f 1428/730/658 1426/731/658 82/732/658
f 158/733/659 1644/728/659 1428/730/659
f 1427/734/660 1429/735/660 308/736/660
f 157/628/661 1645/737/661 1427/734/661
f 172/723/662 1645/737/662 790/720/662
f 151/647/663 1646/738/663 793/739/663
f 745/646/664 791/724/664 1646/738/664
f 791/724/665 774/740/665 1646/738/665
f 1646/738/666 166/741/666 793/739/666
f 144/651/667 1647/742/667 794/743/667
f 738/650/668 792/729/668 1647/742/668
f 792/729/669 767/744/669 1647/742/669
f 1647/742/670 159/745/670 794/743/670
f 152/655/671 1648/746/671 795/747/671
f 746/654/672 793/739/672 1648/746/672
f 793/739/673 775/748/673 1648/746/673
f 1648/746/674 167/749/674 795/747/674
f 739/658/675 782/750/675 145/659/675
f 144/651/676 1649/751/676 739/658/676
f 1649/751/677 159/745/677 768/752/677
f 782/750/678 768/752/678 160/692/678
f 153/663/679 1650/753/679 784/697/679
f 747/662/680 795/747/680 1650/753/680
f 795/747/681 776/754/681 1650/753/681
f 1650/753/682 168/755/682 784/697/682
f 773/726/683 810/756/683 165/727/683
f 164/719/684 1651/757/684 773/726/684
f 1651/757/685 179/758/685 802/759/685
f 810/756/686 802/759/686 180/760/686
f 158/733/687 1652/761/687 812/762/687
f 1430/763/688 1428/764/688 82/765/688
f 173/766/689 1652/761/689 1430/763/689
f 1429/767/690 1431/768/690 308/769/690
f 172/723/691 1653/770/691 1429/767/691
f 187/771/692 1653/770/692 813/772/692
f 166/741/693 1654/773/693 814/774/693
f 774/740/694 810/756/694 1654/773/694
f 810/756/695 803/775/695 1654/773/695
f 1654/773/696 181/776/696 814/774/696
f 159/745/697 1655/777/697 815/778/697
f 767/744/698 812/762/698 1655/777/698
f 812/762/699 796/779/699 1655/777/699
f 1655/777/700 174/780/700 815/778/700
f 167/749/701 1656/781/701 816/782/701
f 775/748/702 814/774/702 1656/781/702
f 814/774/703 804/783/703 1656/781/703
f 1656/781/704 182/784/704 816/782/704
f 768/752/705 817/785/705 160/692/705
f 159/745/706 1657/786/706 768/752/706
f 1657/786/707 174/780/707 797/787/707
f 817/785/708 797/787/708 175/788/708
f 168/755/709 1658/789/709 818/790/709
f 776/754/710 816/782/710 1658/789/710
f 816/782/711 805/791/711 1658/789/711
f 1658/789/712 183/792/712 818/790/712
f 769/693/713 819/793/713 161/694/713
f 160/692/714 1659/794/714 769/693/714
f 1659/794/715 175/788/715 798/795/715
f 819/793/716 798/795/716 176/796/716
f 169/699/717 1660/797/717 820/798/717
f 777/698/718 818/790/718 1660/797/718
f 818/790/719 806/799/719 1660/797/719
f 1660/797/720 184/800/720 820/798/720
f 770/702/721 821/801/721 162/703/721
f 161/694/722 1661/802/722 770/702/722
f 1661/802/723 176/796/723 799/803/723
f 821/801/724 799/803/724 177/804/724
f 170/707/725 1662/805/725 822/806/725
f 778/706/726 820/798/726 1662/805/726
f 820/798/727 807/807/727 1662/805/727
f 1662/805/728 185/808/728 822/806/728
f 771/710/729 823/809/729 163/711/729
f 162/703/730 1663/810/730 771/710/730
f 1663/810/731 177/804/731 800/811/731
f 823/809/732 800/811/732 178/812/732
f 171/715/733 1664/813/733 824/814/733
f 779/714/734 822/806/734 1664/813/734
f 822/806/735 808/815/735 1664/813/735
f 1664/813/736 186/816/736 824/814/736
f 772/718/737 811/817/737 164/719/737
f 163/711/738 1665/818/738 772/718/738
f 1665/818/739 178/812/739 801/819/739
f 811/817/740 801/819/740 179/758/740
f 780/722/741 813/772/741 172/723/741
f 171/715/742 1666/820/742 780/722/742
f 1666/820/743 186/816/743 809/821/743
f 813/772/744 809/821/744 187/771/744
f 184/800/745 1667/822/745 839/823/745
f 806/799/746 840/824/746 1667/822/746
f 840/824/747 835/825/747 1667/822/747
f 1667/822/748 199/826/748 839/823/748
f 799/803/749 841/827/749 177/804/749
f 176/796/750 1668/828/750 799/803/750
f 1668/828/751 191/829/751 828/830/751
f 841/827/752 828/830/752 192/831/752
f 185/808/753 1669/832/753 843/833/753
f 807/807/754 839/823/754 1669/832/754
f 839/823/755 836/834/755 1669/832/755
f 1669/832/756 200/835/756 843/833/756
f 800/811/757 844/836/757 178/812/757
f 177/804/758 1670/837/758 800/811/758
f 1670/837/759 192/831/759 829/838/759
f 844/836/760 829/838/760 193/839/760
f 186/816/761 1671/840/761 845/841/761
f 808/815/762 843/833/762 1671/840/762
f 843/833/763 837/842/763 1671/840/763
f 1671/840/764 201/843/764 845/841/764
f 801/819/765 846/844/765 179/758/765
f 178/812/766 1672/845/766 801/819/766
f 1672/845/767 193/839/767 830/846/767
f 846/844/768 830/846/768 194/847/768
f 809/821/769 847/848/769 187/771/769
f 186/816/770 1673/849/770 809/821/770
f 1673/849/771 201/843/771 838/850/771
f 847/848/772 838/850/772 202/851/772
f 802/759/773 848/852/773 180/760/773
f 179/758/774 1674/853/774 802/759/774
f 1674/853/775 194/847/775 831/854/775
f 848/852/776 831/854/776 195/855/776
f 173/766/777 1675/856/777 849/857/777
f 1432/858/778 1430/859/778 82/860/778
f 188/861/779 1675/856/779 1432/858/779
f 1431/862/780 1433/863/780 308/864/780
f 187/771/781 1676/865/781 1431/862/781
f 202/851/782 1676/865/782 847/848/782
f 181/776/783 1677/866/783 850/867/783
f 803/775/784 848/852/784 1677/866/784
f 848/852/785 832/868/785 1677/866/785
f 1677/866/786 196/869/786 850/867/786
f 174/780/787 1678/870/787 851/871/787
f 796/779/788 849/857/788 1678/870/788
f 849/857/789 825/872/789 1678/870/789
f 1678/870/790 189/873/790 851/871/790
f 182/784/791 1679/874/791 852/875/791
f 804/783/792 850/867/792 1679/874/792
f 850/867/793 833/876/793 1679/874/793
f 1679/874/794 197/877/794 852/875/794
f 797/787/795 853/878/795 175/788/795
f 174/780/796 1680/879/796 797/787/796
f 1680/879/797 189/873/797 826/880/797
f 853/878/798 826/880/798 190/881/798
f 183/792/799 1681/882/799 840/824/799
f 805/791/800 852/875/800 1681/882/800
f 852/875/801 834/883/801 1681/882/801
f 1681/882/802 198/884/802 840/824/802
f 798/795/803 842/885/803 176/796/803
f 175/788/804 1682/886/804 798/795/804
f 1682/886/805 190/881/805 827/887/805
f 842/885/806 827/887/806 191/829/806
f 188/861/807 1683/888/807 868/889/807
f 1434/890/808 1432/891/808 82/892/808
f 203/893/809 1683/888/809 1434/890/809
f 1433/894/810 1435/895/810 308/896/810
f 202/851/811 1684/897/811 1433/894/811
f 217/898/812 1684/897/812 869/899/812
f 196/869/813 1685/900/813 870/901/813
f 832/868/814 871/902/814 1685/900/814
f 871/902/815 861/903/815 1685/900/815
f 1685/900/816 211/904/816 870/901/816
f 189/873/817 1686/905/817 872/906/817
f 825/872/818 868/889/818 1686/905/818
f 868/889/819 854/907/819 1686/905/819
f 1686/905/820 204/908/820 872/906/820
f 197/877/821 1687/909/821 873/910/821
f 833/876/822 870/901/822 1687/909/822
f 870/901/823 862/911/823 1687/909/823
f 1687/909/824 212/912/824 873/910/824
f 826/880/825 874/913/825 190/881/825
f 189/873/826 1688/914/826 826/880/826
f 1688/914/827 204/908/827 855/915/827
f 874/913/828 855/915/828 205/916/828
f 198/884/829 1689/917/829 875/918/829
f 834/883/830 873/910/830 1689/917/830
f 873/910/831 863/919/831 1689/917/831
f 1689/917/832 213/920/832 875/918/832
f 827/887/833 876/921/833 191/829/833
f 190/881/834 1690/922/834 827/887/834
f 1690/922/835 205/916/835 856/923/835
f 876/921/836 856/923/836 206/924/836
f 199/826/837 1691/925/837 877/926/837
f 835/825/838 875/918/838 1691/925/838
f 875/918/839 864/927/839 1691/925/839
f 1691/925/840 214/928/840 877/926/840
f 828/830/841 878/929/841 192/831/841
f 191/829/842 1692/930/842 828/830/842
f 1692/930/843 206/924/843 857/931/843
f 878/929/844 857/931/844 207/932/844
f 200/835/845 1693/933/845 879/934/845
f 836/834/846 877/926/846 1693/933/846
f 877/926/847 865/935/847 1693/933/847
f 1693/933/848 215/936/848 879/934/848
f 829/838/849 880/937/849 193/839/849
f 192/831/850 1694/938/850 829/838/850
f 1694/938/851 207/932/851 858/939/851
f 880/937/852 858/939/852 208/940/852
f 201/843/853 1695/941/853 881/942/853
f 837/842/854 879/934/854 1695/941/854
f 879/934/855 866/943/855 1695/941/855
f 1695/941/856 216/944/856 881/942/856
f 830/846/857 882/945/857 194/847/857
f 193/839/858 1696/946/858 830/846/858
f 1696/946/859 208/940/859 859/947/859
f 882/945/860 859/947/860 209/948/860
f 838/850/861 869/899/861 202/851/861
f 201/843/862 1697/949/862 838/850/862
f 1697/949/863 216/944/863 867/950/863
f 869/899/864 867/950/864 217/898/864
f 831/854/865 871/902/865 195/855/865
f 194/847/866 1698/951/866 831/854/866
f 1698/951/867 209/948/867 860/952/867
f 871/902/868 860/952/868 210/953/868
f 857/931/869 897/954/869 207/932/869
f 206/924/870 1699/955/870 857/931/870
f 1699/955/871 221/956/871 886/957/871
f 897/954/872 886/957/872 222/958/872
f 215/936/873 1700/959/873 899/960/873
f 865/935/874 900/961/874 1700/959/874
f 900/961/875 894/962/875 1700/959/875
f 1700/959/876 230/963/876 899/960/876
f 858/939/877 901/964/877 208/940/877
f 207/932/878 1701/965/878 858/939/878
f 1701/965/879 222/958/879 887/966/879
f 901/964/880 887/966/880 223/967/880
f 216/944/881 1702/968/881 902/969/881
f 866/943/882 899/960/882 1702/968/882
f 899/960/883 895/970/883 1702/968/883
f 1702/968/884 231/971/884 902/969/884
f 859/947/885 903/972/885 209/948/885
f 208/940/886 1703/973/886 859/947/886
f 1703/973/887 223/967/887 888/974/887
f 903/972/888 888/974/888 224/975/888
f 867/950/889 904/976/889 217/898/889
f 216/944/890 1704/977/890 867/950/890
f 1704/977/891 231/971/891 896/978/891
f 904/976/892 896/978/892 232/979/892
f 860/952/893 905/980/893 210/953/893
f 209/948/894 1705/981/894 860/952/894
f 1705/981/895 224/975/895 889/982/895
f 905/980/896 889/982/896 225/983/896
f 203/893/897 1706/984/897 906/985/897
f 1436/986/898 1434/987/898 82/988/898
f 218/989/899 1706/984/899 1436/986/899
f 1435/990/900 1437/991/900 308/992/900
f 217/898/901 1707/993/901 1435/990/901
f 232/979/902 1707/993/902 904/976/902
f 211/904/903 1708/994/903 907/995/903
f 861/903/904 905/980/904 1708/994/904
f 905/980/905 890/996/905 1708/994/905
f 1708/994/906 226/997/906 907/995/906
f 204/908/907 1709/998/907 908/999/907
f 854/907/908 906/985/908 1709/998/908
f 906/985/909 883/1000/909 1709/998/909
f 1709/998/910 219/1001/910 908/999/910
f 212/912/911 1710/1002/911 909/1003/911
f 862/911/912 907/995/912 1710/1002/912
f 907/995/913 891/1004/913 1710/1002/913
f 1710/1002/914 227/1005/914 909/1003/914
f 855/915/915 910/1006/915 205/916/915
f 204/908/916 1711/1007/916 855/915/916
f 1711/1007/917 219/1001/917 884/1008/917
f 910/1006/918 884/1008/918 220/1009/918
f 213/920/919 1712/1010/919 911/1011/919
f 863/919/920 909/1003/920 1712/1010/920
f 909/1003/921 892/1012/921 1712/1010/921
f 1712/1010/922 228/1013/922 911/1011/922
f 856/923/923 898/1014/923 206/924/923
f 205/916/924 1713/1015/924 856/923/924
f 1713/1015/925 220/1009/925 885/1016/925
f 898/1014/926 885/1016/926 221/956/926
f 214/928/927 1714/1017/927 900/961/927
f 864/927/928 911/1011/928 1714/1017/928
f 911/1011/929 893/1018/929 1714/1017/929
f 1714/1017/930 229/1019/930 900/961/930
f 226/997/931 1715/1020/931 926/1021/931
f 890/996/932 927/1022/932 1715/1020/932
f 927/1022/933 919/1023/933 1715/1020/933
f 1715/1020/934 241/1024/934 926/1021/934
f 219/1001/935 1716/1025/935 928/1026/935
f 883/1000/936 929/1027/936 1716/1025/936
f 929/1027/937 912/1028/937 1716/1025/937
f 1716/1025/938 234/1029/938 928/1026/938
f 227/1005/939 1717/1030/939 930/1031/939
f 891/1004/940 926/1021/940 1717/1030/940
f 926/1021/941 920/1032/941 1717/1030/941
f 1717/1030/942 242/1033/942 930/1031/942
f 884/1008/943 931/1034/943 220/1009/943
f 219/1001/944 1718/1035/944 884/1008/944
f 1718/1035/945 234/1029/945 913/1036/945
f 931/1034/946 913/1036/946 235/1037/946
f 228/1013/947 1719/1038/947 932/1039/947
f 892/1012/948 930/1031/948 1719/1038/948
f 930/1031/949 921/1040/949 1719/1038/949
f 1719/1038/950 243/1041/950 932/1039/950
f 885/1016/951 933/1042/951 221/956/951
f 220/1009/952 1720/1043/952 885/1016/952
f 1720/1043/953 235/1037/953 914/1044/953
f 933/1042/954 914/1044/954 236/1045/954
f 229/1019/955 1721/1046/955 934/1047/955
f 893/1018/956 932/1039/956 1721/1046/956
f 932/1039/957 922/1048/957 1721/1046/957
f 1721/1046/958 244/1049/958 934/1047/958
f 886/957/959 935/1050/959 222/958/959
f 221/956/960 1722/1051/960 886/957/960
f 1722/1051/961 236/1045/961 915/1052/961
f 935/1050/962 915/1052/962 237/1053/962
f 230/963/963 1723/1054/963 936/1055/963
f 894/962/964 934/1047/964 1723/1054/964
f 934/1047/965 923/1056/965 1723/1054/965
f 1723/1054/966 245/1057/966 936/1055/966
f 887/966/967 937/1058/967 223/967/967
f 222/958/968 1724/1059/968 887/966/968
f 1724/1059/969 237/1053/969 916/1060/969
f 937/1058/970 916/1060/970 238/1061/970
f 231/971/971 1725/1062/971 938/1063/971
f 895/970/972 936/1055/972 1725/1062/972
f 936/1055/973 924/1064/973 1725/1062/973
f 1725/1062/974 246/1065/974 938/1063/974
f 888/974/975 939/1066/975 224/975/975
f 223/967/976 1726/1067/976 888/974/976
f 1726/1067/977 238/1061/977 917/1068/977
f 939/1066/978 917/1068/978 239/1069/978
f 896/978/979 940/1070/979 232/979/979
f 231/971/980 1727/1071/980 896/978/980
f 1727/1071/981 246/1065/981 925/1072/981
f 940/1070/982 925/1072/982 247/1073/982
f 889/982/983 927/1022/983 225/983/983
f 224/975/984 1728/1074/984 889/982/984
f 1728/1074/985 239/1069/985 918/1075/985
f 927/1022/986 918/1075/986 240/1076/986
f 218/989/987 1729/1077/987 929/1027/987
f 1438/1078/988 1436/1079/988 82/1080/988
f 233/1081/989 1729/1077/989 1438/1078/989
f 1437/1082/990 1439/1083/990 308/1084/990
f 232/979/991 1730/1085/991 1437/1082/991
f 247/1073/992 1730/1085/992 940/1070/992
f 245/1057/993 1731/1086/993 955/1087/993
f 923/1056/994 956/1088/994 1731/1086/994
f 956/1088/995 952/1089/995 1731/1086/995
f 1731/1086/996 260/1090/996 955/1087/996
f 916/1060/997 957/1091/997 238/1061/997
f 237/1053/998 1732/1092/998 916/1060/998
f 1732/1092/999 252/1093/999 945/1094/999
f 957/1091/1000 945/1094/1000 253/1095/1000
f 246/1065/1001 1733/1096/1001 959/1097/1001
f 924/1064/1002 955/1087/1002 1733/1096/1002
f 955/1087/1003 953/1098/1003 1733/1096/1003
f 1733/1096/1004 261/1099/1004 959/1097/1004
f 917/1068/1005 960/1100/1005 239/1069/1005
f 238/1061/1006 1734/1101/1006 917/1068/1006
f 1734/1101/1007 253/1095/1007 946/1102/1007
f 960/1100/1008 946/1102/1008 254/1103/1008
f 925/1072/1009 961/1104/1009 247/1073/1009
f 246/1065/1010 1735/1105/1010 925/1072/1010
f 1735/1105/1011 261/1099/1011 954/1106/1011
f 961/1104/1012 954/1106/1012 262/1107/1012
f 918/1075/1013 962/1108/1013 240/1076/1013
f 239/1069/1014 1736/1109/1014 918/1075/1014
f 1736/1109/1015 254/1103/1015 947/1110/1015
f 962/1108/1016 947/1110/1016 255/1111/1016
f 233/1081/1017 1737/1112/1017 963/1113/1017
f 1440/1114/1018 1438/1115/1018 82/1116/1018
f 248/1117/1019 1737/1112/1019 1440/1114/1019
f 1439/1118/1020 1441/1119/1020 308/1120/1020
f 247/1073/1021 1738/1121/1021 1439/1118/1021
f 262/1107/1022 1738/1121/1022 961/1104/1022
f 241/1024/1023 1739/1122/1023 964/1123/1023
f 919/1023/1024 962/1108/1024 1739/1122/1024
f 962/1108/1025 948/1124/1025 1739/1122/1025
f 1739/1122/1026 256/1125/1026 964/1123/1026
f 234/1029/1027 1740/1126/1027 965/1127/1027
f 912/1028/1028 963/1113/1028 1740/1126/1028
f 963/1113/1029 941/1128/1029 1740/1126/1029
f 1740/1126/1030 249/1129/1030 965/1127/1030
f 242/1033/1031 1741/1130/1031 966/1131/1031
f 920/1032/1032 964/1123/1032 1741/1130/1032
f 964/1123/1033 949/1132/1033 1741/1130/1033
f 1741/1130/1034 257/1133/1034 966/1131/1034
f 913/1036/1035 967/1134/1035 235/1037/1035
f 234/1029/1036 1742/1135/1036 913/1036/1036
f 1742/1135/1037 249/1129/1037 942/1136/1037
f 967/1134/1038 942/1136/1038 250/1137/1038
f 243/1041/1039 1743/1138/1039 968/1139/1039
f 921/1040/1040 966/1131/1040 1743/1138/1040
f 966/1131/1041 950/1140/1041 1743/1138/1041
f 1743/1138/1042 258/1141/1042 968/1139/1042
f 914/1044/1043 969/1142/1043 236/1045/1043
f 235/1037/1044 1744/1143/1044 914/1044/1044
f 1744/1143/1045 250/1137/1045 943/1144/1045
f 969/1142/1046 943/1144/1046 251/1145/1046
f 244/1049/1047 1745/1146/1047 956/1088/1047
f 922/1048/1048 968/1139/1048 1745/1146/1048
f 968/1139/1049 951/1147/1049 1745/1146/1049
f 1745/1146/1050 259/1148/1050 956/1088/1050
f 915/1052/1051 958/1149/1051 237/1053/1051
f 236/1045/1052 1746/1150/1052 915/1052/1052
f 1746/1150/1053 251/1145/1053 944/1151/1053
f 958/1149/1054 944/1151/1054 252/1093/1054
f 257/1133/1055 1747/1152/1055 984/1153/1055
f 949/1132/1056 985/1154/1056 1747/1152/1056
f 985/1154/1057 978/1155/1057 1747/1152/1057
f 1747/1152/1058 272/1156/1058 984/1153/1058
f 942/1136/1059 986/1157/1059 250/1137/1059
f 249/1129/1060 1748/1158/1060 942/1136/1060
f 1748/1158/1061 264/1159/1061 971/1160/1061
f 986/1157/1062 971/1160/1062 265/1161/1062
f 258/1141/1063 1749/1162/1063 988/1163/1063
f 950/1140/1064 984/1153/1064 1749/1162/1064
f 984/1153/1065 979/1164/1065 1749/1162/1065
f 1749/1162/1066 273/1165/1066 988/1163/1066
f 943/1144/1067 989/1166/1067 251/1145/1067
f 250/1137/1068 1750/1167/1068 943/1144/1068
f 1750/1167/1069 265/1161/1069 972/1168/1069
f 989/1166/1070 972/1168/1070 266/1169/1070
f 259/1148/1071 1751/1170/1071 990/1171/1071
f 951/1147/1072 988/1163/1072 1751/1170/1072
f 988/1163/1073 980/1172/1073 1751/1170/1073
f 1751/1170/1074 274/1173/1074 990/1171/1074
f 944/1151/1075 991/1174/1075 252/1093/1075
f 251/1145/1076 1752/1175/1076 944/1151/1076
f 1752/1175/1077 266/1169/1077 973/1176/1077
f 991/1174/1078 973/1176/1078 267/1177/1078
f 260/1090/1079 1753/1178/1079 992/1179/1079
f 952/1089/1080 990/1171/1080 1753/1178/1080
f 990/1171/1081 981/1180/1081 1753/1178/1081
f 1753/1178/1082 275/1181/1082 992/1179/1082
f 945/1094/1083 993/1182/1083 253/1095/1083
f 252/1093/1084 1754/1183/1084 945/1094/1084
f 1754/1183/1085 267/1177/1085 974/1184/1085
f 993/1182/1086 974/1184/1086 268/1185/1086
f 261/1099/1087 1755/1186/1087 994/1187/1087
f 953/1098/1088 992/1179/1088 1755/1186/1088
f 992/1179/1089 982/1188/1089 1755/1186/1089
f 1755/1186/1090 276/1189/1090 994/1187/1090
f 946/1102/1091 995/1190/1091 254/1103/1091
f 253/1095/1092 1756/1191/1092 946/1102/1092
f 1756/1191/1093 268/1185/1093 975/1192/1093
f 995/1190/1094 975/1192/1094 269/1193/1094
f 954/1106/1095 996/1194/1095 262/1107/1095
f 261/1099/1096 1757/1195/1096 954/1106/1096
f 1757/1195/1097 276/1189/1097 983/1196/1097
f 996/1194/1098 983/1196/1098 277/1197/1098
f 947/1110/1099 997/1198/1099 255/1111/1099
f 254/1103/1100 1758/1199/1100 947/1110/1100
f 1758/1199/1101 269/1193/1101 976/1200/1101
f 997/1198/1102 976/1200/1102 270/1201/1102
f 248/1117/1103 1759/1202/1103 998/1203/1103
f 1442/1204/1104 1440/1205/1104 82/1206/1104
f 263/1207/1105 1759/1202/1105 1442/1204/1105
f 1441/1208/1106 1443/1209/1106 308/1210/1106
f 262/1107/1107 1760/1211/1107 1441/1208/1107
f 277/1197/1108 1760/1211/1108 996/1194/1108
f 256/1125/1109 1761/1212/1109 985/1154/1109
f 948/1124/1110 997/1198/1110 1761/1212/1110
f 997/1198/1111 977/1213/1111 1761/1212/1111
f 1761/1212/1112 271/1214/1112 985/1154/1112
f 249/1129/1113 1762/1215/1113 987/1216/1113
f 941/1128/1114 998/1203/1114 1762/1215/1114
f 998/1203/1115 970/1217/1115 1762/1215/1115
f 1762/1215/1116 264/1159/1116 987/1216/1116
f 276/1189/1117 1763/1218/1117 1013/1219/1117
f 982/1188/1118 1014/1220/1118 1763/1218/1118
f 1014/1220/1119 1011/1221/1119 1763/1218/1119
f 1763/1218/1120 291/1222/1120 1013/1219/1120
f 975/1192/1121 1015/1223/1121 269/1193/1121
f 268/1185/1122 1764/1224/1122 975/1192/1122
f 1764/1224/1123 283/1225/1123 1004/1226/1123
f 1015/1223/1124 1004/1226/1124 284/1227/1124
f 983/1196/1125 1017/1228/1125 277/1197/1125
f 276/1189/1126 1765/1229/1126 983/1196/1126
f 1765/1229/1127 291/1222/1127 1012/1230/1127
f 1017/1228/1128 1012/1230/1128 292/1231/1128
f 976/1200/1129 1018/1232/1129 270/1201/1129
f 269/1193/1130 1766/1233/1130 976/1200/1130
f 1766/1233/1131 284/1227/1131 1005/1234/1131
f 1018/1232/1132 1005/1234/1132 285/1235/1132
f 263/1207/1133 1767/1236/1133 1019/1237/1133
f 1444/1238/1134 1442/1239/1134 82/1240/1134
f 278/1241/1135 1767/1236/1135 1444/1238/1135
f 1443/1242/1136 1445/1243/1136 308/1244/1136
f 277/1197/1137 1768/1245/1137 1443/1242/1137
f 292/1231/1138 1768/1245/1138 1017/1228/1138
f 271/1214/1139 1769/1246/1139 1020/1247/1139
f 977/1213/1140 1018/1232/1140 1769/1246/1140
f 1018/1232/1141 1006/1248/1141 1769/1246/1141
f 1769/1246/1142 286/1249/1142 1020/1247/1142
f 264/1159/1143 1770/1250/1143 1021/1251/1143
f 970/1217/1144 1019/1237/1144 1770/1250/1144
f 1019/1237/1145 999/1252/1145 1770/1250/1145
f 1770/1250/1146 279/1253/1146 1021/1251/1146
f 272/1156/1147 1771/1254/1147 1022/1255/1147
f 978/1155/1148 1020/1247/1148 1771/1254/1148
f 1020/1247/1149 1007/1256/1149 1771/1254/1149
f 1771/1254/1150 287/1257/1150 1022/1255/1150
f 971/1160/1151 1023/1258/1151 265/1161/1151
f 264/1159/1152 1772/1259/1152 971/1160/1152
f 1772/1259/1153 279/1253/1153 1000/1260/1153
f 1023/1258/1154 1000/1260/1154 280/1261/1154
f 273/1165/1155 1773/1262/1155 1024/1263/1155
f 979/1164/1156 1022/1255/1156 1773/1262/1156
f 1022/1255/1157 1008/1264/1157 1773/1262/1157
f 1773/1262/1158 288/1265/1158 1024/1263/1158
f 972/1168/1159 1025/1266/1159 266/1169/1159
f 265/1161/1160 1774/1267/1160 972/1168/1160
f 1774/1267/1161 280/1261/1161 1001/1268/1161
f 1025/1266/1162 1001/1268/1162 281/1269/1162
f 274/1173/1163 1775/1270/1163 1026/1271/1163
f 980/1172/1164 1024/1263/1164 1775/1270/1164
f 1024/1263/1165 1009/1272/1165 1775/1270/1165
f 1775/1270/1166 289/1273/1166 1026/1271/1166
f 973/1176/1167 1027/1274/1167 267/1177/1167
f 266/1169/1168 1776/1275/1168 973/1176/1168
f 1776/1275/1169 281/1269/1169 1002/1276/1169
f 1027/1274/1170 1002/1276/1170 282/1277/1170
f 275/1181/1171 1777/1278/1171 1014/1220/1171
f 981/1180/1172 1026/1271/1172 1777/1278/1172
f 1026/1271/1173 1010/1279/1173 1777/1278/1173
f 1777/1278/1174 290/1280/1174 1014/1220/1174
f 974/1184/1175 1016/1281/1175 268/1185/1175
f 267/1177/1176 1778/1282/1176 974/1184/1176
f 1778/1282/1177 282/1277/1177 1003/1283/1177
f 1016/1281/1178 1003/1283/1178 283/1225/1178
f 1000/1260/1179 1043/1284/1179 280/1261/1179
f 279/1253/1180 1779/1285/1180 1000/1260/1180
f 1779/1285/1181 294/1286/1181 1029/1287/1181
f 1043/1284/1182 1029/1287/1182 295/1288/1182
f 288/1265/1183 1780/1289/1183 1045/1290/1183
f 1008/1264/1184 1046/1291/1184 1780/1289/1184
f 1046/1291/1185 1037/1292/1185 1780/1289/1185
f 1780/1289/1186 303/1293/1186 1045/1290/1186
f 1001/1268/1187 1047/1294/1187 281/1269/1187
f 280/1261/1188 1781/1295/1188 1001/1268/1188
f 1781/1295/1189 295/1288/1189 1030/1296/1189
f 1047/1294/1190 1030/1296/1190 296/1297/1190
f 289/1273/1191 1782/1298/1191 1048/1299/1191
f 1009/1272/1192 1045/1290/1192 1782/1298/1192
f 1045/1290/1193 1038/1300/1193 1782/1298/1193
f 1782/1298/1194 304/1301/1194 1048/1299/1194
f 1002/1276/1195 1049/1302/1195 282/1277/1195
f 281/1269/1196 1783/1303/1196 1002/1276/1196
f 1783/1303/1197 296/1297/1197 1031/1304/1197
f 1049/1302/1198 1031/1304/1198 297/1305/1198
f 290/1280/1199 1784/1306/1199 1050/1307/1199
f 1010/1279/1200 1048/1299/1200 1784/1306/1200
f 1048/1299/1201 1039/1308/1201 1784/1306/1201
f 1784/1306/1202 305/1309/1202 1050/1307/1202
f 1003/1283/1203 1051/1310/1203 283/1225/1203
f 282/1277/1204 1785/1311/1204 1003/1283/1204
f 1785/1311/1205 297/1305/1205 1032/1312/1205
f 1051/1310/1206 1032/1312/1206 298/1313/1206
f 291/1222/1207 1786/1314/1207 1052/1315/1207
f 1011/1221/1208 1050/1307/1208 1786/1314/1208
f 1050/1307/1209 1040/1316/1209 1786/1314/1209
f 1786/1314/1210 306/1317/1210 1052/1315/1210
f 1004/1226/1211 1053/1318/1211 284/1227/1211
f 283/1225/1212 1787/1319/1212 1004/1226/1212
f 1787/1319/1213 298/1313/1213 1033/1320/1213
f 1053/1318/1214 1033/1320/1214 299/1321/1214
f 1012/1230/1215 1054/1322/1215 292/1231/1215
f 291/1222/1216 1788/1323/1216 1012/1230/1216
f 1788/1323/1217 306/1317/1217 1041/1324/1217
f 1054/1322/1218 1041/1324/1218 307/1325/1218
f 1005/1234/1219 1055/1326/1219 285/1235/1219
f 284/1227/1220 1789/1327/1220 1005/1234/1220
f 1789/1327/1221 299/1321/1221 1034/1328/1221
f 1055/1326/1222 1034/1328/1222 300/1329/1222
f 278/1241/1223 1790/1330/1223 1056/1331/1223
f 1446/1332/1224 1444/1333/1224 82/1334/1224
f 293/1335/1225 1790/1330/1225 1446/1332/1225
f 1445/1336/1226 1042/1337/1226 308/1338/1226
f 292/1231/1227 1791/1339/1227 1445/1336/1227
f 307/1325/1228 1791/1339/1228 1054/1322/1228
f 286/1249/1229 1792/1340/1229 1057/1341/1229
f 1006/1248/1230 1055/1326/1230 1792/1340/1230
f 1055/1326/1231 1035/1342/1231 1792/1340/1231
f 1792/1340/1232 301/1343/1232 1057/1341/1232
f 279/1253/1233 1793/1344/1233 1044/1345/1233
f 999/1252/1234 1056/1331/1234 1793/1344/1234
f 1056/1331/1235 1028/1346/1235 1793/1344/1235
f 1793/1344/1236 294/1286/1236 1044/1345/1236
f 287/1257/1237 1794/1347/1237 1046/1291/1237
f 1007/1256/1238 1057/1341/1238 1794/1347/1238
f 1057/1341/1239 1036/1348/1239 1794/1347/1239
f 1794/1347/1240 302/1349/1240 1046/1291/1240
f 1033/1320/1241 1072/1350/1241 299/1321/1241
f 298/1313/1242 1795/1351/1242 1033/1320/1242
f 1795/1351/1243 314/1352/1243 1063/1353/1243
f 1072/1350/1244 1063/1353/1244 315/1354/1244
f 1041/1324/1245 1074/1355/1245 307/1325/1245
f 306/1317/1246 1796/1356/1246 1041/1324/1246
f 1796/1356/1247 322/1357/1247 1071/1358/1247
f 1074/1355/1248 1071/1358/1248 323/1359/1248
f 1034/1328/1249 1076/1360/1249 300/1329/1249
f 299/1321/1250 1797/1361/1250 1034/1328/1250
f 1797/1361/1251 315/1354/1251 1064/1362/1251
f 1076/1360/1252 1064/1362/1252 316/1363/1252
f 293/1335/1253 1798/1364/1253 1077/1365/1253
f 1447/1366/1254 1446/1367/1254 82/1368/1254
f 309/1369/1255 1798/1364/1255 1447/1366/1255
f 1042/1370/1256 1448/1371/1256 308/1372/1256
f 307/1325/1257 1799/1373/1257 1042/1370/1257
f 323/1359/1258 1799/1373/1258 1074/1355/1258
f 301/1343/1259 1800/1374/1259 1078/1375/1259
f 1035/1342/1260 1076/1360/1260 1800/1374/1260
f 1076/1360/1261 1065/1376/1261 1800/1374/1261
f 1800/1374/1262 317/1377/1262 1078/1375/1262
f 294/1286/1263 1801/1378/1263 1079/1379/1263
f 1028/1346/1264 1077/1365/1264 1801/1378/1264
f 1077/1365/1265 1058/1380/1265 1801/1378/1265
f 1801/1378/1266 310/1381/1266 1079/1379/1266
f 302/1349/1267 1802/1382/1267 1080/1383/1267
f 1036/1348/1268 1078/1375/1268 1802/1382/1268
f 1078/1375/1269 1066/1384/1269 1802/1382/1269
f 1802/1382/1270 318/1385/1270 1080/1383/1270
f 1029/1287/1271 1081/1386/1271 295/1288/1271
f 294/1286/1272 1803/1387/1272 1029/1287/1272
f 1803/1387/1273 310/1381/1273 1059/1388/1273
f 1081/1386/1274 1059/1388/1274 311/1389/1274
f 303/1293/1275 1804/1390/1275 1082/1391/1275
f 1037/1292/1276 1080/1383/1276 1804/1390/1276
f 1080/1383/1277 1067/1392/1277 1804/1390/1277
f 1804/1390/1278 319/1393/1278 1082/1391/1278
f 1030/1296/1279 1083/1394/1279 296/1297/1279
f 295/1288/1280 1805/1395/1280 1030/1296/1280
f 1805/1395/1281 311/1389/1281 1060/1396/1281
f 1083/1394/1282 1060/1396/1282 312/1397/1282
f 304/1301/1283 1806/1398/1283 1084/1399/1283
f 1038/1300/1284 1082/1391/1284 1806/1398/1284
f 1082/1391/1285 1068/1400/1285 1806/1398/1285
f 1806/1398/1286 320/1401/1286 1084/1399/1286
f 1031/1304/1287 1085/1402/1287 297/1305/1287
f 296/1297/1288 1807/1403/1288 1031/1304/1288
f 1807/1403/1289 312/1397/1289 1061/1404/1289
f 1085/1402/1290 1061/1404/1290 313/1405/1290
f 305/1309/1291 1808/1406/1291 1086/1407/1291
f 1039/1308/1292 1084/1399/1292 1808/1406/1292
f 1084/1399/1293 1069/1408/1293 1808/1406/1293
f 1808/1406/1294 321/1409/1294 1086/1407/1294
f 1032/1312/1295 1073/1410/1295 298/1313/1295
f 297/1305/1296 1809/1411/1296 1032/1312/1296
f 1809/1411/1297 313/1405/1297 1062/1412/1297
f 1073/1410/1298 1062/1412/1298 314/1352/1298
f 306/1317/1299 1810/1413/1299 1075/1414/1299
f 1040/1316/1300 1086/1407/1300 1810/1413/1300
f 1086/1407/1301 1070/1415/1301 1810/1413/1301
f 1810/1413/1302 322/1357/1302 1075/1414/1302
f 319/1393/1303 1811/1416/1303 1101/1417/1303
f 1067/1392/1304 1102/1418/1304 1811/1416/1304
f 1102/1418/1305 1096/1419/1305 1811/1416/1305
f 1811/1416/1306 334/1420/1306 1101/1417/1306
f 1060/1396/1307 1103/1421/1307 312/1397/1307
f 311/1389/1308 1812/1422/1308 1060/1396/1308
f 1812/1422/1309 326/1423/1309 1089/1424/1309
f 1103/1421/1310 1089/1424/1310 327/1425/1310
f 320/1401/1311 1813/1426/1311 1105/1427/1311
f 1068/1400/1312 1101/1417/1312 1813/1426/1312
f 1101/1417/1313 1097/1428/1313 1813/1426/1313
f 1813/1426/1314 335/1429/1314 1105/1427/1314
f 1061/1404/1315 1106/1430/1315 313/1405/1315
f 312/1397/1316 1814/1431/1316 1061/1404/1316
f 1814/1431/1317 327/1425/1317 1090/1432/1317
f 1106/1430/1318 1090/1432/1318 328/1433/1318
f 321/1409/1319 1815/1434/1319 1107/1435/1319
f 1069/1408/1320 1105/1427/1320 1815/1434/1320
f 1105/1427/1321 1098/1436/1321 1815/1434/1321
f 1815/1434/1322 336/1437/1322 1107/1435/1322
f 1062/1412/1323 1108/1438/1323 314/1352/1323
f 313/1405/1324 1816/1439/1324 1062/1412/1324
f 1816/1439/1325 328/1433/1325 1091/1440/1325
f 1108/1438/1326 1091/1440/1326 329/1441/1326
f 322/1357/1327 1817/1442/1327 1109/1443/1327
f 1070/1415/1328 1107/1435/1328 1817/1442/1328
f 1107/1435/1329 1099/1444/1329 1817/1442/1329
f 1817/1442/1330 337/1445/1330 1109/1443/1330
f 1063/1353/1331 1110/1446/1331 315/1354/1331
f 314/1352/1332 1818/1447/1332 1063/1353/1332
f 1818/1447/1333 329/1441/1333 1092/1448/1333
f 1110/1446/1334 1092/1448/1334 330/1449/1334
f 1071/1358/1335 1111/1450/1335 323/1359/1335
f 322/1357/1336 1819/1451/1336 1071/1358/1336
f 1819/1451/1337 337/1445/1337 1100/1452/1337
f 1111/1450/1338 1100/1452/1338 338/1453/1338
f 1064/1362/1339 1112/1454/1339 316/1363/1339
f 315/1354/1340 1820/1455/1340 1064/1362/1340
f 1820/1455/1341 330/1449/1341 1093/1456/1341
f 1112/1454/1342 1093/1456/1342 331/1457/1342
f 309/1369/1343 1821/1458/1343 1113/1459/1343
f 1449/1460/1344 1447/1461/1344 82/1462/1344
f 324/1463/1345 1821/1458/1345 1449/1460/1345
f 1448/1464/1346 1450/1465/1346 308/1466/1346
f 323/1359/1347 1822/1467/1347 1448/1464/1347
f 338/1453/1348 1822/1467/1348 1111/1450/1348
f 317/1377/1349 1823/1468/1349 1114/1469/1349
f 1065/1376/1350 1112/1454/1350 1823/1468/1350
f 1112/1454/1351 1094/1470/1351 1823/1468/1351
f 1823/1468/1352 332/1471/1352 1114/1469/1352
f 310/1381/1353 1824/1472/1353 1115/1473/1353
f 1058/1380/1354 1113/1459/1354 1824/1472/1354
f 1113/1459/1355 1087/1474/1355 1824/1472/1355
f 1824/1472/1356 325/1475/1356 1115/1473/1356
f 318/1385/1357 1825/1476/1357 1102/1418/1357
f 1066/1384/1358 1114/1469/1358 1825/1476/1358
f 1114/1469/1359 1095/1477/1359 1825/1476/1359
f 1825/1476/1360 333/1478/1360 1102/1418/1360
f 1059/1388/1361 1104/1479/1361 311/1389/1361
f 310/1381/1362 1826/1480/1362 1059/1388/1362
f 1826/1480/1363 325/1475/1363 1088/1481/1363
f 1104/1479/1364 1088/1481/1364 326/1423/1364
f 1100/1452/1365 1130/1482/1365 338/1453/1365
f 337/1445/1366 1827/1483/1366 1100/1452/1366
f 1827/1483/1367 352/1484/1367 1129/1485/1367
f 1130/1482/1368 1129/1485/1368 353/1486/1368
f 1093/1456/1369 1132/1487/1369 331/1457/1369
f 330/1449/1370 1828/1488/1370 1093/1456/1370
f 1828/1488/1371 345/1489/1371 1122/1490/1371
f 1132/1487/1372 1122/1490/1372 346/1491/1372
f 324/1463/1373 1829/1492/1373 1134/1493/1373
f 1451/1494/1374 1449/1495/1374 82/1496/1374
f 339/1497/1375 1829/1492/1375 1451/1494/1375
f 1450/1498/1376 1452/1499/1376 308/1500/1376
f 338/1453/1377 1830/1501/1377 1450/1498/1377
f 353/1486/1378 1830/1501/1378 1130/1482/1378
f 332/1471/1379 1831/1502/1379 1135/1503/1379
f 1094/1470/1380 1132/1487/1380 1831/1502/1380
f 1132/1487/1381 1123/1504/1381 1831/1502/1381
f 1831/1502/1382 347/1505/1382 1135/1503/1382
f 325/1475/1383 1832/1506/1383 1136/1507/1383
f 1087/1474/1384 1134/1493/1384 1832/1506/1384
f 1134/1493/1385 1116/1508/1385 1832/1506/1385
f 1832/1506/1386 340/1509/1386 1136/1507/1386
f 333/1478/1387 1833/1510/1387 1137/1511/1387
f 1095/1477/1388 1135/1503/1388 1833/1510/1388
f 1135/1503/1389 1124/1512/1389 1833/1510/1389
f 1833/1510/1390 348/1513/1390 1137/1511/1390
f 1088/1481/1391 1138/1514/1391 326/1423/1391
f 325/1475/1392 1834/1515/1392 1088/1481/1392
f 1834/1515/1393 340/1509/1393 1117/1516/1393
f 1138/1514/1394 1117/1516/1394 341/1517/1394
f 334/1420/1395 1835/1518/1395 1139/1519/1395
f 1096/1419/1396 1137/1511/1396 1835/1518/1396
f 1137/1511/1397 1125/1520/1397 1835/1518/1397
f 1835/1518/1398 349/1521/1398 1139/1519/1398
f 1089/1424/1399 1140/1522/1399 327/1425/1399
f 326/1423/1400 1836/1523/1400 1089/1424/1400
f 1836/1523/1401 341/1517/1401 1118/1524/1401
f 1140/1522/1402 1118/1524/1402 342/1525/1402
f 335/1429/1403 1837/1526/1403 1141/1527/1403
f 1097/1428/1404 1139/1519/1404 1837/1526/1404
f 1139/1519/1405 1126/1528/1405 1837/1526/1405
f 1837/1526/1406 350/1529/1406 1141/1527/1406
f 1090/1432/1407 1142/1530/1407 328/1433/1407
f 327/1425/1408 1838/1531/1408 1090/1432/1408
f 1838/1531/1409 342/1525/1409 1119/1532/1409
f 1142/1530/1410 1119/1532/1410 343/1533/1410
f 336/1437/1411 1839/1534/1411 1143/1535/1411
f 1098/1436/1412 1141/1527/1412 1839/1534/1412
f 1141/1527/1413 1127/1536/1413 1839/1534/1413
f 1839/1534/1414 351/1537/1414 1143/1535/1414
f 1091/1440/1415 1144/1538/1415 329/1441/1415
f 328/1433/1416 1840/1539/1416 1091/1440/1416
f 1840/1539/1417 343/1533/1417 1120/1540/1417
f 1144/1538/1418 1120/1540/1418 344/1541/1418
f 337/1445/1419 1841/1542/1419 1131/1543/1419
f 1099/1444/1420 1143/1535/1420 1841/1542/1420
f 1143/1535/1421 1128/1544/1421 1841/1542/1421
f 1841/1542/1422 352/1484/1422 1131/1543/1422
f 1092/1448/1423 1133/1545/1423 330/1449/1423
f 329/1441/1424 1842/1546/1424 1092/1448/1424
f 1842/1546/1425 344/1541/1425 1121/1547/1425
f 1133/1545/1426 1121/1547/1426 345/1489/1426
f 1118/1524/1427 1159/1548/1427 342/1525/1427
f 341/1517/1428 1843/1549/1428 1118/1524/1428
f 1843/1549/1429 356/1550/1429 1147/1551/1429
f 1159/1548/1430 1147/1551/1430 357/1552/1430
f 350/1529/1431 1844/1553/1431 1161/1554/1431
f 1126/1528/1432 1162/1555/1432 1844/1553/1432
f 1162/1555/1433 1155/1556/1433 1844/1553/1433
f 1844/1553/1434 365/1557/1434 1161/1554/1434
f 1119/1532/1435 1163/1558/1435 343/1533/1435
f 342/1525/1436 1845/1559/1436 1119/1532/1436
f 1845/1559/1437 357/1552/1437 1148/1560/1437
f 1163/1558/1438 1148/1560/1438 358/1561/1438
f 351/1537/1439 1846/1562/1439 1164/1563/1439
f 1127/1536/1440 1161/1554/1440 1846/1562/1440
f 1161/1554/1441 1156/1564/1441 1846/1562/1441
f 1846/1562/1442 366/1565/1442 1164/1563/1442
f 1120/1540/1443 1165/1566/1443 344/1541/1443
f 343/1533/1444 1847/1567/1444 1120/1540/1444
f 1847/1567/1445 358/1561/1445 1149/1568/1445
f 1165/1566/1446 1149/1568/1446 359/1569/1446
f 352/1484/1447 1848/1570/1447 1166/1571/1447
f 1128/1544/1448 1164/1563/1448 1848/1570/1448
f 1164/1563/1449 1157/1572/1449 1848/1570/1449
f 1848/1570/1450 367/1573/1450 1166/1571/1450
f 1121/1547/1451 1167/1574/1451 345/1489/1451
f 344/1541/1452 1849/1575/1452 1121/1547/1452
f 1849/1575/1453 359/1569/1453 1150/1576/1453
f 1167/1574/1454 1150/1576/1454 360/1577/1454
f 1129/1485/1455 1168/1578/1455 353/1486/1455
f 352/1484/1456 1850/1579/1456 1129/1485/1456
f 1850/1579/1457 367/1573/1457 1158/1580/1457
f 1168/1578/1458 1158/1580/1458 368/1581/1458
f 1122/1490/1459 1169/1582/1459 346/1491/1459
f 345/1489/1460 1851/1583/1460 1122/1490/1460
f 1851/1583/1461 360/1577/1461 1151/1584/1461
f 1169/1582/1462 1151/1584/1462 361/1585/1462
f 339/1497/1463 1852/1586/1463 1170/1587/1463
f 1453/1588/1464 1451/1589/1464 82/1590/1464
f 354/1591/1465 1852/1586/1465 1453/1588/1465
f 1452/1592/1466 1454/1593/1466 308/1594/1466
f 353/1486/1467 1853/1595/1467 1452/1592/1467
f 368/1581/1468 1853/1595/1468 1168/1578/1468
f 347/1505/1469 1854/1596/1469 1171/1597/1469
f 1123/1504/1470 1169/1582/1470 1854/1596/1470
f 1169/1582/1471 1152/1598/1471 1854/1596/1471
f 1854/1596/1472 362/1599/1472 1171/1597/1472
f 340/1509/1473 1855/1600/1473 1172/1601/1473
f 1116/1508/1474 1170/1587/1474 1855/1600/1474
f 1170/1587/1475 1145/1602/1475 1855/1600/1475
f 1855/1600/1476 355/1603/1476 1172/1601/1476
f 348/1513/1477 1856/1604/1477 1173/1605/1477
f 1124/1512/1478 1171/1597/1478 1856/1604/1478
f 1171/1597/1479 1153/1606/1479 1856/1604/1479
f 1856/1604/1480 363/1607/1480 1173/1605/1480
f 1117/1516/1481 1160/1608/1481 341/1517/1481
f 340/1509/1482 1857/1609/1482 1117/1516/1482
f 1857/1609/1483 355/1603/1483 1146/1610/1483
f 1160/1608/1484 1146/1610/1484 356/1550/1484
f 349/1521/1485 1858/1611/1485 1162/1555/1485
f 1125/1520/1486 1173/1605/1486 1858/1611/1486
f 1173/1605/1487 1154/1612/1487 1858/1611/1487
f 1858/1611/1488 364/1613/1488 1162/1555/1488
f 1151/1614/1489 1188/1615/1489 361/1616/1489
f 360/1617/1490 1859/1618/1490 1151/1614/1490
f 1859/1618/1491 375/1619/1491 1180/1620/1491
f 1188/1615/1492 1180/1620/1492 376/1621/1492
f 354/1622/1493 1860/1623/1493 1190/1624/1493
f 1455/1625/1494 1453/1626/1494 82/1627/1494
f 369/1628/1495 1860/1623/1495 1455/1625/1495
f 1454/1629/1496 1456/1630/1496 308/1631/1496
f 368/1632/1497 1861/1633/1497 1454/1629/1497
f 383/1634/1498 1861/1633/1498 1191/1635/1498
f 362/1636/1499 1862/1637/1499 1192/1638/1499
f 1152/1639/1500 1188/1615/1500 1862/1637/1500
f 1188/1615/1501 1181/1640/1501 1862/1637/1501
f 1862/1637/1502 377/1641/1502 1192/1638/1502
f 355/1642/1503 1863/1643/1503 1193/1644/1503
f 1145/1645/1504 1190/1624/1504 1863/1643/1504
f 1190/1624/1505 1174/1646/1505 1863/1643/1505
f 1863/1643/1506 370/1647/1506 1193/1644/1506
f 363/1648/1507 1864/1649/1507 1194/1650/1507
f 1153/1651/1508 1192/1638/1508 1864/1649/1508
f 1192/1638/1509 1182/1652/1509 1864/1649/1509
f 1864/1649/1510 378/1653/1510 1194/1650/1510
f 1146/1654/1511 1195/1655/1511 356/1656/1511
f 355/1642/1512 1865/1657/1512 1146/1654/1512
f 1865/1657/1513 370/1647/1513 1175/1658/1513
f 1195/1655/1514 1175/1658/1514 371/1659/1514
f 364/1660/1515 1866/1661/1515 1196/1662/1515
f 1154/1663/1516 1194/1650/1516 1866/1661/1516
f 1194/1650/1517 1183/1664/1517 1866/1661/1517
f 1866/1661/1518 379/1665/1518 1196/1662/1518
f 1147/1666/1519 1197/1667/1519 357/1668/1519
f 356/1656/1520 1867/1669/1520 1147/1666/1520
f 1867/1669/1521 371/1659/1521 1176/1670/1521
f 1197/1667/1522 1176/1670/1522 372/1671/1522
f 365/1672/1523 1868/1673/1523 1198/1674/1523
f 1155/1675/1524 1196/1662/1524 1868/1673/1524
f 1196/1662/1525 1184/1676/1525 1868/1673/1525
f 1868/1673/1526 380/1677/1526 1198/1674/1526
f 1148/1678/1527 1199/1679/1527 358/1680/1527
f 357/1668/1528 1869/1681/1528 1148/1678/1528
f 1869/1681/1529 372/1671/1529 1177/1682/1529
f 1199/1679/1530 1177/1682/1530 373/1683/1530
f 366/1684/1531 1870/1685/1531 1200/1686/1531
f 1156/1687/1532 1198/1674/1532 1870/1685/1532
f 1198/1674/1533 1185/1688/1533 1870/1685/1533
f 1870/1685/1534 381/1689/1534 1200/1686/1534
f 1149/1690/1535 1201/1691/1535 359/1692/1535
f 358/1680/1536 1871/1693/1536 1149/1690/1536
f 1871/1693/1537 373/1683/1537 1178/1694/1537
f 1201/1691/1538 1178/1694/1538 374/1695/1538
f 367/1696/1539 1872/1697/1539 1202/1698/1539
f 1157/1699/1540 1200/1686/1540 1872/1697/1540
f 1200/1686/1541 1186/1700/1541 1872/1697/1541
f 1872/1697/1542 382/1701/1542 1202/1698/1542
f 1150/1702/1543 1189/1703/1543 360/1617/1543
f 359/1692/1544 1873/1704/1544 1150/1702/1544
f 1873/1704/1545 374/1695/1545 1179/1705/1545
f 1189/1703/1546 1179/1705/1546 375/1619/1546
f 1158/1706/1547 1191/1635/1547 368/1632/1547
f 367/1696/1548 1874/1707/1548 1158/1706/1548
f 1874/1707/1549 382/1701/1549 1187/1708/1549
f 1191/1635/1550 1187/1708/1550 383/1634/1550
f 380/1677/1551 1875/1709/1551 1217/1710/1551
f 1184/1676/1552 1218/1711/1552 1875/1709/1552
f 1218/1711/1553 1213/1712/1553 1875/1709/1553
f 1875/1709/1554 395/1713/1554 1217/1710/1554
f 1177/1682/1555 1219/1714/1555 373/1683/1555
f 372/1671/1556 1876/1715/1556 1177/1682/1556
f 1876/1715/1557 387/1716/1557 1206/1717/1557
f 1219/1714/1558 1206/1717/1558 388/1718/1558
f 381/1689/1559 1877/1719/1559 1221/1720/1559
f 1185/1688/1560 1217/1710/1560 1877/1719/1560
f 1217/1710/1561 1214/1721/1561 1877/1719/1561
f 1877/1719/1562 396/1722/1562 1221/1720/1562
f 1178/1694/1563 1222/1723/1563 374/1695/1563
f 373/1683/1564 1878/1724/1564 1178/1694/1564
f 1878/1724/1565 388/1718/1565 1207/1725/1565
f 1222/1723/1566 1207/1725/1566 389/1726/1566
f 382/1701/1567 1879/1727/1567 1223/1728/1567
f 1186/1700/1568 1221/1720/1568 1879/1727/1568
f 1221/1720/1569 1215/1729/1569 1879/1727/1569
f 1879/1727/1570 397/1730/1570 1223/1728/1570
f 1179/1705/1571 1224/1731/1571 375/1619/1571
f 374/1695/1572 1880/1732/1572 1179/1705/1572
f 1880/1732/1573 389/1726/1573 1208/1733/1573
f 1224/1731/1574 1208/1733/1574 390/1734/1574
f 1187/1708/1575 1225/1735/1575 383/1634/1575
f 382/1701/1576 1881/1736/1576 1187/1708/1576
f 1881/1736/1577 397/1730/1577 1216/1737/1577
f 1225/1735/1578 1216/1737/1578 398/1738/1578
f 1180/1620/1579 1226/1739/1579 376/1621/1579
f 375/1619/1580 1882/1740/1580 1180/1620/1580
f 1882/1740/1581 390/1734/1581 1209/1741/1581
f 1226/1739/1582 1209/1741/1582 391/1742/1582
f 369/1628/1583 1883/1743/1583 1227/1744/1583
f 1457/1745/1584 1455/1746/1584 82/1747/1584
f 384/1748/1585 1883/1743/1585 1457/1745/1585
f 1456/1749/1586 1458/1750/1586 308/1751/1586
f 383/1634/1587 1884/1752/1587 1456/1749/1587
f 398/1738/1588 1884/1752/1588 1225/1735/1588
f 377/1641/1589 1885/1753/1589 1228/1754/1589
f 1181/1640/1590 1226/1739/1590 1885/1753/1590
f 1226/1739/1591 1210/1755/1591 1885/1753/1591
f 1885/1753/1592 392/1756/1592 1228/1754/1592
f 370/1647/1593 1886/1757/1593 1229/1758/1593
f 1174/1646/1594 1227/1744/1594 1886/1757/1594
f 1227/1744/1595 1203/1759/1595 1886/1757/1595
f 1886/1757/1596 385/1760/1596 1229/1758/1596
f 378/1653/1597 1887/1761/1597 1230/1762/1597
f 1182/1652/1598 1228/1754/1598 1887/1761/1598
f 1228/1754/1599 1211/1763/1599 1887/1761/1599
f 1887/1761/1600 393/1764/1600 1230/1762/1600
f 1175/1658/1601 1231/1765/1601 371/1659/1601
f 370/1647/1602 1888/1766/1602 1175/1658/1602
f 1888/1766/1603 385/1760/1603 1204/1767/1603
f 1231/1765/1604 1204/1767/1604 386/1768/1604
f 379/1665/1605 1889/1769/1605 1218/1711/1605
f 1183/1664/1606 1230/1762/1606 1889/1769/1606
f 1230/1762/1607 1212/1770/1607 1889/1769/1607
f 1889/1769/1608 394/1771/1608 1218/1711/1608
f 1176/1670/1609 1220/1772/1609 372/1671/1609
f 371/1659/1610 1890/1773/1610 1176/1670/1610
f 1890/1773/1611 386/1768/1611 1205/1774/1611
f 1220/1772/1612 1205/1774/1612 387/1716/1612
f 1458/1775/1613 1460/1776/1613 308/1777/1613
f 398/1738/1614 1891/1778/1614 1458/1775/1614
f 413/1779/1615 1891/1778/1615 1246/1780/1615
f 392/1756/1616 1892/1781/1616 1247/1782/1616
f 1210/1755/1617 1248/1783/1617 1892/1781/1617
f 1248/1783/1618 1239/1784/1618 1892/1781/1618
f 1892/1781/1619 407/1785/1619 1247/1782/1619
f 385/1760/1620 1893/1786/1620 1249/1787/1620
f 1203/1759/1621 1250/1788/1621 1893/1786/1621
f 1250/1788/1622 1232/1789/1622 1893/1786/1622
f 1893/1786/1623 400/1790/1623 1249/1787/1623
f 393/1764/1624 1894/1791/1624 1251/1792/1624
f 1211/1763/1625 1247/1782/1625 1894/1791/1625
f 1247/1782/1626 1240/1793/1626 1894/1791/1626
f 1894/1791/1627 408/1794/1627 1251/1792/1627
f 1204/1767/1628 1252/1795/1628 386/1768/1628
f 385/1760/1629 1895/1796/1629 1204/1767/1629
f 1895/1796/1630 400/1790/1630 1233/1797/1630
f 1252/1795/1631 1233/1797/1631 401/1798/1631
f 394/1771/1632 1896/1799/1632 1253/1800/1632
f 1212/1770/1633 1251/1792/1633 1896/1799/1633
f 1251/1792/1634 1241/1801/1634 1896/1799/1634
f 1896/1799/1635 409/1802/1635 1253/1800/1635
f 1205/1774/1636 1254/1803/1636 387/1716/1636
f 386/1768/1637 1897/1804/1637 1205/1774/1637
f 1897/1804/1638 401/1798/1638 1234/1805/1638
f 1254/1803/1639 1234/1805/1639 402/1806/1639
f 395/1713/1640 1898/1807/1640 1255/1808/1640
f 1213/1712/1641 1253/1800/1641 1898/1807/1641
f 1253/1800/1642 1242/1809/1642 1898/1807/1642
f 1898/1807/1643 410/1810/1643 1255/1808/1643
f 1206/1717/1644 1256/1811/1644 388/1718/1644
f 387/1716/1645 1899/1812/1645 1206/1717/1645
f 1899/1812/1646 402/1806/1646 1235/1813/1646
f 1256/1811/1647 1235/1813/1647 403/1814/1647
f 396/1722/1648 1900/1815/1648 1257/1816/1648
f 1214/1721/1649 1255/1808/1649 1900/1815/1649
f 1255/1808/1650 1243/1817/1650 1900/1815/1650
f 1900/1815/1651 411/1818/1651 1257/1816/1651
f 1207/1725/1652 1258/1819/1652 389/1726/1652
f 388/1718/1653 1901/1820/1653 1207/1725/1653
f 1901/1820/1654 403/1814/1654 1236/1821/1654
f 1258/1819/1655 1236/1821/1655 404/1822/1655
f 397/1730/1656 1902/1823/1656 1259/1824/1656
f 1215/1729/1657 1257/1816/1657 1902/1823/1657
f 1257/1816/1658 1244/1825/1658 1902/1823/1658
f 1902/1823/1659 412/1826/1659 1259/1824/1659
f 1208/1733/1660 1260/1827/1660 390/1734/1660
f 389/1726/1661 1903/1828/1661 1208/1733/1661
f 1903/1828/1662 404/1822/1662 1237/1829/1662
f 1260/1827/1663 1237/1829/1663 405/1830/1663
f 1216/1737/1664 1246/1780/1664 398/1738/1664
f 397/1730/1665 1904/1831/1665 1216/1737/1665
f 1904/1831/1666 412/1826/1666 1245/1832/1666
f 1246/1780/1667 1245/1832/1667 413/1779/1667
f 1209/1741/1668 1248/1783/1668 391/1742/1668
f 390/1734/1669 1905/1833/1669 1209/1741/1669
f 1905/1833/1670 405/1830/1670 1238/1834/1670
f 1248/1783/1671 1238/1834/1671 406/1835/1671
f 384/1748/1672 1906/1836/1672 1250/1788/1672
f 1459/1837/1673 1457/1838/1673 82/1839/1673
f 399/1840/1674 1906/1836/1674 1459/1837/1674
f 411/1818/1675 1907/1841/1675 1275/1842/1675
f 1243/1817/1676 1276/1843/1676 1907/1841/1676
f 1276/1843/1677 1272/1844/1677 1907/1841/1677
f 1907/1841/1678 426/1845/1678 1275/1842/1678
f 1236/1821/1679 1277/1846/1679 404/1822/1679
f 403/1814/1680 1908/1847/1680 1236/1821/1680
f 1908/1847/1681 418/1848/1681 1265/1849/1681
f 1277/1846/1682 1265/1849/1682 419/1850/1682
f 412/1826/1683 1909/1851/1683 1279/1852/1683
f 1244/1825/1684 1275/1842/1684 1909/1851/1684
f 1275/1842/1685 1273/1853/1685 1909/1851/1685
f 1909/1851/1686 427/1854/1686 1279/1852/1686
f 1237/1829/1687 1280/1855/1687 405/1830/1687
f 404/1822/1688 1910/1856/1688 1237/1829/1688
f 1910/1856/1689 419/1850/1689 1266/1857/1689
f 1280/1855/1690 1266/1857/1690 420/1858/1690
f 1245/1832/1691 1281/1859/1691 413/1779/1691
f 412/1826/1692 1911/1860/1692 1245/1832/1692
f 1911/1860/1693 427/1854/1693 1274/1861/1693
f 1281/1859/1694 1274/1861/1694 428/1862/1694
f 1238/1834/1695 1282/1863/1695 406/1835/1695
f 405/1830/1696 1912/1864/1696 1238/1834/1696
f 1912/1864/1697 420/1858/1697 1267/1865/1697
f 1282/1863/1698 1267/1865/1698 421/1866/1698
f 399/1840/1699 1913/1867/1699 1283/1868/1699
f 1461/1869/1700 1459/1870/1700 82/1871/1700
f 414/1872/1701 1913/1867/1701 1461/1869/1701
f 1460/1873/1702 1462/1874/1702 308/1875/1702
f 413/1779/1703 1914/1876/1703 1460/1873/1703
f 428/1862/1704 1914/1876/1704 1281/1859/1704
f 407/1785/1705 1915/1877/1705 1284/1878/1705
f 1239/1784/1706 1282/1863/1706 1915/1877/1706
f 1282/1863/1707 1268/1879/1707 1915/1877/1707
f 1915/1877/1708 422/1880/1708 1284/1878/1708
f 400/1790/1709 1916/1881/1709 1285/1882/1709
f 1232/1789/1710 1283/1868/1710 1916/1881/1710
f 1283/1868/1711 1261/1883/1711 1916/1881/1711
f 1916/1881/1712 415/1884/1712 1285/1882/1712
f 408/1794/1713 1917/1885/1713 1286/1886/1713
f 1240/1793/1714 1284/1878/1714 1917/1885/1714
f 1284/1878/1715 1269/1887/1715 1917/1885/1715
f 1917/1885/1716 423/1888/1716 1286/1886/1716
f 1233/1797/1717 1287/1889/1717 401/1798/1717
f 400/1790/1718 1918/1890/1718 1233/1797/1718
f 1918/1890/1719 415/1884/1719 1262/1891/1719
f 1287/1889/1720 1262/1891/1720 416/1892/1720
f 409/1802/1721 1919/1893/1721 1288/1894/1721
f 1241/1801/1722 1286/1886/1722 1919/1893/1722
f 1286/1886/1723 1270/1895/1723 1919/1893/1723
f 1919/1893/1724 424/1896/1724 1288/1894/1724
f 1234/1805/1725 1289/1897/1725 402/1806/1725
f 401/1798/1726 1920/1898/1726 1234/1805/1726
f 1920/1898/1727 416/1892/1727 1263/1899/1727
f 1289/1897/1728 1263/1899/1728 417/1900/1728
f 410/1810/1729 1921/1901/1729 1276/1843/1729
f 1242/1809/1730 1288/1894/1730 1921/1901/1730
f 1288/1894/1731 1271/1902/1731 1921/1901/1731
f 1921/1901/1732 425/1903/1732 1276/1843/1732
f 1235/1813/1733 1278/1904/1733 403/1814/1733
f 402/1806/1734 1922/1905/1734 1235/1813/1734
f 1922/1905/1735 417/1900/1735 1264/1906/1735
f 1278/1904/1736 1264/1906/1736 418/1848/1736
f 415/1884/1737 1923/1907/1737 1304/1908/1737
f 1261/1883/1738 1305/1909/1738 1923/1907/1738
f 1305/1909/1739 1290/1910/1739 1923/1907/1739
f 1923/1907/1740 430/1911/1740 1304/1908/1740
f 423/1888/1741 1924/1912/1741 1306/1913/1741
f 1269/1887/1742 1307/1914/1742 1924/1912/1742
f 1307/1914/1743 1298/1915/1743 1924/1912/1743
f 1924/1912/1744 438/1916/1744 1306/1913/1744
f 1262/1891/1745 1308/1917/1745 416/1892/1745
f 415/1884/1746 1925/1918/1746 1262/1891/1746
f 1925/1918/1747 430/1911/1747 1291/1919/1747
f 1308/1917/1748 1291/1919/1748 431/1920/1748
f 424/1896/1749 1926/1921/1749 1309/1922/1749
f 1270/1895/1750 1306/1913/1750 1926/1921/1750
f 1306/1913/1751 1299/1923/1751 1926/1921/1751
f 1926/1921/1752 439/1924/1752 1309/1922/1752
f 1263/1899/1753 1310/1925/1753 417/1900/1753
f 416/1892/1754 1927/1926/1754 1263/1899/1754
f 1927/1926/1755 431/1920/1755 1292/1927/1755
f 1310/1925/1756 1292/1927/1756 432/1928/1756
f 425/1903/1757 1928/1929/1757 1311/1930/1757
f 1271/1902/1758 1309/1922/1758 1928/1929/1758
f 1309/1922/1759 1300/1931/1759 1928/1929/1759
f 1928/1929/1760 440/1932/1760 1311/1930/1760
f 1264/1906/1761 1312/1933/1761 418/1848/1761
f 417/1900/1762 1929/1934/1762 1264/1906/1762
f 1929/1934/1763 432/1928/1763 1293/1935/1763
f 1312/1933/1764 1293/1935/1764 433/1936/1764
f 426/1845/1765 1930/1937/1765 1313/1938/1765
f 1272/1844/1766 1311/1930/1766 1930/1937/1766
f 1311/1930/1767 1301/1939/1767 1930/1937/1767
f 1930/1937/1768 441/1940/1768 1313/1938/1768
f 1265/1849/1769 1314/1941/1769 419/1850/1769
f 418/1848/1770 1931/1942/1770 1265/1849/1770
f 1931/1942/1771 433/1936/1771 1294/1943/1771
f 1314/1941/1772 1294/1943/1772 434/1944/1772
f 427/1854/1773 1932/1945/1773 1315/1946/1773
f 1273/1853/1774 1313/1938/1774 1932/1945/1774
f 1313/1938/1775 1302/1947/1775 1932/1945/1775
f 1932/1945/1776 442/1948/1776 1315/1946/1776
f 1266/1857/1777 1316/1949/1777 420/1858/1777
f 419/1850/1778 1933/1950/1778 1266/1857/1778
f 1933/1950/1779 434/1944/1779 1295/1951/1779
f 1316/1949/1780 1295/1951/1780 435/1952/1780
f 1274/1861/1781 1317/1953/1781 428/1862/1781
f 427/1854/1782 1934/1954/1782 1274/1861/1782
f 1934/1954/1783 442/1948/1783 1303/1955/1783
f 1317/1953/1784 1303/1955/1784 443/1956/1784
f 1267/1865/1785 1318/1957/1785 421/1866/1785
f 420/1858/1786 1935/1958/1786 1267/1865/1786
f 1935/1958/1787 435/1952/1787 1296/1959/1787
f 1318/1957/1788 1296/1959/1788 436/1960/1788
f 414/1872/1789 1936/1961/1789 1305/1909/1789
f 1463/1962/1790 1461/1963/1790 82/1964/1790
f 429/1965/1791 1936/1961/1791 1463/1962/1791
f 1462/1966/1792 1464/1967/1792 308/1968/1792
f 428/1862/1793 1937/1969/1793 1462/1966/1793
f 443/1956/1794 1937/1969/1794 1317/1953/1794
f 422/1880/1795 1938/1970/1795 1307/1914/1795
f 1268/1879/1796 1318/1957/1796 1938/1970/1796
f 1318/1957/1797 1297/1971/1797 1938/1970/1797
f 1938/1970/1798 437/1972/1798 1307/1914/1798
f 1294/1943/1799 1333/1973/1799 434/1944/1799
f 433/1936/1800 1939/1974/1800 1294/1943/1800
f 1939/1974/1801 448/1975/1801 1323/1976/1801
f 1333/1973/1802 1323/1976/1802 449/1977/1802
f 442/1948/1803 1940/1978/1803 1335/1979/1803
f 1302/1947/1804 1336/1980/1804 1940/1978/1804
f 1336/1980/1805 1331/1981/1805 1940/1978/1805
f 1940/1978/1806 457/1982/1806 1335/1979/1806
f 1295/1951/1807 1337/1983/1807 435/1952/1807
f 434/1944/1808 1941/1984/1808 1295/1951/1808
f 1941/1984/1809 449/1977/1809 1324/1985/1809
f 1337/1983/1810 1324/1985/1810 450/1986/1810
f 1303/1955/1811 1338/1987/1811 443/1956/1811
f 442/1948/1812 1942/1988/1812 1303/1955/1812
f 1942/1988/1813 457/1982/1813 1332/1989/1813
f 1338/1987/1814 1332/1989/1814 458/1990/1814
f 1296/1959/1815 1339/1991/1815 436/1960/1815
f 435/1952/1816 1943/1992/1816 1296/1959/1816
f 1943/1992/1817 450/1986/1817 1325/1993/1817
f 1339/1991/1818 1325/1993/1818 451/1994/1818
f 429/1965/1819 1944/1995/1819 1340/1996/1819
f 1465/1997/1820 1463/1998/1820 82/1999/1820
f 444/2000/1821 1944/1995/1821 1465/1997/1821
f 1464/2001/1822 1466/2002/1822 308/2003/1822
f 443/1956/1823 1945/2004/1823 1464/2001/1823
f 458/1990/1824 1945/2004/1824 1338/1987/1824
f 437/1972/1825 1946/2005/1825 1341/2006/1825
f 1297/1971/1826 1339/1991/1826 1946/2005/1826
f 1339/1991/1827 1326/2007/1827 1946/2005/1827
f 1946/2005/1828 452/2008/1828 1341/2006/1828
f 430/1911/1829 1947/2009/1829 1342/2010/1829
f 1290/1910/1830 1340/1996/1830 1947/2009/1830
f 1340/1996/1831 1319/2011/1831 1947/2009/1831
f 1947/2009/1832 445/2012/1832 1342/2010/1832
f 438/1916/1833 1948/2013/1833 1343/2014/1833
f 1298/1915/1834 1341/2006/1834 1948/2013/1834
f 1341/2006/1835 1327/2015/1835 1948/2013/1835
f 1948/2013/1836 453/2016/1836 1343/2014/1836
f 1291/1919/1837 1344/2017/1837 431/1920/1837
f 430/1911/1838 1949/2018/1838 1291/1919/1838
f 1949/2018/1839 445/2012/1839 1320/2019/1839
f 1344/2017/1840 1320/2019/1840 446/2020/1840
f 439/1924/1841 1950/2021/1841 1345/2022/1841
f 1299/1923/1842 1343/2014/1842 1950/2021/1842
f 1343/2014/1843 1328/2023/1843 1950/2021/1843
f 1950/2021/1844 454/2024/1844 1345/2022/1844
f 1292/1927/1845 1346/2025/1845 432/1928/1845
f 431/1920/1846 1951/2026/1846 1292/1927/1846
f 1951/2026/1847 446/2020/1847 1321/2027/1847
f 1346/2025/1848 1321/2027/1848 447/2028/1848
f 440/1932/1849 1952/2029/1849 1347/2030/1849
f 1300/1931/1850 1345/2022/1850 1952/2029/1850
f 1345/2022/1851 1329/2031/1851 1952/2029/1851
f 1952/2029/1852 455/2032/1852 1347/2030/1852
f 1293/1935/1853 1334/2033/1853 433/1936/1853
f 432/1928/1854 1953/2034/1854 1293/1935/1854
f 1953/2034/1855 447/2028/1855 1322/2035/1855
f 1334/2033/1856 1322/2035/1856 448/1975/1856
f 441/1940/1857 1954/2036/1857 1336/1980/1857
f 1301/1939/1858 1347/2030/1858 1954/2036/1858
f 1347/2030/1859 1330/2037/1859 1954/2036/1859
f 1954/2036/1860 456/2038/1860 1336/1980/1860
f 453/2016/1861 1955/2039/1861 1362/2040/1861
f 1327/2015/1862 1363/2041/1862 1955/2039/1862
f 1363/2041/1863 1356/2042/1863 1955/2039/1863
f 1955/2039/1864 468/2043/1864 1362/2040/1864
f 1320/2019/1865 1364/2044/1865 446/2020/1865
f 445/2012/1866 1956/2045/1866 1320/2019/1866
f 1956/2045/1867 460/2046/1867 1349/2047/1867
f 1364/2044/1868 1349/2047/1868 461/2048/1868
f 454/2024/1869 1957/2049/1869 1366/2050/1869
f 1328/2023/1870 1362/2040/1870 1957/2049/1870
f 1362/2040/1871 1357/2051/1871 1957/2049/1871
f 1957/2049/1872 469/2052/1872 1366/2050/1872
f 1321/2027/1873 1367/2053/1873 447/2028/1873
f 446/2020/1874 1958/2054/1874 1321/2027/1874
f 1958/2054/1875 461/2048/1875 1350/2055/1875
f 1367/2053/1876 1350/2055/1876 462/2056/1876
f 455/2032/1877 1959/2057/1877 1368/2058/1877
f 1329/2031/1878 1366/2050/1878 1959/2057/1878
f 1366/2050/1879 1358/2059/1879 1959/2057/1879
f 1959/2057/1880 470/2060/1880 1368/2058/1880
f 1322/2035/1881 1369/2061/1881 448/1975/1881
f 447/2028/1882 1960/2062/1882 1322/2035/1882
f 1960/2062/1883 462/2056/1883 1351/2063/1883
f 1369/2061/1884 1351/2063/1884 463/2064/1884
f 456/2038/1885 1961/2065/1885 1370/2066/1885
f 1330/2037/1886 1368/2058/1886 1961/2065/1886
f 1368/2058/1887 1359/2067/1887 1961/2065/1887
f 1961/2065/1888 471/2068/1888 1370/2066/1888
f 1323/1976/1889 1371/2069/1889 449/1977/1889
f 448/1975/1890 1962/2070/1890 1323/1976/1890
f 1962/2070/1891 463/2064/1891 1352/2071/1891
f 1371/2069/1892 1352/2071/1892 464/2072/1892
f 457/1982/1893 1963/2073/1893 1372/2074/1893
f 1331/1981/1894 1370/2066/1894 1963/2073/1894
f 1370/2066/1895 1360/2075/1895 1963/2073/1895
f 1963/2073/1896 472/2076/1896 1372/2074/1896
f 1324/1985/1897 1373/2077/1897 450/1986/1897
f 449/1977/1898 1964/2078/1898 1324/1985/1898
f 1964/2078/1899 464/2072/1899 1353/2079/1899
f 1373/2077/1900 1353/2079/1900 465/2080/1900
f 1332/1989/1901 1374/2081/1901 458/1990/1901
f 457/1982/1902 1965/2082/1902 1332/1989/1902
f 1965/2082/1903 472/2076/1903 1361/2083/1903
f 1374/2081/1904 1361/2083/1904 473/2084/1904
f 1325/1993/1905 1375/2085/1905 451/1994/1905
f 450/1986/1906 1966/2086/1906 1325/1993/1906
f 1966/2086/1907 465/2080/1907 1354/2087/1907
f 1375/2085/1908 1354/2087/1908 466/2088/1908
f 444/2000/1909 1967/2089/1909 1376/2090/1909
f 1467/2091/1910 1465/2092/1910 82/2093/1910
f 459/2094/1911 1967/2089/1911 1467/2091/1911
f 1466/2095/1912 1468/2096/1912 308/2097/1912
f 458/1990/1913 1968/2098/1913 1466/2095/1913
f 473/2084/1914 1968/2098/1914 1374/2081/1914
f 452/2008/1915 1969/2099/1915 1363/2041/1915
f 1326/2007/1916 1375/2085/1916 1969/2099/1916
f 1375/2085/1917 1355/2100/1917 1969/2099/1917
f 1969/2099/1918 467/2101/1918 1363/2041/1918
f 445/2012/1919 1970/2102/1919 1365/2103/1919
f 1319/2011/1920 1376/2090/1920 1970/2102/1920
f 1376/2090/1921 1348/2104/1921 1970/2102/1921
f 1970/2102/1922 460/2046/1922 1365/2103/1922
f 472/2076/1923 1971/2105/1923 1381/2106/1923
f 1360/2075/1924 1382/2107/1924 1971/2105/1924
f 1382/2107/1925 1379/12/1925 1971/2105/1925
f 1971/2105/1926 481/9/1926 1381/2106/1926
f 1353/2079/1927 1469/2108/1927 465/2080/1927
f 464/2072/1928 1972/2109/1928 1353/2079/1928
f 1972/2109/1929 477/3/1929 1395/16/1929
f 1469/2108/1930 1395/16/1930 3/18/1930
f 1361/2083/1931 1384/2110/1931 473/2084/1931
f 472/2076/1932 1973/2111/1932 1361/2083/1932
f 1973/2111/1933 481/9/1933 1380/22/1933
f 1384/2110/1934 1380/22/1934 482/24/1934
f 1354/2087/1935 1470/2112/1935 466/2088/1935
f 465/2080/1936 1974/2113/1936 1354/2087/1936
f 1974/2113/1937 3/18/1937 483/28/1937
f 1470/2112/1938 483/28/1938 4/30/1938
f 459/2094/1939 1975/2114/1939 1385/2115/1939
f 1390/2116/1940 1467/2117/1940 82/2118/1940
f 474/34/1941 1975/2114/1941 1390/2116/1941
f 1468/2119/1942 1399/2120/1942 308/2121/1942
f 473/2084/1943 1976/2122/1943 1468/2119/1943
f 482/24/1944 1976/2122/1944 1384/2110/1944
f 467/2101/1945 1977/2123/1945 1471/2124/1945
f 1355/2100/1946 1470/2112/1946 1977/2123/1946
f 1470/2112/1947 484/48/1947 1977/2123/1947
f 1977/2123/1948 5/45/1948 1471/2124/1948
f 460/2046/1949 1978/2125/1949 1386/2126/1949
f 1348/2104/1950 1385/2115/1950 1978/2125/1950
f 1385/2115/1951 1377/54/1951 1978/2125/1951
f 1978/2125/1952 475/51/1952 1386/2126/1952
f 468/2043/1953 1979/2127/1953 1387/2128/1953
f 1356/2042/1954 1471/2124/1954 1979/2127/1954
f 1471/2124/1955 1396/60/1955 1979/2127/1955
f 1979/2127/1956 478/57/1956 1387/2128/1956
f 1349/2047/1957 1472/2129/1957 461/2048/1957
f 460/2046/1958 1980/2130/1958 1349/2047/1958
f 1980/2130/1959 475/51/1959 1391/63/1959
f 1472/2129/1960 1391/63/1960 1/65/1960
f 469/2052/1961 1981/2131/1961 1473/2132/1961
f 1357/2051/1962 1387/2128/1962 1981/2131/1962
f 1387/2128/1963 1397/72/1963 1981/2131/1963
f 1981/2131/1964 6/69/1964 1473/2132/1964
f 1350/2055/1965 1388/2133/1965 462/2056/1965
f 461/2048/1966 1982/2134/1966 1350/2055/1966
f 1982/2134/1967 1/65/1967 1392/75/1967
f 1388/2133/1968 1392/75/1968 476/77/1968
f 470/2060/1969 1983/2135/1969 1389/2136/1969
f 1358/2059/1970 1473/2132/1970 1983/2135/1970
f 1473/2132/1971 1398/84/1971 1983/2135/1971
f 1983/2135/1972 479/81/1972 1389/2136/1972
f 1351/2063/1973 1474/2137/1973 463/2064/1973
f 462/2056/1974 1984/2138/1974 1351/2063/1974
f 1984/2138/1975 476/77/1975 1393/87/1975
f 1474/2137/1976 1393/87/1976 2/4/1976
f 471/2068/1977 1985/2139/1977 1382/2107/1977
f 1359/2067/1978 1389/2136/1978 1985/2139/1978
f 1389/2136/1979 1378/93/1979 1985/2139/1979
f 1985/2139/1980 480/91/1980 1382/2107/1980
f 1352/2071/1981 1383/2140/1981 464/2072/1981
f 463/2064/1982 1986/2141/1982 1352/2071/1982
f 1986/2141/1983 2/4/1983 1394/1/1983
f 1383/2140/1984 1394/1/1984 477/3/1984
f 1394/1/1 1475/5/1 1402/2/1
f 2/4/2 499/88/2 1475/5/2
f 1475/5/3 499/88/3 11/6/3
f 1402/2/4 1475/5/4 489/7/4
f 481/9/5 1379/12/5 1476/10/5
f 1379/12/6 480/91/6 1404/13/6
f 1404/13/7 19/95/7 497/14/7
f 1476/10/8 497/14/8 20/15/8
f 1395/16/9 1477/19/9 500/17/9
f 477/3/10 1402/2/10 1477/19/10
f 1477/19/11 1402/2/11 12/8/11
f 500/17/12 1477/19/12 490/20/12
f 1380/22/1985 1478/25/1985 1405/23/1985
f 481/9/1986 1403/11/1986 1478/25/1986
f 1478/25/1987 1403/11/1987 20/15/1987
f 1405/23/1988 1478/25/1988 498/26/1988
f 483/28/17 1479/31/17 501/29/17
f 3/18/18 500/17/18 1479/31/18
f 1479/31/19 500/17/19 13/21/19
f 501/29/20 1479/31/20 491/32/20
f 474/34/1989 1390/38/1989 1480/35/1989
f 1400/37/1990 1480/35/1990 1390/38/1990
f 7/40/1991 1406/36/1991 1480/35/1991
f 1399/41/1992 1481/44/1992 1401/42/1992
f 482/24/1993 1405/23/1993 1481/44/1993
f 21/27/1994 1401/42/1994 1481/44/1994
f 5/45/1995 484/48/1995 1482/46/1995
f 484/48/28 4/30/28 501/29/28
f 501/29/29 14/33/29 492/49/29
f 1482/46/30 492/49/30 15/50/30
f 475/51/1996 1377/54/1996 1483/52/1996
f 1377/54/1997 474/34/1997 1406/36/1997
f 1406/36/1998 7/40/1998 485/55/1998
f 1483/52/1999 485/55/1999 8/56/1999
f 478/57/35 1396/60/35 1484/58/35
f 1396/60/36 5/45/36 502/47/36
f 502/47/37 15/50/37 493/61/37
f 1484/58/38 493/61/38 16/62/38
f 1391/63/39 1485/66/39 503/64/39
f 475/51/40 1407/53/40 1485/66/40
f 1485/66/41 1407/53/41 8/56/41
f 503/64/42 1485/66/42 486/67/42
f 6/69/43 1397/72/43 1486/70/43
f 1397/72/44 478/57/44 1408/59/44
f 1408/59/45 16/62/45 494/73/45
f 1486/70/46 494/73/46 17/74/46
f 1392/75/47 1487/78/47 1409/76/47
f 1/65/48 503/64/48 1487/78/48
f 1487/78/49 503/64/49 9/68/49
f 1409/76/50 1487/78/50 487/79/50
f 479/81/51 1398/84/51 1488/82/51
f 1398/84/52 6/69/52 504/71/52
f 504/71/53 17/74/53 495/85/53
f 1488/82/54 495/85/54 18/86/54
f 1393/87/55 1489/89/55 499/88/55
f 476/77/56 1409/76/56 1489/89/56
f 1489/89/57 1409/76/57 10/80/57
f 499/88/58 1489/89/58 488/90/58
f 480/91/59 1378/93/59 1490/92/59
f 1378/93/60 479/81/60 1410/83/60
f 1410/83/61 18/86/61 496/94/61
f 1490/92/62 496/94/62 19/95/62
f 488/90/63 1491/97/63 519/96/63
f 10/80/64 520/156/64 1491/97/64
f 1491/97/65 520/156/65 25/98/65
f 519/96/66 1491/97/66 508/99/66
f 19/95/67 496/94/67 1492/101/67
f 496/94/68 18/86/68 522/103/68
f 522/103/69 33/161/69 516/104/69
f 1492/101/70 516/104/70 34/105/70
f 489/7/71 1493/107/71 523/106/71
f 11/6/72 519/96/72 1493/107/72
f 1493/107/73 519/96/73 26/100/73
f 523/106/74 1493/107/74 509/108/74
f 20/15/75 497/14/75 1494/110/75
f 497/14/76 19/95/76 521/102/76
f 521/102/77 34/105/77 517/112/77
f 1494/110/78 517/112/78 35/113/78
f 490/20/79 1495/115/79 525/114/79
f 12/8/80 523/106/80 1495/115/80
f 1495/115/81 523/106/81 27/109/81
f 525/114/82 1495/115/82 510/116/82
f 498/26/2000 1496/119/2000 526/118/2000
f 20/15/2001 524/111/2001 1496/119/2001
f 1496/119/2002 524/111/2002 35/113/2002
f 526/118/2003 1496/119/2003 518/120/2003
f 491/32/87 1497/123/87 527/122/87
f 13/21/88 525/114/88 1497/123/88
f 1497/123/89 525/114/89 28/117/89
f 527/122/90 1497/123/90 511/124/90
f 7/40/2004 1400/129/2004 1498/126/2004
f 1411/128/2005 1498/126/2005 1400/129/2005
f 22/131/2006 528/127/2006 1498/126/2006
f 1401/132/2007 1499/135/2007 1412/133/2007
f 21/27/2008 526/118/2008 1499/135/2008
f 36/121/2009 1412/133/2009 1499/135/2009
f 15/50/97 492/49/97 1500/136/97
f 492/49/98 14/33/98 527/122/98
f 527/122/99 29/125/99 512/138/99
f 1500/136/100 512/138/100 30/139/100
f 8/56/2010 485/55/2010 1501/140/2010
f 485/55/2011 7/40/2011 528/127/2011
f 528/127/2012 22/131/2012 505/142/2012
f 1501/140/2013 505/142/2013 23/143/2013
f 16/62/105 493/61/105 1502/144/105
f 493/61/106 15/50/106 529/137/106
f 529/137/107 30/139/107 513/146/107
f 1502/144/108 513/146/108 31/147/108
f 486/67/109 1503/149/109 532/148/109
f 8/56/110 530/141/110 1503/149/110
f 1503/149/111 530/141/111 23/143/111
f 532/148/112 1503/149/112 506/150/112
f 17/74/113 494/73/113 1504/152/113
f 494/73/114 16/62/114 531/145/114
f 531/145/115 31/147/115 514/154/115
f 1504/152/116 514/154/116 32/155/116
f 487/79/117 1505/157/117 520/156/117
f 9/68/118 532/148/118 1505/157/118
f 1505/157/119 532/148/119 24/151/119
f 520/156/120 1505/157/120 507/158/120
f 18/86/121 495/85/121 1506/159/121
f 495/85/122 17/74/122 533/153/122
f 533/153/123 32/155/123 515/160/123
f 1506/159/124 515/160/124 33/161/124
f 30/139/125 512/138/125 1507/162/125
f 512/138/126 29/125/126 549/164/126
f 549/164/127 44/218/127 541/165/127
f 1507/162/128 541/165/128 45/166/128
f 23/143/2014 505/142/2014 1508/167/2014
f 505/142/2015 22/131/2015 551/169/2015
f 551/169/2016 37/223/2016 534/170/2016
f 1508/167/2017 534/170/2017 38/171/2017
f 31/147/133 513/146/133 1509/172/133
f 513/146/134 30/139/134 548/163/134
f 548/163/135 45/166/135 542/174/135
f 1509/172/136 542/174/136 46/175/136
f 506/150/137 1510/177/137 553/176/137
f 23/143/138 550/168/138 1510/177/138
f 1510/177/139 550/168/139 38/171/139
f 553/176/140 1510/177/140 535/178/140
f 32/155/141 514/154/141 1511/180/141
f 514/154/142 31/147/142 552/173/142
f 552/173/143 46/175/143 543/182/143
f 1511/180/144 543/182/144 47/183/144
f 507/158/145 1512/185/145 555/184/145
f 24/151/146 553/176/146 1512/185/146
f 1512/185/147 553/176/147 39/179/147
f 555/184/148 1512/185/148 536/186/148
f 33/161/149 515/160/149 1513/188/149
f 515/160/150 32/155/150 554/181/150
f 554/181/151 47/183/151 544/190/151
f 1513/188/152 544/190/152 48/191/152
f 508/99/153 1514/193/153 557/192/153
f 25/98/154 555/184/154 1514/193/154
f 1514/193/155 555/184/155 40/187/155
f 557/192/156 1514/193/156 537/194/156
f 34/105/157 516/104/157 1515/196/157
f 516/104/158 33/161/158 556/189/158
f 556/189/159 48/191/159 545/198/159
f 1515/196/160 545/198/160 49/199/160
f 509/108/161 1516/201/161 559/200/161
f 26/100/162 557/192/162 1516/201/162
f 1516/201/163 557/192/163 41/195/163
f 559/200/164 1516/201/164 538/202/164
f 35/113/165 517/112/165 1517/204/165
f 517/112/166 34/105/166 558/197/166
f 558/197/167 49/199/167 546/206/167
f 1517/204/168 546/206/168 50/207/168
f 510/116/169 1518/209/169 561/208/169
f 27/109/170 559/200/170 1518/209/170
f 1518/209/171 559/200/171 42/203/171
f 561/208/172 1518/209/172 539/210/172
f 518/120/2018 1519/213/2018 562/212/2018
f 35/113/2019 560/205/2019 1519/213/2019
f 1519/213/2020 560/205/2020 50/207/2020
f 562/212/2021 1519/213/2021 547/214/2021
f 511/124/177 1520/216/177 549/164/177
f 28/117/178 561/208/178 1520/216/178
f 1520/216/179 561/208/179 43/211/179
f 549/164/180 1520/216/180 540/217/180
f 22/131/2022 1411/221/2022 1521/219/2022
f 1413/220/2023 1521/219/2023 1411/221/2023
f 37/223/2024 551/169/2024 1521/219/2024
f 1412/224/2025 1522/227/2025 1414/225/2025
f 36/121/2026 562/212/2026 1522/227/2026
f 51/215/2027 1414/225/2027 1522/227/2027
f 49/199/187 545/198/187 1523/228/187
f 545/198/188 48/191/188 578/230/188
f 578/230/189 63/290/189 574/231/189
f 1523/228/190 574/231/190 64/232/190
f 538/202/191 1524/234/191 579/233/191
f 41/195/192 580/291/192 1524/234/192
f 1524/234/193 580/291/193 56/235/193
f 579/233/194 1524/234/194 567/236/194
f 50/207/195 546/206/195 1525/238/195
f 546/206/196 49/199/196 577/229/196
f 577/229/197 64/232/197 575/240/197
f 1525/238/198 575/240/198 65/241/198
f 539/210/199 1526/243/199 582/242/199
f 42/203/200 579/233/200 1526/243/200
f 1526/243/201 579/233/201 57/237/201
f 582/242/202 1526/243/202 568/244/202
f 547/214/2028 1527/247/2028 583/246/2028
f 50/207/2029 581/239/2029 1527/247/2029
f 1527/247/2030 581/239/2030 65/241/2030
f 583/246/2031 1527/247/2031 576/248/2031
f 540/217/207 1528/251/207 584/250/207
f 43/211/208 582/242/208 1528/251/208
f 1528/251/209 582/242/209 58/245/209
f 584/250/210 1528/251/210 569/252/210
f 37/223/2032 1413/257/2032 1529/254/2032
f 1415/256/2033 1529/254/2033 1413/257/2033
f 52/259/2034 585/255/2034 1529/254/2034
f 1414/260/2035 1530/263/2035 1416/261/2035
f 51/215/2036 583/246/2036 1530/263/2036
f 66/249/2037 1416/261/2037 1530/263/2037
f 45/166/217 541/165/217 1531/264/217
f 541/165/218 44/218/218 584/250/218
f 584/250/219 59/253/219 570/266/219
f 1531/264/220 570/266/220 60/267/220
f 38/171/2038 534/170/2038 1532/268/2038
f 534/170/2039 37/223/2039 585/255/2039
f 585/255/2040 52/259/2040 563/270/2040
f 1532/268/2041 563/270/2041 53/271/2041
f 46/175/225 542/174/225 1533/272/225
f 542/174/226 45/166/226 586/265/226
f 586/265/227 60/267/227 571/274/227
f 1533/272/228 571/274/228 61/275/228
f 535/178/229 1534/277/229 589/276/229
f 38/171/230 587/269/230 1534/277/230
f 1534/277/231 587/269/231 53/271/231
f 589/276/232 1534/277/232 564/278/232
f 47/183/233 543/182/233 1535/280/233
f 543/182/234 46/175/234 588/273/234
f 588/273/235 61/275/235 572/282/235
f 1535/280/236 572/282/236 62/283/236
f 536/186/237 1536/285/237 591/284/237
f 39/179/238 589/276/238 1536/285/238
f 1536/285/239 589/276/239 54/279/239
f 591/284/240 1536/285/240 565/286/240
f 48/191/241 544/190/241 1537/288/241
f 544/190/242 47/183/242 590/281/242
f 590/281/243 62/283/243 573/289/243
f 1537/288/244 573/289/244 63/290/244
f 537/194/245 1538/292/245 580/291/245
f 40/187/246 591/284/246 1538/292/246
f 1538/292/247 591/284/247 55/287/247
f 580/291/248 1538/292/248 566/293/248
f 53/271/2042 563/270/2042 1539/294/2042
f 563/270/2043 52/259/2043 607/296/2043
f 607/296/2044 67/352/2044 592/297/2044
f 1539/294/2045 592/297/2045 68/298/2045
f 61/275/253 571/274/253 1540/299/253
f 571/274/254 60/267/254 609/301/254
f 609/301/255 75/359/255 600/302/255
f 1540/299/256 600/302/256 76/303/256
f 564/278/257 1541/305/257 610/304/257
f 53/271/258 606/295/258 1541/305/258
f 1541/305/259 606/295/259 68/298/259
f 610/304/260 1541/305/260 593/306/260
f 62/283/261 572/282/261 1542/308/261
f 572/282/262 61/275/262 608/300/262
f 608/300/263 76/303/263 601/310/263
f 1542/308/264 601/310/264 77/311/264
f 565/286/265 1543/313/265 612/312/265
f 54/279/266 610/304/266 1543/313/266
f 1543/313/267 610/304/267 69/307/267
f 612/312/268 1543/313/268 594/314/268
f 63/290/269 573/289/269 1544/316/269
f 573/289/270 62/283/270 611/309/270
f 611/309/271 77/311/271 602/318/271
f 1544/316/272 602/318/272 78/319/272
f 566/293/273 1545/321/273 614/320/273
f 55/287/274 612/312/274 1545/321/274
f 1545/321/275 612/312/275 70/315/275
f 614/320/276 1545/321/276 595/322/276
f 64/232/277 574/231/277 1546/324/277
f 574/231/278 63/290/278 613/317/278
f 613/317/279 78/319/279 603/326/279
f 1546/324/280 603/326/280 79/327/280
f 567/236/281 1547/329/281 616/328/281
f 56/235/282 614/320/282 1547/329/282
f 1547/329/283 614/320/283 71/323/283
f 616/328/284 1547/329/284 596/330/284
f 65/241/285 575/240/285 1548/332/285
f 575/240/286 64/232/286 615/325/286
f 615/325/287 79/327/287 604/334/287
f 1548/332/288 604/334/288 80/335/288
f 568/244/289 1549/337/289 618/336/289
f 57/237/290 616/328/290 1549/337/290
f 1549/337/291 616/328/291 72/331/291
f 618/336/292 1549/337/292 597/338/292
f 576/248/2046 1550/341/2046 619/340/2046
f 65/241/2047 617/333/2047 1550/341/2047
f 1550/341/2048 617/333/2048 80/335/2048
f 619/340/2049 1550/341/2049 605/342/2049
f 569/252/297 1551/345/297 620/344/297
f 58/245/298 618/336/298 1551/345/298
f 1551/345/299 618/336/299 73/339/299
f 620/344/300 1551/345/300 598/346/300
f 52/259/2050 1415/350/2050 1552/348/2050
f 1417/349/2051 1552/348/2051 1415/350/2051
f 67/352/2052 607/296/2052 1552/348/2052
f 1416/353/2053 1553/356/2053 1418/354/2053
f 66/249/2054 619/340/2054 1553/356/2054
f 81/343/2055 1418/354/2055 1553/356/2055
f 60/267/307 570/266/307 1554/357/307
f 570/266/308 59/253/308 620/344/308
f 620/344/309 74/347/309 599/358/309
f 1554/357/310 599/358/310 75/359/310
f 596/330/311 1555/361/311 636/360/311
f 71/323/312 637/420/312 1555/361/312
f 1555/361/313 637/420/313 87/362/313
f 636/360/314 1555/361/314 626/363/314
f 80/335/315 604/334/315 1556/365/315
f 604/334/2056 79/327/2056 639/367/2056
f 639/367/317 95/425/317 634/368/317
f 1556/365/318 634/368/318 96/369/318
f 597/338/319 1557/371/319 640/370/319
f 72/331/320 636/360/320 1557/371/320
f 1557/371/321 636/360/321 88/364/321
f 640/370/322 1557/371/322 627/372/322
f 605/342/2057 1558/375/2057 641/374/2057
f 80/335/2058 638/366/2058 1558/375/2058
f 1558/375/2059 638/366/2059 96/369/2059
f 641/374/2060 1558/375/2060 635/376/2060
f 598/346/327 1559/379/327 642/378/327
f 73/339/328 640/370/328 1559/379/328
f 1559/379/329 640/370/329 89/373/329
f 642/378/330 1559/379/330 628/380/330
f 67/352/2061 1417/385/2061 1560/382/2061
f 621/384/2062 1560/382/2062 1417/385/2062
f 83/387/2063 643/383/2063 1560/382/2063
f 1418/388/2064 1561/391/2064 1419/389/2064
f 81/343/2065 641/374/2065 1561/391/2065
f 97/377/2066 1419/389/2066 1561/391/2066
f 75/359/337 599/358/337 1562/392/337
f 599/358/338 74/347/338 642/378/338
f 642/378/339 90/381/339 629/394/339
f 1562/392/340 629/394/340 91/395/340
f 68/298/2067 592/297/2067 1563/396/2067
f 592/297/2068 67/352/2068 643/383/2068
f 643/383/2069 83/387/2069 622/398/2069
f 1563/396/2070 622/398/2070 84/399/2070
f 76/303/345 600/302/345 1564/400/345
f 600/302/346 75/359/346 644/393/346
f 644/393/347 91/395/347 630/402/347
f 1564/400/348 630/402/348 92/403/348
f 593/306/349 1565/405/349 647/404/349
f 68/298/350 645/397/350 1565/405/350
f 1565/405/351 645/397/351 84/399/351
f 647/404/352 1565/405/352 623/406/352
f 77/311/353 601/310/353 1566/408/353
f 601/310/354 76/303/354 646/401/354
f 646/401/355 92/403/355 631/410/355
f 1566/408/356 631/410/356 93/411/356
f 594/314/357 1567/413/357 649/412/357
f 69/307/358 647/404/358 1567/413/358
f 1567/413/359 647/404/359 85/407/359
f 649/412/360 1567/413/360 624/414/360
f 78/319/361 602/318/361 1568/416/361
f 602/318/362 77/311/362 648/409/362
f 648/409/363 93/411/363 632/418/363
f 1568/416/364 632/418/364 94/419/364
f 595/322/365 1569/421/365 637/420/365
f 70/315/366 649/412/366 1569/421/366
f 1569/421/367 649/412/367 86/415/367
f 637/420/368 1569/421/368 625/422/368
f 79/327/369 603/326/369 1570/423/369
f 603/326/370 78/319/370 650/417/370
f 650/417/371 94/419/371 633/424/371
f 1570/423/372 633/424/372 95/425/372
f 92/403/373 630/402/373 1571/426/373
f 630/402/374 91/395/374 666/428/374
f 666/428/375 106/488/375 659/429/375
f 1571/426/376 659/429/376 107/430/376
f 623/406/377 1572/432/377 667/431/377
f 84/399/378 668/490/378 1572/432/378
f 1572/432/379 668/490/379 99/433/379
f 667/431/380 1572/432/380 652/434/380
f 93/411/381 631/410/381 1573/436/381
f 631/410/382 92/403/382 665/427/382
f 665/427/383 107/430/383 660/438/383
f 1573/436/384 660/438/384 108/439/384
f 624/414/385 1574/441/385 670/440/385
f 85/407/386 667/431/386 1574/441/386
f 1574/441/387 667/431/387 100/435/387
f 670/440/388 1574/441/388 653/442/388
f 94/419/389 632/418/389 1575/444/389
f 632/418/390 93/411/390 669/437/390
f 669/437/391 108/439/391 661/446/391
f 1575/444/392 661/446/392 109/447/392
f 625/422/393 1576/449/393 672/448/393
f 86/415/394 670/440/394 1576/449/394
f 1576/449/395 670/440/395 101/443/395
f 672/448/396 1576/449/396 654/450/396
f 95/425/397 633/424/397 1577/452/397
f 633/424/398 94/419/398 671/445/398
f 671/445/399 109/447/399 662/454/399
f 1577/452/400 662/454/400 110/455/400
f 626/363/401 1578/457/401 674/456/401
f 87/362/402 672/448/402 1578/457/402
f 1578/457/403 672/448/403 102/451/403
f 674/456/404 1578/457/404 655/458/404
f 96/369/405 634/368/405 1579/460/405
f 634/368/406 95/425/406 673/453/406
f 673/453/407 110/455/407 663/462/407
f 1579/460/408 663/462/408 111/463/408
f 627/372/409 1580/465/409 676/464/409
f 88/364/410 674/456/410 1580/465/410
f 1580/465/411 674/456/411 103/459/411
f 676/464/412 1580/465/412 656/466/412
f 635/376/2071 1581/469/2071 677/468/2071
f 96/369/2072 675/461/2072 1581/469/2072
f 1581/469/2073 675/461/2073 111/463/2073
f 677/468/2074 1581/469/2074 664/470/2074
f 628/380/417 1582/473/417 678/472/417
f 89/373/418 676/464/418 1582/473/418
f 1582/473/419 676/464/419 104/467/419
f 678/472/420 1582/473/420 657/474/420
f 83/387/2075 621/479/2075 1583/476/2075
f 1420/478/2076 1583/476/2076 621/479/2076
f 98/481/2077 679/477/2077 1583/476/2077
f 1419/482/2078 1584/485/2078 1421/483/2078
f 97/377/2079 677/468/2079 1584/485/2079
f 112/471/2080 1421/483/2080 1584/485/2080
f 91/395/427 629/394/427 1585/486/427
f 629/394/428 90/381/428 678/472/428
f 678/472/429 105/475/429 658/487/429
f 1585/486/430 658/487/430 106/488/430
f 84/399/2081 622/398/2081 1586/489/2081
f 622/398/2082 83/387/2082 679/477/2082
f 679/477/2083 98/481/2083 651/491/2083
f 1586/489/2084 651/491/2084 99/433/2084
f 111/463/435 663/462/435 1587/492/435
f 663/462/436 110/455/436 695/494/436
f 695/494/437 125/554/437 692/495/437
f 1587/492/438 692/495/438 126/496/438
f 656/466/439 1588/498/439 696/497/439
f 103/459/440 697/555/440 1588/498/440
f 1588/498/441 697/555/441 118/499/441
f 696/497/442 1588/498/442 685/500/442
f 664/470/2085 1589/503/2085 698/502/2085
f 111/463/2086 694/493/2086 1589/503/2086
f 1589/503/2087 694/493/2087 126/496/2087
f 698/502/2088 1589/503/2088 693/504/2088
f 657/474/447 1590/507/447 699/506/447
f 104/467/448 696/497/448 1590/507/448
f 1590/507/449 696/497/449 119/501/449
f 699/506/450 1590/507/450 686/508/450
f 98/481/2089 1420/513/2089 1591/510/2089
f 1422/512/2090 1591/510/2090 1420/513/2090
f 113/515/2091 700/511/2091 1591/510/2091
f 1421/516/2092 1592/519/2092 1423/517/2092
f 112/471/2093 698/502/2093 1592/519/2093
f 127/505/2094 1423/517/2094 1592/519/2094
f 106/488/457 658/487/457 1593/520/457
f 658/487/458 105/475/458 699/506/458
f 699/506/459 120/509/459 687/522/459
f 1593/520/460 687/522/460 121/523/460
f 99/433/2095 651/491/2095 1594/524/2095
f 651/491/2096 98/481/2096 700/511/2096
f 700/511/2097 113/515/2097 680/526/2097
f 1594/524/2098 680/526/2098 114/527/2098
f 107/430/465 659/429/465 1595/528/465
f 659/429/466 106/488/466 701/521/466
f 701/521/467 121/523/467 688/530/467
f 1595/528/468 688/530/468 122/531/468
f 652/434/469 1596/533/469 704/532/469
f 99/433/470 702/525/470 1596/533/470
f 1596/533/471 702/525/471 114/527/471
f 704/532/472 1596/533/472 681/534/472
f 108/439/473 660/438/473 1597/536/473
f 660/438/474 107/430/474 703/529/474
f 703/529/475 122/531/475 689/538/475
f 1597/536/476 689/538/476 123/539/476
f 653/442/477 1598/541/477 706/540/477
f 100/435/478 704/532/478 1598/541/478
f 1598/541/479 704/532/479 115/535/479
f 706/540/480 1598/541/480 682/542/480
f 109/447/481 661/446/481 1599/544/481
f 661/446/482 108/439/482 705/537/482
f 705/537/483 123/539/483 690/546/483
f 1599/544/484 690/546/484 124/547/484
f 654/450/485 1600/549/485 708/548/485
f 101/443/486 706/540/486 1600/549/486
f 1600/549/487 706/540/487 116/543/487
f 708/548/488 1600/549/488 683/550/488
f 110/455/489 662/454/489 1601/552/489
f 662/454/490 109/447/490 707/545/490
f 707/545/491 124/547/491 691/553/491
f 1601/552/492 691/553/492 125/554/492
f 655/458/493 1602/556/493 697/555/493
f 102/451/494 708/548/494 1602/556/494
f 1602/556/495 708/548/495 117/551/495
f 697/555/496 1602/556/496 684/557/496
f 123/539/497 689/538/497 1603/558/497
f 689/538/498 122/531/498 724/560/498
f 724/560/499 137/620/499 718/561/499
f 1603/558/500 718/561/500 138/562/500
f 682/542/501 1604/564/501 725/563/501
f 115/535/502 726/621/502 1604/564/502
f 1604/564/503 726/621/503 130/565/503
f 725/563/504 1604/564/504 711/566/504
f 124/547/505 690/546/505 1605/568/505
f 690/546/2099 123/539/2099 723/559/2099
f 723/559/507 138/562/507 719/570/507
f 1605/568/508 719/570/508 139/571/508
f 683/550/509 1606/573/509 728/572/509
f 116/543/510 725/563/510 1606/573/510
f 1606/573/511 725/563/511 131/567/511
f 728/572/512 1606/573/512 712/574/512
f 125/554/513 691/553/513 1607/576/513
f 691/553/514 124/547/514 727/569/514
f 727/569/515 139/571/515 720/578/515
f 1607/576/516 720/578/516 140/579/516
f 684/557/517 1608/581/517 730/580/517
f 117/551/518 728/572/518 1608/581/518
f 1608/581/519 728/572/519 132/575/519
f 730/580/520 1608/581/520 713/582/520
f 126/496/521 692/495/521 1609/584/521
f 692/495/522 125/554/522 729/577/522
f 729/577/523 140/579/523 721/586/523
f 1609/584/524 721/586/524 141/587/524
f 685/500/525 1610/589/525 732/588/525
f 118/499/526 730/580/526 1610/589/526
f 1610/589/527 730/580/527 133/583/527
f 732/588/528 1610/589/528 714/590/528
f 693/504/2100 1611/593/2100 733/592/2100
f 126/496/2101 731/585/2101 1611/593/2101
f 1611/593/2102 731/585/2102 141/587/2102
f 733/592/2103 1611/593/2103 722/594/2103
f 686/508/2104 1612/597/2104 734/596/2104
f 119/501/2105 732/588/2105 1612/597/2105
f 1612/597/535 732/588/535 134/591/535
f 734/596/536 1612/597/536 715/598/536
f 113/515/2106 1422/603/2106 1613/600/2106
f 1424/602/2107 1613/600/2107 1422/603/2107
f 128/605/2108 735/601/2108 1613/600/2108
f 1423/606/2109 1614/609/2109 1425/607/2109
f 127/505/2110 733/592/2110 1614/609/2110
f 142/595/2111 1425/607/2111 1614/609/2111
f 121/523/543 687/522/543 1615/610/543
f 687/522/544 120/509/544 734/596/544
f 734/596/545 135/599/545 716/612/545
f 1615/610/546 716/612/546 136/613/546
f 114/527/2112 680/526/2112 1616/614/2112
f 680/526/2113 113/515/2113 735/601/2113
f 735/601/2114 128/605/2114 709/616/2114
f 1616/614/2115 709/616/2115 129/617/2115
f 122/531/551 688/530/551 1617/618/551
f 688/530/552 121/523/552 736/611/552
f 736/611/553 136/613/553 717/619/553
f 1617/618/554 717/619/554 137/620/554
f 681/534/555 1618/622/555 726/621/555
f 114/527/556 737/615/556 1618/622/556
f 1618/622/557 737/615/557 129/617/557
f 726/621/558 1618/622/558 710/623/558
f 722/594/2116 1619/625/2116 752/624/2116
f 141/587/2117 753/685/2117 1619/625/2117
f 1619/625/2118 753/685/2118 156/626/2118
f 752/624/2119 1619/625/2119 751/627/2119
f 715/598/563 1620/630/563 754/629/563
f 134/591/564 755/687/564 1620/630/564
f 1620/630/565 755/687/565 149/631/565
f 754/629/566 1620/630/566 744/632/566
f 128/605/2120 1424/637/2120 1621/634/2120
f 1426/636/2121 1621/634/2121 1424/637/2121
f 143/639/2122 756/635/2122 1621/634/2122
f 1425/640/2123 1622/643/2123 1427/641/2123
f 142/595/2124 752/624/2124 1622/643/2124
f 157/628/2125 1427/641/2125 1622/643/2125
f 136/613/573 716/612/573 1623/644/573
f 716/612/574 135/599/574 754/629/574
f 754/629/575 150/633/575 745/646/575
f 1623/644/576 745/646/576 151/647/576
f 129/617/2126 709/616/2126 1624/648/2126
f 709/616/2127 128/605/2127 756/635/2127
f 756/635/2128 143/639/2128 738/650/2128
f 1624/648/2129 738/650/2129 144/651/2129
f 137/620/581 717/619/581 1625/652/581
f 717/619/582 136/613/582 757/645/582
f 757/645/583 151/647/583 746/654/583
f 1625/652/584 746/654/584 152/655/584
f 710/623/585 1626/657/585 760/656/585
f 129/617/586 758/649/586 1626/657/586
f 1626/657/587 758/649/587 144/651/587
f 760/656/588 1626/657/588 739/658/588
f 138/562/589 718/561/589 1627/660/589
f 718/561/590 137/620/590 759/653/590
f 759/653/591 152/655/591 747/662/591
f 1627/660/592 747/662/592 153/663/592
f 711/566/593 1628/665/593 762/664/593
f 130/565/594 760/656/594 1628/665/594
f 1628/665/595 760/656/595 145/659/595
f 762/664/596 1628/665/596 740/666/596
f 139/571/597 719/570/597 1629/668/597
f 719/570/598 138/562/598 761/661/598
f 761/661/599 153/663/599 748/670/599
f 1629/668/600 748/670/600 154/671/600
f 712/574/601 1630/673/601 764/672/601
f 131/567/602 762/664/602 1630/673/602
f 1630/673/603 762/664/603 146/667/603
f 764/672/604 1630/673/604 741/674/604
f 140/579/605 720/578/605 1631/676/605
f 720/578/606 139/571/606 763/669/606
f 763/669/607 154/671/607 749/678/607
f 1631/676/608 749/678/608 155/679/608
f 713/582/609 1632/681/609 766/680/609
f 132/575/610 764/672/610 1632/681/610
f 1632/681/611 764/672/611 147/675/611
f 766/680/612 1632/681/612 742/682/612
f 141/587/613 721/586/613 1633/684/613
f 721/586/614 140/579/614 765/677/614
f 765/677/615 155/679/615 750/686/615
f 1633/684/616 750/686/616 156/626/616
f 714/590/617 1634/688/617 755/687/617
f 133/583/618 766/680/618 1634/688/618
f 1634/688/619 766/680/619 148/683/619
f 755/687/620 1634/688/620 743/689/620
f 740/666/621 1635/691/621 781/690/621
f 145/659/622 782/750/622 1635/691/622
f 1635/691/623 782/750/623 160/692/623
f 781/690/624 1635/691/624 769/693/624
f 154/671/625 748/670/625 1636/695/625
f 748/670/626 153/663/626 784/697/626
f 784/697/627 168/755/627 777/698/627
f 1636/695/628 777/698/628 169/699/628
f 741/674/629 1637/701/629 785/700/629
f 146/667/630 781/690/630 1637/701/630
f 1637/701/631 781/690/631 161/694/631
f 785/700/632 1637/701/632 770/702/632
f 155/679/633 749/678/633 1638/704/633
f 749/678/634 154/671/634 783/696/634
f 783/696/635 169/699/635 778/706/635
f 1638/704/636 778/706/636 170/707/636
f 742/682/637 1639/709/637 787/708/637
f 147/675/638 785/700/638 1639/709/638
f 1639/709/639 785/700/639 162/703/639
f 787/708/640 1639/709/640 771/710/640
f 156/626/641 750/686/641 1640/712/641
f 750/686/642 155/679/642 786/705/642
f 786/705/643 170/707/643 779/714/643
f 1640/712/644 779/714/644 171/715/644
f 743/689/645 1641/717/645 789/716/645
f 148/683/646 787/708/646 1641/717/646
f 1641/717/647 787/708/647 163/711/647
f 789/716/648 1641/717/648 772/718/648
f 751/627/2130 1642/721/2130 790/720/2130
f 156/626/2131 788/713/2131 1642/721/2131
f 1642/721/2132 788/713/2132 171/715/2132
f 790/720/2133 1642/721/2133 780/722/2133
f 744/632/653 1643/725/653 791/724/653
f 149/631/654 789/716/654 1643/725/654
f 1643/725/655 789/716/655 164/719/655
f 791/724/656 1643/725/656 773/726/656
f 143/639/2134 1426/731/2134 1644/728/2134
f 1428/730/2135 1644/728/2135 1426/731/2135
f 158/733/2136 792/729/2136 1644/728/2136
f 1427/734/2137 1645/737/2137 1429/735/2137
f 157/628/2138 790/720/2138 1645/737/2138
f 172/723/2139 1429/735/2139 1645/737/2139
f 151/647/663 745/646/663 1646/738/663
f 745/646/664 150/633/664 791/724/664
f 791/724/665 165/727/665 774/740/665
f 1646/738/666 774/740/666 166/741/666
f 144/651/2140 738/650/2140 1647/742/2140
f 738/650/2141 143/639/2141 792/729/2141
f 792/729/2142 158/733/2142 767/744/2142
f 1647/742/2143 767/744/2143 159/745/2143
f 152/655/671 746/654/671 1648/746/671
f 746/654/672 151/647/672 793/739/672
f 793/739/673 166/741/673 775/748/673
f 1648/746/674 775/748/674 167/749/674
f 739/658/675 1649/751/675 782/750/675
f 144/651/676 794/743/676 1649/751/676
f 1649/751/677 794/743/677 159/745/677
f 782/750/678 1649/751/678 768/752/678
f 153/663/679 747/662/679 1650/753/679
f 747/662/680 152/655/680 795/747/680
f 795/747/681 167/749/681 776/754/681
f 1650/753/682 776/754/682 168/755/682
f 773/726/683 1651/757/683 810/756/683
f 164/719/684 811/817/684 1651/757/684
f 1651/757/685 811/817/685 179/758/685
f 810/756/686 1651/757/686 802/759/686
f 158/733/2144 1428/764/2144 1652/761/2144
f 1430/763/2145 1652/761/2145 1428/764/2145
f 173/766/2146 812/762/2146 1652/761/2146
f 1429/767/2147 1653/770/2147 1431/768/2147
f 172/723/2148 813/772/2148 1653/770/2148
f 187/771/2149 1431/768/2149 1653/770/2149
f 166/741/693 774/740/693 1654/773/693
f 774/740/694 165/727/694 810/756/694
f 810/756/695 180/760/695 803/775/695
f 1654/773/696 803/775/696 181/776/696
f 159/745/2150 767/744/2150 1655/777/2150
f 767/744/2151 158/733/2151 812/762/2151
f 812/762/2152 173/766/2152 796/779/2152
f 1655/777/2153 796/779/2153 174/780/2153
f 167/749/701 775/748/701 1656/781/701
f 775/748/702 166/741/702 814/774/702
f 814/774/703 181/776/703 804/783/703
f 1656/781/704 804/783/704 182/784/704
f 768/752/705 1657/786/705 817/785/705
f 159/745/706 815/778/706 1657/786/706
f 1657/786/707 815/778/707 174/780/707
f 817/785/708 1657/786/708 797/787/708
f 168/755/709 776/754/709 1658/789/709
f 776/754/710 167/749/710 816/782/710
f 816/782/711 182/784/711 805/791/711
f 1658/789/712 805/791/712 183/792/712
f 769/693/713 1659/794/713 819/793/713
f 160/692/714 817/785/714 1659/794/714
f 1659/794/715 817/785/715 175/788/715
f 819/793/716 1659/794/716 798/795/716
f 169/699/717 777/698/717 1660/797/717
f 777/698/718 168/755/718 818/790/718
f 818/790/719 183/792/719 806/799/719
f 1660/797/720 806/799/720 184/800/720
f 770/702/721 1661/802/721 821/801/721
f 161/694/722 819/793/722 1661/802/722
f 1661/802/723 819/793/723 176/796/723
f 821/801/724 1661/802/724 799/803/724
f 170/707/725 778/706/725 1662/805/725
f 778/706/726 169/699/726 820/798/726
f 820/798/727 184/800/727 807/807/727
f 1662/805/728 807/807/728 185/808/728
f 771/710/729 1663/810/729 823/809/729
f 162/703/730 821/801/730 1663/810/730
f 1663/810/731 821/801/731 177/804/731
f 823/809/732 1663/810/732 800/811/732
f 171/715/733 779/714/733 1664/813/733
f 779/714/734 170/707/734 822/806/734
f 822/806/2154 185/808/2154 808/815/2154
f 1664/813/736 808/815/736 186/816/736
f 772/718/737 1665/818/737 811/817/737
f 163/711/738 823/809/738 1665/818/738
f 1665/818/739 823/809/739 178/812/739
f 811/817/740 1665/818/740 801/819/740
f 780/722/2155 1666/820/2155 813/772/2155
f 171/715/2156 824/814/2156 1666/820/2156
f 1666/820/2157 824/814/2157 186/816/2157
f 813/772/2158 1666/820/2158 809/821/2158
f 184/800/745 806/799/745 1667/822/745
f 806/799/746 183/792/746 840/824/746
f 840/824/747 198/884/747 835/825/747
f 1667/822/748 835/825/748 199/826/748
f 799/803/749 1668/828/749 841/827/749
f 176/796/750 842/885/750 1668/828/750
f 1668/828/751 842/885/751 191/829/751
f 841/827/752 1668/828/752 828/830/752
f 185/808/753 807/807/753 1669/832/753
f 807/807/754 184/800/754 839/823/754
f 839/823/755 199/826/755 836/834/755
f 1669/832/756 836/834/756 200/835/756
f 800/811/757 1670/837/757 844/836/757
f 177/804/758 841/827/758 1670/837/758
f 1670/837/759 841/827/759 192/831/759
f 844/836/760 1670/837/760 829/838/760
f 186/816/761 808/815/761 1671/840/761
f 808/815/762 185/808/762 843/833/762
f 843/833/763 200/835/763 837/842/763
f 1671/840/764 837/842/764 201/843/764
f 801/819/765 1672/845/765 846/844/765
f 178/812/766 844/836/766 1672/845/766
f 1672/845/767 844/836/767 193/839/767
f 846/844/768 1672/845/768 830/846/768
f 809/821/2159 1673/849/2159 847/848/2159
f 186/816/2160 845/841/2160 1673/849/2160
f 1673/849/2161 845/841/2161 201/843/2161
f 847/848/2162 1673/849/2162 838/850/2162
f 802/759/773 1674/853/773 848/852/773
f 179/758/774 846/844/774 1674/853/774
f 1674/853/775 846/844/775 194/847/775
f 848/852/776 1674/853/776 831/854/776
f 173/766/2163 1430/859/2163 1675/856/2163
f 1432/858/2164 1675/856/2164 1430/859/2164
f 188/861/2165 849/857/2165 1675/856/2165
f 1431/862/2166 1676/865/2166 1433/863/2166
f 187/771/2167 847/848/2167 1676/865/2167
f 202/851/2168 1433/863/2168 1676/865/2168
f 181/776/783 803/775/783 1677/866/783
f 803/775/784 180/760/784 848/852/784
f 848/852/785 195/855/785 832/868/785
f 1677/866/786 832/868/786 196/869/786
f 174/780/2169 796/779/2169 1678/870/2169
f 796/779/2170 173/766/2170 849/857/2170
f 849/857/2171 188/861/2171 825/872/2171
f 1678/870/2172 825/872/2172 189/873/2172
f 182/784/791 804/783/791 1679/874/791
f 804/783/792 181/776/792 850/867/792
f 850/867/793 196/869/793 833/876/793
f 1679/874/794 833/876/794 197/877/794
f 797/787/795 1680/879/795 853/878/795
f 174/780/796 851/871/796 1680/879/796
f 1680/879/797 851/871/797 189/873/797
f 853/878/798 1680/879/798 826/880/798
f 183/792/2173 805/791/2173 1681/882/2173
f 805/791/800 182/784/800 852/875/800
f 852/875/801 197/877/801 834/883/801
f 1681/882/802 834/883/802 198/884/802
f 798/795/803 1682/886/803 842/885/803
f 175/788/804 853/878/804 1682/886/804
f 1682/886/805 853/878/805 190/881/805
f 842/885/806 1682/886/806 827/887/806
f 188/861/2174 1432/891/2174 1683/888/2174
f 1434/890/2175 1683/888/2175 1432/891/2175
f 203/893/2176 868/889/2176 1683/888/2176
f 1433/894/2177 1684/897/2177 1435/895/2177
f 202/851/2178 869/899/2178 1684/897/2178
f 217/898/2179 1435/895/2179 1684/897/2179
f 196/869/813 832/868/813 1685/900/813
f 832/868/814 195/855/814 871/902/814
f 871/902/815 210/953/815 861/903/815
f 1685/900/816 861/903/816 211/904/816
f 189/873/2180 825/872/2180 1686/905/2180
f 825/872/2181 188/861/2181 868/889/2181
f 868/889/2182 203/893/2182 854/907/2182
f 1686/905/2183 854/907/2183 204/908/2183
f 197/877/821 833/876/821 1687/909/821
f 833/876/822 196/869/822 870/901/822
f 870/901/823 211/904/823 862/911/823
f 1687/909/2184 862/911/2184 212/912/2184
f 826/880/825 1688/914/825 874/913/825
f 189/873/826 872/906/826 1688/914/826
f 1688/914/827 872/906/827 204/908/827
f 874/913/828 1688/914/828 855/915/828
f 198/884/829 834/883/829 1689/917/829
f 834/883/830 197/877/830 873/910/830
f 873/910/831 212/912/831 863/919/831
f 1689/917/832 863/919/832 213/920/832
f 827/887/833 1690/922/833 876/921/833
f 190/881/834 874/913/834 1690/922/834
f 1690/922/835 874/913/835 205/916/835
f 876/921/836 1690/922/836 856/923/836
f 199/826/837 835/825/837 1691/925/837
f 835/825/838 198/884/838 875/918/838
f 875/918/839 213/920/839 864/927/839
f 1691/925/840 864/927/840 214/928/840
f 828/830/841 1692/930/841 878/929/841
f 191/829/842 876/921/842 1692/930/842
f 1692/930/843 876/921/843 206/924/843
f 878/929/844 1692/930/844 857/931/844
f 200/835/845 836/834/845 1693/933/845
f 836/834/846 199/826/846 877/926/846
f 877/926/847 214/928/847 865/935/847
f 1693/933/848 865/935/848 215/936/848
f 829/838/849 1694/938/849 880/937/849
f 192/831/850 878/929/850 1694/938/850
f 1694/938/851 878/929/851 207/932/851
f 880/937/852 1694/938/852 858/939/852
f 201/843/853 837/842/853 1695/941/853
f 837/842/854 200/835/854 879/934/854
f 879/934/855 215/936/855 866/943/855
f 1695/941/856 866/943/856 216/944/856
f 830/846/857 1696/946/857 882/945/857
f 193/839/858 880/937/858 1696/946/858
f 1696/946/859 880/937/859 208/940/859
f 882/945/860 1696/946/860 859/947/860
f 838/850/2185 1697/949/2185 869/899/2185
f 201/843/2186 881/942/2186 1697/949/2186
f 1697/949/2187 881/942/2187 216/944/2187
f 869/899/2188 1697/949/2188 867/950/2188
f 831/854/865 1698/951/865 871/902/865
f 194/847/866 882/945/866 1698/951/866
f 1698/951/867 882/945/867 209/948/867
f 871/902/868 1698/951/868 860/952/868
f 857/931/869 1699/955/869 897/954/869
f 206/924/870 898/1014/870 1699/955/870
f 1699/955/871 898/1014/871 221/956/871
f 897/954/872 1699/955/872 886/957/872
f 215/936/873 865/935/873 1700/959/873
f 865/935/874 214/928/874 900/961/874
f 900/961/875 229/1019/875 894/962/875
f 1700/959/876 894/962/876 230/963/876
f 858/939/877 1701/965/877 901/964/877
f 207/932/878 897/954/878 1701/965/878
f 1701/965/879 897/954/879 222/958/879
f 901/964/880 1701/965/880 887/966/880
f 216/944/881 866/943/881 1702/968/881
f 866/943/882 215/936/882 899/960/882
f 899/960/883 230/963/883 895/970/883
f 1702/968/884 895/970/884 231/971/884
f 859/947/885 1703/973/885 903/972/885
f 208/940/886 901/964/886 1703/973/886
f 1703/973/887 901/964/887 223/967/887
f 903/972/888 1703/973/888 888/974/888
f 867/950/2189 1704/977/2189 904/976/2189
f 216/944/2190 902/969/2190 1704/977/2190
f 1704/977/2191 902/969/2191 231/971/2191
f 904/976/2192 1704/977/2192 896/978/2192
f 860/952/893 1705/981/893 905/980/893
f 209/948/894 903/972/894 1705/981/894
f 1705/981/895 903/972/895 224/975/895
f 905/980/896 1705/981/896 889/982/896
f 203/893/2193 1434/987/2193 1706/984/2193
f 1436/986/2194 1706/984/2194 1434/987/2194
f 218/989/2195 906/985/2195 1706/984/2195
f 1435/990/2196 1707/993/2196 1437/991/2196
f 217/898/2197 904/976/2197 1707/993/2197
f 232/979/2198 1437/991/2198 1707/993/2198
f 211/904/903 861/903/903 1708/994/903
f 861/903/904 210/953/904 905/980/904
f 905/980/905 225/983/905 890/996/905
f 1708/994/906 890/996/906 226/997/906
f 204/908/2199 854/907/2199 1709/998/2199
f 854/907/2200 203/893/2200 906/985/2200
f 906/985/2201 218/989/2201 883/1000/2201
f 1709/998/2202 883/1000/2202 219/1001/2202
f 212/912/911 862/911/911 1710/1002/911
f 862/911/912 211/904/912 907/995/912
f 907/995/913 226/997/913 891/1004/913
f 1710/1002/914 891/1004/914 227/1005/914
f 855/915/915 1711/1007/915 910/1006/915
f 204/908/916 908/999/916 1711/1007/916
f 1711/1007/917 908/999/917 219/1001/917
f 910/1006/918 1711/1007/918 884/1008/918
f 213/920/919 863/919/919 1712/1010/919
f 863/919/920 212/912/920 909/1003/920
f 909/1003/921 227/1005/921 892/1012/921
f 1712/1010/922 892/1012/922 228/1013/922
f 856/923/923 1713/1015/923 898/1014/923
f 205/916/924 910/1006/924 1713/1015/924
f 1713/1015/925 910/1006/925 220/1009/925
f 898/1014/926 1713/1015/926 885/1016/926
f 214/928/927 864/927/927 1714/1017/927
f 864/927/928 213/920/928 911/1011/928
f 911/1011/929 228/1013/929 893/1018/929
f 1714/1017/930 893/1018/930 229/1019/930
f 226/997/931 890/996/931 1715/1020/931
f 890/996/932 225/983/932 927/1022/932
f 927/1022/933 240/1076/933 919/1023/933
f 1715/1020/934 919/1023/934 241/1024/934
f 219/1001/2203 883/1000/2203 1716/1025/2203
f 883/1000/2204 218/989/2204 929/1027/2204
f 929/1027/2205 233/1081/2205 912/1028/2205
f 1716/1025/2206 912/1028/2206 234/1029/2206
f 227/1005/939 891/1004/939 1717/1030/939
f 891/1004/940 226/997/940 926/1021/940
f 926/1021/941 241/1024/941 920/1032/941
f 1717/1030/942 920/1032/942 242/1033/942
f 884/1008/943 1718/1035/943 931/1034/943
f 219/1001/944 928/1026/944 1718/1035/944
f 1718/1035/945 928/1026/945 234/1029/945
f 931/1034/946 1718/1035/946 913/1036/946
f 228/1013/947 892/1012/947 1719/1038/947
f 892/1012/948 227/1005/948 930/1031/948
f 930/1031/949 242/1033/949 921/1040/949
f 1719/1038/950 921/1040/950 243/1041/950
f 885/1016/951 1720/1043/951 933/1042/951
f 220/1009/952 931/1034/952 1720/1043/952
f 1720/1043/953 931/1034/953 235/1037/953
f 933/1042/954 1720/1043/954 914/1044/954
f 229/1019/955 893/1018/955 1721/1046/955
f 893/1018/956 228/1013/956 932/1039/956
f 932/1039/957 243/1041/957 922/1048/957
f 1721/1046/958 922/1048/958 244/1049/958
f 886/957/959 1722/1051/959 935/1050/959
f 221/956/960 933/1042/960 1722/1051/960
f 1722/1051/961 933/1042/961 236/1045/961
f 935/1050/2207 1722/1051/2207 915/1052/2207
f 230/963/963 894/962/963 1723/1054/963
f 894/962/964 229/1019/964 934/1047/964
f 934/1047/965 244/1049/965 923/1056/965
f 1723/1054/966 923/1056/966 245/1057/966
f 887/966/967 1724/1059/967 937/1058/967
f 222/958/968 935/1050/968 1724/1059/968
f 1724/1059/969 935/1050/969 237/1053/969
f 937/1058/970 1724/1059/970 916/1060/970
f 231/971/971 895/970/971 1725/1062/971
f 895/970/972 230/963/972 936/1055/972
f 936/1055/973 245/1057/973 924/1064/973
f 1725/1062/974 924/1064/974 246/1065/974
f 888/974/975 1726/1067/975 939/1066/975
f 223/967/976 937/1058/976 1726/1067/976
f 1726/1067/977 937/1058/977 238/1061/977
f 939/1066/978 1726/1067/978 917/1068/978
f 896/978/2208 1727/1071/2208 940/1070/2208
f 231/971/2209 938/1063/2209 1727/1071/2209
f 1727/1071/2210 938/1063/2210 246/1065/2210
f 940/1070/2211 1727/1071/2211 925/1072/2211
f 889/982/983 1728/1074/983 927/1022/983
f 224/975/984 939/1066/984 1728/1074/984
f 1728/1074/985 939/1066/985 239/1069/985
f 927/1022/986 1728/1074/986 918/1075/986
f 218/989/2212 1436/1079/2212 1729/1077/2212
f 1438/1078/2213 1729/1077/2213 1436/1079/2213
f 233/1081/2214 929/1027/2214 1729/1077/2214
f 1437/1082/2215 1730/1085/2215 1439/1083/2215
f 232/979/2216 940/1070/2216 1730/1085/2216
f 247/1073/2217 1439/1083/2217 1730/1085/2217
f 245/1057/993 923/1056/993 1731/1086/993
f 923/1056/994 244/1049/994 956/1088/994
f 956/1088/995 259/1148/995 952/1089/995
f 1731/1086/996 952/1089/996 260/1090/996
f 916/1060/997 1732/1092/997 957/1091/997
f 237/1053/998 958/1149/998 1732/1092/998
f 1732/1092/999 958/1149/999 252/1093/999
f 957/1091/1000 1732/1092/1000 945/1094/1000
f 246/1065/1001 924/1064/1001 1733/1096/1001
f 924/1064/1002 245/1057/1002 955/1087/1002
f 955/1087/1003 260/1090/1003 953/1098/1003
f 1733/1096/1004 953/1098/1004 261/1099/1004
f 917/1068/1005 1734/1101/1005 960/1100/1005
f 238/1061/1006 957/1091/1006 1734/1101/1006
f 1734/1101/1007 957/1091/1007 253/1095/1007
f 960/1100/1008 1734/1101/1008 946/1102/1008
f 925/1072/2218 1735/1105/2218 961/1104/2218
f 246/1065/2219 959/1097/2219 1735/1105/2219
f 1735/1105/2220 959/1097/2220 261/1099/2220
f 961/1104/2221 1735/1105/2221 954/1106/2221
f 918/1075/2222 1736/1109/2222 962/1108/2222
f 239/1069/1014 960/1100/1014 1736/1109/1014
f 1736/1109/1015 960/1100/1015 254/1103/1015
f 962/1108/1016 1736/1109/1016 947/1110/1016
f 233/1081/2223 1438/1115/2223 1737/1112/2223
f 1440/1114/2224 1737/1112/2224 1438/1115/2224
f 248/1117/2225 963/1113/2225 1737/1112/2225
f 1439/1118/2226 1738/1121/2226 1441/1119/2226
f 247/1073/2227 961/1104/2227 1738/1121/2227
f 262/1107/2228 1441/1119/2228 1738/1121/2228
f 241/1024/1023 919/1023/1023 1739/1122/1023
f 919/1023/2229 240/1076/2229 962/1108/2229
f 962/1108/1025 255/1111/1025 948/1124/1025
f 1739/1122/1026 948/1124/1026 256/1125/1026
f 234/1029/2230 912/1028/2230 1740/1126/2230
f 912/1028/2231 233/1081/2231 963/1113/2231
f 963/1113/2232 248/1117/2232 941/1128/2232
f 1740/1126/2233 941/1128/2233 249/1129/2233
f 242/1033/1031 920/1032/1031 1741/1130/1031
f 920/1032/1032 241/1024/1032 964/1123/1032
f 964/1123/1033 256/1125/1033 949/1132/1033
f 1741/1130/1034 949/1132/1034 257/1133/1034
f 913/1036/1035 1742/1135/1035 967/1134/1035
f 234/1029/1036 965/1127/1036 1742/1135/1036
f 1742/1135/1037 965/1127/1037 249/1129/1037
f 967/1134/1038 1742/1135/1038 942/1136/1038
f 243/1041/1039 921/1040/1039 1743/1138/1039
f 921/1040/1040 242/1033/1040 966/1131/1040
f 966/1131/1041 257/1133/1041 950/1140/1041
f 1743/1138/1042 950/1140/1042 258/1141/1042
f 914/1044/1043 1744/1143/1043 969/1142/1043
f 235/1037/1044 967/1134/1044 1744/1143/1044
f 1744/1143/1045 967/1134/1045 250/1137/1045
f 969/1142/1046 1744/1143/1046 943/1144/1046
f 244/1049/1047 922/1048/1047 1745/1146/1047
f 922/1048/1048 243/1041/1048 968/1139/1048
f 968/1139/1049 258/1141/1049 951/1147/1049
f 1745/1146/1050 951/1147/1050 259/1148/1050
f 915/1052/2234 1746/1150/2234 958/1149/2234
f 236/1045/1052 969/1142/1052 1746/1150/1052
f 1746/1150/1053 969/1142/1053 251/1145/1053
f 958/1149/1054 1746/1150/1054 944/1151/1054
f 257/1133/1055 949/1132/1055 1747/1152/1055
f 949/1132/1056 256/1125/1056 985/1154/1056
f 985/1154/1057 271/1214/1057 978/1155/1057
f 1747/1152/1058 978/1155/1058 272/1156/1058
f 942/1136/1059 1748/1158/1059 986/1157/1059
f 249/1129/1060 987/1216/1060 1748/1158/1060
f 1748/1158/1061 987/1216/1061 264/1159/1061
f 986/1157/1062 1748/1158/1062 971/1160/1062
f 258/1141/1063 950/1140/1063 1749/1162/1063
f 950/1140/1064 257/1133/1064 984/1153/1064
f 984/1153/1065 272/1156/1065 979/1164/1065
f 1749/1162/1066 979/1164/1066 273/1165/1066
f 943/1144/1067 1750/1167/1067 989/1166/1067
f 250/1137/1068 986/1157/1068 1750/1167/1068
f 1750/1167/1069 986/1157/1069 265/1161/1069
f 989/1166/1070 1750/1167/1070 972/1168/1070
f 259/1148/1071 951/1147/1071 1751/1170/1071
f 951/1147/1072 258/1141/1072 988/1163/1072
f 988/1163/1073 273/1165/1073 980/1172/1073
f 1751/1170/1074 980/1172/1074 274/1173/1074
f 944/1151/1075 1752/1175/1075 991/1174/1075
f 251/1145/1076 989/1166/1076 1752/1175/1076
f 1752/1175/1077 989/1166/1077 266/1169/1077
f 991/1174/1078 1752/1175/1078 973/1176/1078
f 260/1090/1079 952/1089/1079 1753/1178/1079
f 952/1089/1080 259/1148/1080 990/1171/1080
f 990/1171/1081 274/1173/1081 981/1180/1081
f 1753/1178/1082 981/1180/1082 275/1181/1082
f 945/1094/1083 1754/1183/1083 993/1182/1083
f 252/1093/1084 991/1174/1084 1754/1183/1084
f 1754/1183/1085 991/1174/1085 267/1177/1085
f 993/1182/1086 1754/1183/1086 974/1184/1086
f 261/1099/1087 953/1098/1087 1755/1186/1087
f 953/1098/1088 260/1090/1088 992/1179/1088
f 992/1179/1089 275/1181/1089 982/1188/1089
f 1755/1186/1090 982/1188/1090 276/1189/1090
f 946/1102/1091 1756/1191/1091 995/1190/1091
f 253/1095/1092 993/1182/1092 1756/1191/1092
f 1756/1191/1093 993/1182/1093 268/1185/1093
f 995/1190/1094 1756/1191/1094 975/1192/1094
f 954/1106/2235 1757/1195/2235 996/1194/2235
f 261/1099/2236 994/1187/2236 1757/1195/2236
f 1757/1195/2237 994/1187/2237 276/1189/2237
f 996/1194/2238 1757/1195/2238 983/1196/2238
f 947/1110/1099 1758/1199/1099 997/1198/1099
f 254/1103/1100 995/1190/1100 1758/1199/1100
f 1758/1199/1101 995/1190/1101 269/1193/1101
f 997/1198/1102 1758/1199/1102 976/1200/1102
f 248/1117/2239 1440/1205/2239 1759/1202/2239
f 1442/1204/2240 1759/1202/2240 1440/1205/2240
f 263/1207/2241 998/1203/2241 1759/1202/2241
f 1441/1208/2242 1760/1211/2242 1443/1209/2242
f 262/1107/2243 996/1194/2243 1760/1211/2243
f 277/1197/2244 1443/1209/2244 1760/1211/2244
f 256/1125/1109 948/1124/1109 1761/1212/1109
f 948/1124/1110 255/1111/1110 997/1198/1110
f 997/1198/1111 270/1201/1111 977/1213/1111
f 1761/1212/1112 977/1213/1112 271/1214/1112
f 249/1129/2245 941/1128/2245 1762/1215/2245
f 941/1128/2246 248/1117/2246 998/1203/2246
f 998/1203/2247 263/1207/2247 970/1217/2247
f 1762/1215/2248 970/1217/2248 264/1159/2248
f 276/1189/1117 982/1188/1117 1763/1218/1117
f 982/1188/1118 275/1181/1118 1014/1220/1118
f 1014/1220/1119 290/1280/1119 1011/1221/1119
f 1763/1218/1120 1011/1221/1120 291/1222/1120
f 975/1192/1121 1764/1224/1121 1015/1223/1121
f 268/1185/1122 1016/1281/1122 1764/1224/1122
f 1764/1224/1123 1016/1281/1123 283/1225/1123
f 1015/1223/1124 1764/1224/1124 1004/1226/1124
f 983/1196/2249 1765/1229/2249 1017/1228/2249
f 276/1189/2250 1013/1219/2250 1765/1229/2250
f 1765/1229/2251 1013/1219/2251 291/1222/2251
f 1017/1228/2252 1765/1229/2252 1012/1230/2252
f 976/1200/1129 1766/1233/1129 1018/1232/1129
f 269/1193/1130 1015/1223/1130 1766/1233/1130
f 1766/1233/1131 1015/1223/1131 284/1227/1131
f 1018/1232/1132 1766/1233/1132 1005/1234/1132
f 263/1207/2253 1442/1239/2253 1767/1236/2253
f 1444/1238/2254 1767/1236/2254 1442/1239/2254
f 278/1241/2255 1019/1237/2255 1767/1236/2255
f 1443/1242/2256 1768/1245/2256 1445/1243/2256
f 277/1197/2257 1017/1228/2257 1768/1245/2257
f 292/1231/2258 1445/1243/2258 1768/1245/2258
f 271/1214/1139 977/1213/1139 1769/1246/1139
f 977/1213/1140 270/1201/1140 1018/1232/1140
f 1018/1232/1141 285/1235/1141 1006/1248/1141
f 1769/1246/1142 1006/1248/1142 286/1249/1142
f 264/1159/2259 970/1217/2259 1770/1250/2259
f 970/1217/2260 263/1207/2260 1019/1237/2260
f 1019/1237/2261 278/1241/2261 999/1252/2261
f 1770/1250/2262 999/1252/2262 279/1253/2262
f 272/1156/1147 978/1155/1147 1771/1254/1147
f 978/1155/1148 271/1214/1148 1020/1247/1148
f 1020/1247/1149 286/1249/1149 1007/1256/1149
f 1771/1254/1150 1007/1256/1150 287/1257/1150
f 971/1160/1151 1772/1259/1151 1023/1258/1151
f 264/1159/1152 1021/1251/1152 1772/1259/1152
f 1772/1259/1153 1021/1251/1153 279/1253/1153
f 1023/1258/1154 1772/1259/1154 1000/1260/1154
f 273/1165/1155 979/1164/1155 1773/1262/1155
f 979/1164/1156 272/1156/1156 1022/1255/1156
f 1022/1255/1157 287/1257/1157 1008/1264/1157
f 1773/1262/1158 1008/1264/1158 288/1265/1158
f 972/1168/1159 1774/1267/1159 1025/1266/1159
f 265/1161/1160 1023/1258/1160 1774/1267/1160
f 1774/1267/1161 1023/1258/1161 280/1261/1161
f 1025/1266/1162 1774/1267/1162 1001/1268/1162
f 274/1173/1163 980/1172/1163 1775/1270/1163
f 980/1172/1164 273/1165/1164 1024/1263/1164
f 1024/1263/1165 288/1265/1165 1009/1272/1165
f 1775/1270/1166 1009/1272/1166 289/1273/1166
f 973/1176/1167 1776/1275/1167 1027/1274/1167
f 266/1169/1168 1025/1266/1168 1776/1275/1168
f 1776/1275/1169 1025/1266/1169 281/1269/1169
f 1027/1274/1170 1776/1275/1170 1002/1276/1170
f 275/1181/1171 981/1180/1171 1777/1278/1171
f 981/1180/1172 274/1173/1172 1026/1271/1172
f 1026/1271/1173 289/1273/1173 1010/1279/1173
f 1777/1278/1174 1010/1279/1174 290/1280/1174
f 974/1184/1175 1778/1282/1175 1016/1281/1175
f 267/1177/1176 1027/1274/1176 1778/1282/1176
f 1778/1282/1177 1027/1274/1177 282/1277/1177
f 1016/1281/1178 1778/1282/1178 1003/1283/1178
f 1000/1260/1179 1779/1285/1179 1043/1284/1179
f 279/1253/1180 1044/1345/1180 1779/1285/1180
f 1779/1285/1181 1044/1345/1181 294/1286/1181
f 1043/1284/1182 1779/1285/1182 1029/1287/1182
f 288/1265/1183 1008/1264/1183 1780/1289/1183
f 1008/1264/1184 287/1257/1184 1046/1291/1184
f 1046/1291/1185 302/1349/1185 1037/1292/1185
f 1780/1289/1186 1037/1292/1186 303/1293/1186
f 1001/1268/1187 1781/1295/1187 1047/1294/1187
f 280/1261/1188 1043/1284/1188 1781/1295/1188
f 1781/1295/1189 1043/1284/1189 295/1288/1189
f 1047/1294/1190 1781/1295/1190 1030/1296/1190
f 289/1273/1191 1009/1272/1191 1782/1298/1191
f 1009/1272/1192 288/1265/1192 1045/1290/1192
f 1045/1290/1193 303/1293/1193 1038/1300/1193
f 1782/1298/1194 1038/1300/1194 304/1301/1194
f 1002/1276/1195 1783/1303/1195 1049/1302/1195
f 281/1269/1196 1047/1294/1196 1783/1303/1196
f 1783/1303/1197 1047/1294/1197 296/1297/1197
f 1049/1302/1198 1783/1303/1198 1031/1304/1198
f 290/1280/1199 1010/1279/1199 1784/1306/1199
f 1010/1279/1200 289/1273/1200 1048/1299/1200
f 1048/1299/1201 304/1301/1201 1039/1308/1201
f 1784/1306/1202 1039/1308/1202 305/1309/1202
f 1003/1283/1203 1785/1311/1203 1051/1310/1203
f 282/1277/1204 1049/1302/1204 1785/1311/1204
f 1785/1311/1205 1049/1302/1205 297/1305/1205
f 1051/1310/1206 1785/1311/1206 1032/1312/1206
f 291/1222/1207 1011/1221/1207 1786/1314/1207
f 1011/1221/1208 290/1280/1208 1050/1307/1208
f 1050/1307/1209 305/1309/1209 1040/1316/1209
f 1786/1314/1210 1040/1316/1210 306/1317/1210
f 1004/1226/1211 1787/1319/1211 1053/1318/1211
f 283/1225/1212 1051/1310/1212 1787/1319/1212
f 1787/1319/1213 1051/1310/1213 298/1313/1213
f 1053/1318/1214 1787/1319/1214 1033/1320/1214
f 1012/1230/2263 1788/1323/2263 1054/1322/2263
f 291/1222/2264 1052/1315/2264 1788/1323/2264
f 1788/1323/2265 1052/1315/2265 306/1317/2265
f 1054/1322/2266 1788/1323/2266 1041/1324/2266
f 1005/1234/1219 1789/1327/1219 1055/1326/1219
f 284/1227/1220 1053/1318/1220 1789/1327/1220
f 1789/1327/1221 1053/1318/1221 299/1321/1221
f 1055/1326/1222 1789/1327/1222 1034/1328/1222
f 278/1241/2267 1444/1333/2267 1790/1330/2267
f 1446/1332/2268 1790/1330/2268 1444/1333/2268
f 293/1335/2269 1056/1331/2269 1790/1330/2269
f 1445/1336/2270 1791/1339/2270 1042/1337/2270
f 292/1231/2271 1054/1322/2271 1791/1339/2271
f 307/1325/2272 1042/1337/2272 1791/1339/2272
f 286/1249/1229 1006/1248/1229 1792/1340/1229
f 1006/1248/1230 285/1235/1230 1055/1326/1230
f 1055/1326/1231 300/1329/1231 1035/1342/1231
f 1792/1340/1232 1035/1342/1232 301/1343/1232
f 279/1253/2273 999/1252/2273 1793/1344/2273
f 999/1252/2274 278/1241/2274 1056/1331/2274
f 1056/1331/2275 293/1335/2275 1028/1346/2275
f 1793/1344/2276 1028/1346/2276 294/1286/2276
f 287/1257/1237 1007/1256/1237 1794/1347/1237
f 1007/1256/1238 286/1249/1238 1057/1341/1238
f 1057/1341/1239 301/1343/1239 1036/1348/1239
f 1794/1347/1240 1036/1348/1240 302/1349/1240
f 1033/1320/1241 1795/1351/1241 1072/1350/1241
f 298/1313/1242 1073/1410/1242 1795/1351/1242
f 1795/1351/1243 1073/1410/1243 314/1352/1243
f 1072/1350/1244 1795/1351/1244 1063/1353/1244
f 1041/1324/2277 1796/1356/2277 1074/1355/2277
f 306/1317/2278 1075/1414/2278 1796/1356/2278
f 1796/1356/2279 1075/1414/2279 322/1357/2279
f 1074/1355/2280 1796/1356/2280 1071/1358/2280
f 1034/1328/1249 1797/1361/1249 1076/1360/1249
f 299/1321/1250 1072/1350/1250 1797/1361/1250
f 1797/1361/1251 1072/1350/1251 315/1354/1251
f 1076/1360/1252 1797/1361/1252 1064/1362/1252
f 293/1335/2281 1446/1367/2281 1798/1364/2281
f 1447/1366/2282 1798/1364/2282 1446/1367/2282
f 309/1369/2283 1077/1365/2283 1798/1364/2283
f 1042/1370/2284 1799/1373/2284 1448/1371/2284
f 307/1325/2285 1074/1355/2285 1799/1373/2285
f 323/1359/2286 1448/1371/2286 1799/1373/2286
f 301/1343/1259 1035/1342/1259 1800/1374/1259
f 1035/1342/1260 300/1329/1260 1076/1360/1260
f 1076/1360/1261 316/1363/1261 1065/1376/1261
f 1800/1374/1262 1065/1376/1262 317/1377/1262
f 294/1286/2287 1028/1346/2287 1801/1378/2287
f 1028/1346/2288 293/1335/2288 1077/1365/2288
f 1077/1365/2289 309/1369/2289 1058/1380/2289
f 1801/1378/2290 1058/1380/2290 310/1381/2290
f 302/1349/1267 1036/1348/1267 1802/1382/1267
f 1036/1348/1268 301/1343/1268 1078/1375/1268
f 1078/1375/1269 317/1377/1269 1066/1384/1269
f 1802/1382/1270 1066/1384/1270 318/1385/1270
f 1029/1287/1271 1803/1387/1271 1081/1386/1271
f 294/1286/1272 1079/1379/1272 1803/1387/1272
f 1803/1387/1273 1079/1379/1273 310/1381/1273
f 1081/1386/1274 1803/1387/1274 1059/1388/1274
f 303/1293/2291 1037/1292/2291 1804/1390/2291
f 1037/1292/1276 302/1349/1276 1080/1383/1276
f 1080/1383/1277 318/1385/1277 1067/1392/1277
f 1804/1390/1278 1067/1392/1278 319/1393/1278
f 1030/1296/1279 1805/1395/1279 1083/1394/1279
f 295/1288/1280 1081/1386/1280 1805/1395/1280
f 1805/1395/1281 1081/1386/1281 311/1389/1281
f 1083/1394/1282 1805/1395/1282 1060/1396/1282
f 304/1301/1283 1038/1300/1283 1806/1398/1283
f 1038/1300/1284 303/1293/1284 1082/1391/1284
f 1082/1391/1285 319/1393/1285 1068/1400/1285
f 1806/1398/1286 1068/1400/1286 320/1401/1286
f 1031/1304/1287 1807/1403/1287 1085/1402/1287
f 296/1297/1288 1083/1394/1288 1807/1403/1288
f 1807/1403/1289 1083/1394/1289 312/1397/1289
f 1085/1402/1290 1807/1403/1290 1061/1404/1290
f 305/1309/1291 1039/1308/1291 1808/1406/1291
f 1039/1308/1292 304/1301/1292 1084/1399/1292
f 1084/1399/1293 320/1401/1293 1069/1408/1293
f 1808/1406/1294 1069/1408/1294 321/1409/1294
f 1032/1312/1295 1809/1411/1295 1073/1410/1295
f 297/1305/2292 1085/1402/2292 1809/1411/2292
f 1809/1411/1297 1085/1402/1297 313/1405/1297
f 1073/1410/1298 1809/1411/1298 1062/1412/1298
f 306/1317/1299 1040/1316/1299 1810/1413/1299
f 1040/1316/2293 305/1309/2293 1086/1407/2293
f 1086/1407/1301 321/1409/1301 1070/1415/1301
f 1810/1413/1302 1070/1415/1302 322/1357/1302
f 319/1393/1303 1067/1392/1303 1811/1416/1303
f 1067/1392/1304 318/1385/1304 1102/1418/1304
f 1102/1418/1305 333/1478/1305 1096/1419/1305
f 1811/1416/1306 1096/1419/1306 334/1420/1306
f 1060/1396/1307 1812/1422/1307 1103/1421/1307
f 311/1389/1308 1104/1479/1308 1812/1422/1308
f 1812/1422/1309 1104/1479/1309 326/1423/1309
f 1103/1421/1310 1812/1422/1310 1089/1424/1310
f 320/1401/1311 1068/1400/1311 1813/1426/1311
f 1068/1400/1312 319/1393/1312 1101/1417/1312
f 1101/1417/1313 334/1420/1313 1097/1428/1313
f 1813/1426/1314 1097/1428/1314 335/1429/1314
f 1061/1404/1315 1814/1431/1315 1106/1430/1315
f 312/1397/1316 1103/1421/1316 1814/1431/1316
f 1814/1431/1317 1103/1421/1317 327/1425/1317
f 1106/1430/1318 1814/1431/1318 1090/1432/1318
f 321/1409/1319 1069/1408/1319 1815/1434/1319
f 1069/1408/1320 320/1401/1320 1105/1427/1320
f 1105/1427/1321 335/1429/1321 1098/1436/1321
f 1815/1434/1322 1098/1436/1322 336/1437/1322
f 1062/1412/1323 1816/1439/1323 1108/1438/1323
f 313/1405/1324 1106/1430/1324 1816/1439/1324
f 1816/1439/1325 1106/1430/1325 328/1433/1325
f 1108/1438/1326 1816/1439/1326 1091/1440/1326
f 322/1357/1327 1070/1415/1327 1817/1442/1327
f 1070/1415/2294 321/1409/2294 1107/1435/2294
f 1107/1435/1329 336/1437/1329 1099/1444/1329
f 1817/1442/1330 1099/1444/1330 337/1445/1330
f 1063/1353/1331 1818/1447/1331 1110/1446/1331
f 314/1352/1332 1108/1438/1332 1818/1447/1332
f 1818/1447/1333 1108/1438/1333 329/1441/1333
f 1110/1446/1334 1818/1447/1334 1092/1448/1334
f 1071/1358/2295 1819/1451/2295 1111/1450/2295
f 322/1357/2296 1109/1443/2296 1819/1451/2296
f 1819/1451/2297 1109/1443/2297 337/1445/2297
f 1111/1450/2298 1819/1451/2298 1100/1452/2298
f 1064/1362/1339 1820/1455/1339 1112/1454/1339
f 315/1354/1340 1110/1446/1340 1820/1455/1340
f 1820/1455/1341 1110/1446/1341 330/1449/1341
f 1112/1454/1342 1820/1455/1342 1093/1456/1342
f 309/1369/2299 1447/1461/2299 1821/1458/2299
f 1449/1460/2300 1821/1458/2300 1447/1461/2300
f 324/1463/2301 1113/1459/2301 1821/1458/2301
f 1448/1464/2302 1822/1467/2302 1450/1465/2302
f 323/1359/2303 1111/1450/2303 1822/1467/2303
f 338/1453/2304 1450/1465/2304 1822/1467/2304
f 317/1377/1349 1065/1376/1349 1823/1468/1349
f 1065/1376/1350 316/1363/1350 1112/1454/1350
f 1112/1454/1351 331/1457/1351 1094/1470/1351
f 1823/1468/1352 1094/1470/1352 332/1471/1352
f 310/1381/2305 1058/1380/2305 1824/1472/2305
f 1058/1380/2306 309/1369/2306 1113/1459/2306
f 1113/1459/2307 324/1463/2307 1087/1474/2307
f 1824/1472/2308 1087/1474/2308 325/1475/2308
f 318/1385/1357 1066/1384/1357 1825/1476/1357
f 1066/1384/1358 317/1377/1358 1114/1469/1358
f 1114/1469/1359 332/1471/1359 1095/1477/1359
f 1825/1476/1360 1095/1477/1360 333/1478/1360
f 1059/1388/1361 1826/1480/1361 1104/1479/1361
f 310/1381/1362 1115/1473/1362 1826/1480/1362
f 1826/1480/1363 1115/1473/1363 325/1475/1363
f 1104/1479/1364 1826/1480/1364 1088/1481/1364
f 1100/1452/2309 1827/1483/2309 1130/1482/2309
f 337/1445/2310 1131/1543/2310 1827/1483/2310
f 1827/1483/2311 1131/1543/2311 352/1484/2311
f 1130/1482/2312 1827/1483/2312 1129/1485/2312
f 1093/1456/1369 1828/1488/1369 1132/1487/1369
f 330/1449/1370 1133/1545/1370 1828/1488/1370
f 1828/1488/1371 1133/1545/1371 345/1489/1371
f 1132/1487/1372 1828/1488/1372 1122/1490/1372
f 324/1463/2313 1449/1495/2313 1829/1492/2313
f 1451/1494/2314 1829/1492/2314 1449/1495/2314
f 339/1497/2315 1134/1493/2315 1829/1492/2315
f 1450/1498/2316 1830/1501/2316 1452/1499/2316
f 338/1453/2317 1130/1482/2317 1830/1501/2317
f 353/1486/2318 1452/1499/2318 1830/1501/2318
f 332/1471/1379 1094/1470/1379 1831/1502/1379
f 1094/1470/1380 331/1457/1380 1132/1487/1380
f 1132/1487/1381 346/1491/1381 1123/1504/1381
f 1831/1502/1382 1123/1504/1382 347/1505/1382
f 325/1475/2319 1087/1474/2319 1832/1506/2319
f 1087/1474/2320 324/1463/2320 1134/1493/2320
f 1134/1493/2321 339/1497/2321 1116/1508/2321
f 1832/1506/2322 1116/1508/2322 340/1509/2322
f 333/1478/1387 1095/1477/1387 1833/1510/1387
f 1095/1477/1388 332/1471/1388 1135/1503/1388
f 1135/1503/1389 347/1505/1389 1124/1512/1389
f 1833/1510/1390 1124/1512/1390 348/1513/1390
f 1088/1481/1391 1834/1515/1391 1138/1514/1391
f 325/1475/1392 1136/1507/1392 1834/1515/1392
f 1834/1515/1393 1136/1507/1393 340/1509/1393
f 1138/1514/1394 1834/1515/1394 1117/1516/1394
f 334/1420/1395 1096/1419/1395 1835/1518/1395
f 1096/1419/1396 333/1478/1396 1137/1511/1396
f 1137/1511/1397 348/1513/1397 1125/1520/1397
f 1835/1518/1398 1125/1520/1398 349/1521/1398
f 1089/1424/1399 1836/1523/1399 1140/1522/1399
f 326/1423/1400 1138/1514/1400 1836/1523/1400
f 1836/1523/1401 1138/1514/1401 341/1517/1401
f 1140/1522/1402 1836/1523/1402 1118/1524/1402
f 335/1429/1403 1097/1428/1403 1837/1526/1403
f 1097/1428/1404 334/1420/1404 1139/1519/1404
f 1139/1519/1405 349/1521/1405 1126/1528/1405
f 1837/1526/1406 1126/1528/1406 350/1529/1406
f 1090/1432/1407 1838/1531/1407 1142/1530/1407
f 327/1425/1408 1140/1522/1408 1838/1531/1408
f 1838/1531/1409 1140/1522/1409 342/1525/1409
f 1142/1530/1410 1838/1531/1410 1119/1532/1410
f 336/1437/1411 1098/1436/1411 1839/1534/1411
f 1098/1436/1412 335/1429/1412 1141/1527/1412
f 1141/1527/1413 350/1529/1413 1127/1536/1413
f 1839/1534/1414 1127/1536/1414 351/1537/1414
f 1091/1440/1415 1840/1539/1415 1144/1538/1415
f 328/1433/1416 1142/1530/1416 1840/1539/1416
f 1840/1539/1417 1142/1530/1417 343/1533/1417
f 1144/1538/1418 1840/1539/1418 1120/1540/1418
f 337/1445/1419 1099/1444/1419 1841/1542/1419
f 1099/1444/1420 336/1437/1420 1143/1535/1420
f 1143/1535/1421 351/1537/1421 1128/1544/1421
f 1841/1542/1422 1128/1544/1422 352/1484/1422
f 1092/1448/1423 1842/1546/1423 1133/1545/1423
f 329/1441/1424 1144/1538/1424 1842/1546/1424
f 1842/1546/1425 1144/1538/1425 344/1541/1425
f 1133/1545/1426 1842/1546/1426 1121/1547/1426
f 1118/1524/1427 1843/1549/1427 1159/1548/1427
f 341/1517/1428 1160/1608/1428 1843/1549/1428
f 1843/1549/1429 1160/1608/1429 356/1550/1429
f 1159/1548/1430 1843/1549/1430 1147/1551/1430
f 350/1529/1431 1126/1528/1431 1844/1553/1431
f 1126/1528/1432 349/1521/1432 1162/1555/1432
f 1162/1555/2323 364/1613/2323 1155/1556/2323
f 1844/1553/1434 1155/1556/1434 365/1557/1434
f 1119/1532/1435 1845/1559/1435 1163/1558/1435
f 342/1525/1436 1159/1548/1436 1845/1559/1436
f 1845/1559/1437 1159/1548/1437 357/1552/1437
f 1163/1558/1438 1845/1559/1438 1148/1560/1438
f 351/1537/1439 1127/1536/1439 1846/1562/1439
f 1127/1536/1440 350/1529/1440 1161/1554/1440
f 1161/1554/1441 365/1557/1441 1156/1564/1441
f 1846/1562/1442 1156/1564/1442 366/1565/1442
f 1120/1540/1443 1847/1567/1443 1165/1566/1443
f 343/1533/1444 1163/1558/1444 1847/1567/1444
f 1847/1567/1445 1163/1558/1445 358/1561/1445
f 1165/1566/1446 1847/1567/1446 1149/1568/1446
f 352/1484/1447 1128/1544/1447 1848/1570/1447
f 1128/1544/1448 351/1537/1448 1164/1563/1448
f 1164/1563/1449 366/1565/1449 1157/1572/1449
f 1848/1570/1450 1157/1572/1450 367/1573/1450
f 1121/1547/1451 1849/1575/1451 1167/1574/1451
f 344/1541/1452 1165/1566/1452 1849/1575/1452
f 1849/1575/1453 1165/1566/1453 359/1569/1453
f 1167/1574/1454 1849/1575/1454 1150/1576/1454
f 1129/1485/2324 1850/1579/2324 1168/1578/2324
f 352/1484/2325 1166/1571/2325 1850/1579/2325
f 1850/1579/2326 1166/1571/2326 367/1573/2326
f 1168/1578/2327 1850/1579/2327 1158/1580/2327
f 1122/1490/1459 1851/1583/1459 1169/1582/1459
f 345/1489/1460 1167/1574/1460 1851/1583/1460
f 1851/1583/1461 1167/1574/1461 360/1577/1461
f 1169/1582/1462 1851/1583/1462 1151/1584/1462
f 339/1497/2328 1451/1589/2328 1852/1586/2328
f 1453/1588/2329 1852/1586/2329 1451/1589/2329
f 354/1591/2330 1170/1587/2330 1852/1586/2330
f 1452/1592/2331 1853/1595/2331 1454/1593/2331
f 353/1486/2332 1168/1578/2332 1853/1595/2332
f 368/1581/2333 1454/1593/2333 1853/1595/2333
f 347/1505/1469 1123/1504/1469 1854/1596/1469
f 1123/1504/1470 346/1491/1470 1169/1582/1470
f 1169/1582/1471 361/1585/1471 1152/1598/1471
f 1854/1596/1472 1152/1598/1472 362/1599/1472
f 340/1509/2334 1116/1508/2334 1855/1600/2334
f 1116/1508/2335 339/1497/2335 1170/1587/2335
f 1170/1587/2336 354/1591/2336 1145/1602/2336
f 1855/1600/2337 1145/1602/2337 355/1603/2337
f 348/1513/1477 1124/1512/1477 1856/1604/1477
f 1124/1512/1478 347/1505/1478 1171/1597/1478
f 1171/1597/1479 362/1599/1479 1153/1606/1479
f 1856/1604/1480 1153/1606/1480 363/1607/1480
f 1117/1516/1481 1857/1609/1481 1160/1608/1481
f 340/1509/1482 1172/1601/1482 1857/1609/1482
f 1857/1609/1483 1172/1601/1483 355/1603/1483
f 1160/1608/1484 1857/1609/1484 1146/1610/1484
f 349/1521/1485 1125/1520/1485 1858/1611/1485
f 1125/1520/1486 348/1513/1486 1173/1605/1486
f 1173/1605/1487 363/1607/1487 1154/1612/1487
f 1858/1611/1488 1154/1612/1488 364/1613/1488
f 1151/1614/1489 1859/1618/1489 1188/1615/1489
f 360/1617/1490 1189/1703/1490 1859/1618/1490
f 1859/1618/1491 1189/1703/1491 375/1619/1491
f 1188/1615/1492 1859/1618/1492 1180/1620/1492
f 354/1622/2338 1453/1626/2338 1860/1623/2338
f 1455/1625/2339 1860/1623/2339 1453/1626/2339
f 369/1628/2340 1190/1624/2340 1860/1623/2340
f 1454/1629/2341 1861/1633/2341 1456/1630/2341
f 368/1632/2342 1191/1635/2342 1861/1633/2342
f 383/1634/2343 1456/1630/2343 1861/1633/2343
f 362/1636/1499 1152/1639/1499 1862/1637/1499
f 1152/1639/2344 361/1616/2344 1188/1615/2344
f 1188/1615/1501 376/1621/1501 1181/1640/1501
f 1862/1637/1502 1181/1640/1502 377/1641/1502
f 355/1642/2345 1145/1645/2345 1863/1643/2345
f 1145/1645/2346 354/1622/2346 1190/1624/2346
f 1190/1624/2347 369/1628/2347 1174/1646/2347
f 1863/1643/2348 1174/1646/2348 370/1647/2348
f 363/1648/1507 1153/1651/1507 1864/1649/1507
f 1153/1651/1508 362/1636/1508 1192/1638/1508
f 1192/1638/1509 377/1641/1509 1182/1652/1509
f 1864/1649/1510 1182/1652/1510 378/1653/1510
f 1146/1654/1511 1865/1657/1511 1195/1655/1511
f 355/1642/1512 1193/1644/1512 1865/1657/1512
f 1865/1657/1513 1193/1644/1513 370/1647/1513
f 1195/1655/1514 1865/1657/1514 1175/1658/1514
f 364/1660/1515 1154/1663/1515 1866/1661/1515
f 1154/1663/1516 363/1648/1516 1194/1650/1516
f 1194/1650/1517 378/1653/1517 1183/1664/1517
f 1866/1661/1518 1183/1664/1518 379/1665/1518
f 1147/1666/1519 1867/1669/1519 1197/1667/1519
f 356/1656/1520 1195/1655/1520 1867/1669/1520
f 1867/1669/1521 1195/1655/1521 371/1659/1521
f 1197/1667/1522 1867/1669/1522 1176/1670/1522
f 365/1672/1523 1155/1675/1523 1868/1673/1523
f 1155/1675/2349 364/1660/2349 1196/1662/2349
f 1196/1662/1525 379/1665/1525 1184/1676/1525
f 1868/1673/1526 1184/1676/1526 380/1677/1526
f 1148/1678/2350 1869/1681/2350 1199/1679/2350
f 357/1668/1528 1197/1667/1528 1869/1681/1528
f 1869/1681/1529 1197/1667/1529 372/1671/1529
f 1199/1679/1530 1869/1681/1530 1177/1682/1530
f 366/1684/1531 1156/1687/1531 1870/1685/1531
f 1156/1687/1532 365/1672/1532 1198/1674/1532
f 1198/1674/1533 380/1677/1533 1185/1688/1533
f 1870/1685/1534 1185/1688/1534 381/1689/1534
f 1149/1690/1535 1871/1693/1535 1201/1691/1535
f 358/1680/1536 1199/1679/1536 1871/1693/1536
f 1871/1693/1537 1199/1679/1537 373/1683/1537
f 1201/1691/1538 1871/1693/1538 1178/1694/1538
f 367/1696/1539 1157/1699/1539 1872/1697/1539
f 1157/1699/1540 366/1684/1540 1200/1686/1540
f 1200/1686/1541 381/1689/1541 1186/1700/1541
f 1872/1697/1542 1186/1700/1542 382/1701/1542
f 1150/1702/1543 1873/1704/1543 1189/1703/1543
f 359/1692/1544 1201/1691/1544 1873/1704/1544
f 1873/1704/1545 1201/1691/1545 374/1695/1545
f 1189/1703/1546 1873/1704/1546 1179/1705/1546
f 1158/1706/2351 1874/1707/2351 1191/1635/2351
f 367/1696/2352 1202/1698/2352 1874/1707/2352
f 1874/1707/2353 1202/1698/2353 382/1701/2353
f 1191/1635/2354 1874/1707/2354 1187/1708/2354
f 380/1677/1551 1184/1676/1551 1875/1709/1551
f 1184/1676/1552 379/1665/1552 1218/1711/1552
f 1218/1711/1553 394/1771/1553 1213/1712/1553
f 1875/1709/1554 1213/1712/1554 395/1713/1554
f 1177/1682/1555 1876/1715/1555 1219/1714/1555
f 372/1671/1556 1220/1772/1556 1876/1715/1556
f 1876/1715/1557 1220/1772/1557 387/1716/1557
f 1219/1714/1558 1876/1715/1558 1206/1717/1558
f 381/1689/1559 1185/1688/1559 1877/1719/1559
f 1185/1688/1560 380/1677/1560 1217/1710/1560
f 1217/1710/1561 395/1713/1561 1214/1721/1561
f 1877/1719/1562 1214/1721/1562 396/1722/1562
f 1178/1694/1563 1878/1724/1563 1222/1723/1563
f 373/1683/1564 1219/1714/1564 1878/1724/1564
f 1878/1724/1565 1219/1714/1565 388/1718/1565
f 1222/1723/1566 1878/1724/1566 1207/1725/1566
f 382/1701/1567 1186/1700/1567 1879/1727/1567
f 1186/1700/1568 381/1689/1568 1221/1720/1568
f 1221/1720/1569 396/1722/1569 1215/1729/1569
f 1879/1727/1570 1215/1729/1570 397/1730/1570
f 1179/1705/1571 1880/1732/1571 1224/1731/1571
f 374/1695/1572 1222/1723/1572 1880/1732/1572
f 1880/1732/1573 1222/1723/1573 389/1726/1573
f 1224/1731/1574 1880/1732/1574 1208/1733/1574
f 1187/1708/2355 1881/1736/2355 1225/1735/2355
f 382/1701/2356 1223/1728/2356 1881/1736/2356
f 1881/1736/2357 1223/1728/2357 397/1730/2357
f 1225/1735/2358 1881/1736/2358 1216/1737/2358
f 1180/1620/1579 1882/1740/1579 1226/1739/1579
f 375/1619/1580 1224/1731/1580 1882/1740/1580
f 1882/1740/1581 1224/1731/1581 390/1734/1581
f 1226/1739/1582 1882/1740/1582 1209/1741/1582
f 369/1628/2359 1455/1746/2359 1883/1743/2359
f 1457/1745/2360 1883/1743/2360 1455/1746/2360
f 384/1748/2361 1227/1744/2361 1883/1743/2361
f 1456/1749/2362 1884/1752/2362 1458/1750/2362
f 383/1634/2363 1225/1735/2363 1884/1752/2363
f 398/1738/2364 1458/1750/2364 1884/1752/2364
f 377/1641/1589 1181/1640/1589 1885/1753/1589
f 1181/1640/1590 376/1621/1590 1226/1739/1590
f 1226/1739/1591 391/1742/1591 1210/1755/1591
f 1885/1753/1592 1210/1755/1592 392/1756/1592
f 370/1647/2365 1174/1646/2365 1886/1757/2365
f 1174/1646/2366 369/1628/2366 1227/1744/2366
f 1227/1744/2367 384/1748/2367 1203/1759/2367
f 1886/1757/2368 1203/1759/2368 385/1760/2368
f 378/1653/1597 1182/1652/1597 1887/1761/1597
f 1182/1652/1598 377/1641/1598 1228/1754/1598
f 1228/1754/1599 392/1756/1599 1211/1763/1599
f 1887/1761/1600 1211/1763/1600 393/1764/1600
f 1175/1658/1601 1888/1766/1601 1231/1765/1601
f 370/1647/1602 1229/1758/1602 1888/1766/1602
f 1888/1766/1603 1229/1758/1603 385/1760/1603
f 1231/1765/1604 1888/1766/1604 1204/1767/1604
f 379/1665/1605 1183/1664/1605 1889/1769/1605
f 1183/1664/1606 378/1653/1606 1230/1762/1606
f 1230/1762/1607 393/1764/1607 1212/1770/1607
f 1889/1769/1608 1212/1770/1608 394/1771/1608
f 1176/1670/1609 1890/1773/1609 1220/1772/1609
f 371/1659/1610 1231/1765/1610 1890/1773/1610
f 1890/1773/1611 1231/1765/1611 386/1768/1611
f 1220/1772/1612 1890/1773/1612 1205/1774/1612
f 1458/1775/2369 1891/1778/2369 1460/1776/2369
f 398/1738/2370 1246/1780/2370 1891/1778/2370
f 413/1779/2371 1460/1776/2371 1891/1778/2371
f 392/1756/1616 1210/1755/1616 1892/1781/1616
f 1210/1755/1617 391/1742/1617 1248/1783/1617
f 1248/1783/1618 406/1835/1618 1239/1784/1618
f 1892/1781/1619 1239/1784/1619 407/1785/1619
f 385/1760/2372 1203/1759/2372 1893/1786/2372
f 1203/1759/2373 384/1748/2373 1250/1788/2373
f 1250/1788/2374 399/1840/2374 1232/1789/2374
f 1893/1786/2375 1232/1789/2375 400/1790/2375
f 393/1764/1624 1211/1763/1624 1894/1791/1624
f 1211/1763/1625 392/1756/1625 1247/1782/1625
f 1247/1782/1626 407/1785/1626 1240/1793/1626
f 1894/1791/1627 1240/1793/1627 408/1794/1627
f 1204/1767/1628 1895/1796/1628 1252/1795/1628
f 385/1760/1629 1249/1787/1629 1895/1796/1629
f 1895/1796/1630 1249/1787/1630 400/1790/1630
f 1252/1795/2376 1895/1796/2376 1233/1797/2376
f 394/1771/1632 1212/1770/1632 1896/1799/1632
f 1212/1770/1633 393/1764/1633 1251/1792/1633
f 1251/1792/1634 408/1794/1634 1241/1801/1634
f 1896/1799/1635 1241/1801/1635 409/1802/1635
f 1205/1774/1636 1897/1804/1636 1254/1803/1636
f 386/1768/1637 1252/1795/1637 1897/1804/1637
f 1897/1804/1638 1252/1795/1638 401/1798/1638
f 1254/1803/1639 1897/1804/1639 1234/1805/1639
f 395/1713/1640 1213/1712/1640 1898/1807/1640
f 1213/1712/1641 394/1771/1641 1253/1800/1641
f 1253/1800/1642 409/1802/1642 1242/1809/1642
f 1898/1807/1643 1242/1809/1643 410/1810/1643
f 1206/1717/1644 1899/1812/1644 1256/1811/1644
f 387/1716/1645 1254/1803/1645 1899/1812/1645
f 1899/1812/1646 1254/1803/1646 402/1806/1646
f 1256/1811/1647 1899/1812/1647 1235/1813/1647
f 396/1722/1648 1214/1721/1648 1900/1815/1648
f 1214/1721/1649 395/1713/1649 1255/1808/1649
f 1255/1808/1650 410/1810/1650 1243/1817/1650
f 1900/1815/1651 1243/1817/1651 411/1818/1651
f 1207/1725/1652 1901/1820/1652 1258/1819/1652
f 388/1718/1653 1256/1811/1653 1901/1820/1653
f 1901/1820/1654 1256/1811/1654 403/1814/1654
f 1258/1819/2377 1901/1820/2377 1236/1821/2377
f 397/1730/1656 1215/1729/1656 1902/1823/1656
f 1215/1729/1657 396/1722/1657 1257/1816/1657
f 1257/1816/1658 411/1818/1658 1244/1825/1658
f 1902/1823/1659 1244/1825/1659 412/1826/1659
f 1208/1733/1660 1903/1828/1660 1260/1827/1660
f 389/1726/1661 1258/1819/1661 1903/1828/1661
f 1903/1828/1662 1258/1819/1662 404/1822/1662
f 1260/1827/1663 1903/1828/1663 1237/1829/1663
f 1216/1737/2378 1904/1831/2378 1246/1780/2378
f 397/1730/2379 1259/1824/2379 1904/1831/2379
f 1904/1831/2380 1259/1824/2380 412/1826/2380
f 1246/1780/2381 1904/1831/2381 1245/1832/2381
f 1209/1741/1668 1905/1833/1668 1248/1783/1668
f 390/1734/1669 1260/1827/1669 1905/1833/1669
f 1905/1833/1670 1260/1827/1670 405/1830/1670
f 1248/1783/1671 1905/1833/1671 1238/1834/1671
f 384/1748/2382 1457/1838/2382 1906/1836/2382
f 1459/1837/2383 1906/1836/2383 1457/1838/2383
f 399/1840/2384 1250/1788/2384 1906/1836/2384
f 411/1818/1675 1243/1817/1675 1907/1841/1675
f 1243/1817/1676 410/1810/1676 1276/1843/1676
f 1276/1843/1677 425/1903/1677 1272/1844/1677
f 1907/1841/1678 1272/1844/1678 426/1845/1678
f 1236/1821/1679 1908/1847/1679 1277/1846/1679
f 403/1814/1680 1278/1904/1680 1908/1847/1680
f 1908/1847/1681 1278/1904/1681 418/1848/1681
f 1277/1846/1682 1908/1847/1682 1265/1849/1682
f 412/1826/1683 1244/1825/1683 1909/1851/1683
f 1244/1825/1684 411/1818/1684 1275/1842/1684
f 1275/1842/1685 426/1845/1685 1273/1853/1685
f 1909/1851/1686 1273/1853/1686 427/1854/1686
f 1237/1829/1687 1910/1856/1687 1280/1855/1687
f 404/1822/1688 1277/1846/1688 1910/1856/1688
f 1910/1856/1689 1277/1846/1689 419/1850/1689
f 1280/1855/1690 1910/1856/1690 1266/1857/1690
f 1245/1832/2385 1911/1860/2385 1281/1859/2385
f 412/1826/2386 1279/1852/2386 1911/1860/2386
f 1911/1860/2387 1279/1852/2387 427/1854/2387
f 1281/1859/2388 1911/1860/2388 1274/1861/2388
f 1238/1834/1695 1912/1864/1695 1282/1863/1695
f 405/1830/1696 1280/1855/1696 1912/1864/1696
f 1912/1864/1697 1280/1855/1697 420/1858/1697
f 1282/1863/1698 1912/1864/1698 1267/1865/1698
f 399/1840/2389 1459/1870/2389 1913/1867/2389
f 1461/1869/2390 1913/1867/2390 1459/1870/2390
f 414/1872/2391 1283/1868/2391 1913/1867/2391
f 1460/1873/2392 1914/1876/2392 1462/1874/2392
f 413/1779/2393 1281/1859/2393 1914/1876/2393
f 428/1862/2394 1462/1874/2394 1914/1876/2394
f 407/1785/1705 1239/1784/1705 1915/1877/1705
f 1239/1784/1706 406/1835/1706 1282/1863/1706
f 1282/1863/1707 421/1866/1707 1268/1879/1707
f 1915/1877/1708 1268/1879/1708 422/1880/1708
f 400/1790/2395 1232/1789/2395 1916/1881/2395
f 1232/1789/2396 399/1840/2396 1283/1868/2396
f 1283/1868/2397 414/1872/2397 1261/1883/2397
f 1916/1881/2398 1261/1883/2398 415/1884/2398
f 408/1794/1713 1240/1793/1713 1917/1885/1713
f 1240/1793/1714 407/1785/1714 1284/1878/1714
f 1284/1878/1715 422/1880/1715 1269/1887/1715
f 1917/1885/1716 1269/1887/1716 423/1888/1716
f 1233/1797/1717 1918/1890/1717 1287/1889/1717
f 400/1790/1718 1285/1882/1718 1918/1890/1718
f 1918/1890/1719 1285/1882/1719 415/1884/1719
f 1287/1889/1720 1918/1890/1720 1262/1891/1720
f 409/1802/1721 1241/1801/1721 1919/1893/1721
f 1241/1801/1722 408/1794/1722 1286/1886/1722
f 1286/1886/1723 423/1888/1723 1270/1895/1723
f 1919/1893/1724 1270/1895/1724 424/1896/1724
f 1234/1805/1725 1920/1898/1725 1289/1897/1725
f 401/1798/1726 1287/1889/1726 1920/1898/1726
f 1920/1898/1727 1287/1889/1727 416/1892/1727
f 1289/1897/1728 1920/1898/1728 1263/1899/1728
f 410/1810/1729 1242/1809/1729 1921/1901/1729
f 1242/1809/1730 409/1802/1730 1288/1894/1730
f 1288/1894/1731 424/1896/1731 1271/1902/1731
f 1921/1901/1732 1271/1902/1732 425/1903/1732
f 1235/1813/1733 1922/1905/1733 1278/1904/1733
f 402/1806/1734 1289/1897/1734 1922/1905/1734
f 1922/1905/1735 1289/1897/1735 417/1900/1735
f 1278/1904/1736 1922/1905/1736 1264/1906/1736
f 415/1884/2399 1261/1883/2399 1923/1907/2399
f 1261/1883/2400 414/1872/2400 1305/1909/2400
f 1305/1909/2401 429/1965/2401 1290/1910/2401
f 1923/1907/2402 1290/1910/2402 430/1911/2402
f 423/1888/1741 1269/1887/1741 1924/1912/1741
f 1269/1887/1742 422/1880/1742 1307/1914/1742
f 1307/1914/1743 437/1972/1743 1298/1915/1743
f 1924/1912/1744 1298/1915/1744 438/1916/1744
f 1262/1891/1745 1925/1918/1745 1308/1917/1745
f 415/1884/1746 1304/1908/1746 1925/1918/1746
f 1925/1918/1747 1304/1908/1747 430/1911/1747
f 1308/1917/1748 1925/1918/1748 1291/1919/1748
f 424/1896/2403 1270/1895/2403 1926/1921/2403
f 1270/1895/1750 423/1888/1750 1306/1913/1750
f 1306/1913/1751 438/1916/1751 1299/1923/1751
f 1926/1921/1752 1299/1923/1752 439/1924/1752
f 1263/1899/1753 1927/1926/1753 1310/1925/1753
f 416/1892/1754 1308/1917/1754 1927/1926/1754
f 1927/1926/1755 1308/1917/1755 431/1920/1755
f 1310/1925/1756 1927/1926/1756 1292/1927/1756
f 425/1903/1757 1271/1902/1757 1928/1929/1757
f 1271/1902/1758 424/1896/1758 1309/1922/1758
f 1309/1922/1759 439/1924/1759 1300/1931/1759
f 1928/1929/1760 1300/1931/1760 440/1932/1760
f 1264/1906/1761 1929/1934/1761 1312/1933/1761
f 417/1900/1762 1310/1925/1762 1929/1934/1762
f 1929/1934/1763 1310/1925/1763 432/1928/1763
f 1312/1933/1764 1929/1934/1764 1293/1935/1764
f 426/1845/1765 1272/1844/1765 1930/1937/1765
f 1272/1844/1766 425/1903/1766 1311/1930/1766
f 1311/1930/1767 440/1932/1767 1301/1939/1767
f 1930/1937/1768 1301/1939/1768 441/1940/1768
f 1265/1849/1769 1931/1942/1769 1314/1941/1769
f 418/1848/2404 1312/1933/2404 1931/1942/2404
f 1931/1942/1771 1312/1933/1771 433/1936/1771
f 1314/1941/1772 1931/1942/1772 1294/1943/1772
f 427/1854/1773 1273/1853/1773 1932/1945/1773
f 1273/1853/1774 426/1845/1774 1313/1938/1774
f 1313/1938/1775 441/1940/1775 1302/1947/1775
f 1932/1945/1776 1302/1947/1776 442/1948/1776
f 1266/1857/1777 1933/1950/1777 1316/1949/1777
f 419/1850/1778 1314/1941/1778 1933/1950/1778
f 1933/1950/1779 1314/1941/1779 434/1944/1779
f 1316/1949/1780 1933/1950/1780 1295/1951/1780
f 1274/1861/2405 1934/1954/2405 1317/1953/2405
f 427/1854/2406 1315/1946/2406 1934/1954/2406
f 1934/1954/2407 1315/1946/2407 442/1948/2407
f 1317/1953/2408 1934/1954/2408 1303/1955/2408
f 1267/1865/1785 1935/1958/1785 1318/1957/1785
f 420/1858/1786 1316/1949/1786 1935/1958/1786
f 1935/1958/1787 1316/1949/1787 435/1952/1787
f 1318/1957/1788 1935/1958/1788 1296/1959/1788
f 414/1872/2409 1461/1963/2409 1936/1961/2409
f 1463/1962/2410 1936/1961/2410 1461/1963/2410
f 429/1965/2411 1305/1909/2411 1936/1961/2411
f 1462/1966/2412 1937/1969/2412 1464/1967/2412
f 428/1862/2413 1317/1953/2413 1937/1969/2413
f 443/1956/2414 1464/1967/2414 1937/1969/2414
f 422/1880/1795 1268/1879/1795 1938/1970/1795
f 1268/1879/1796 421/1866/1796 1318/1957/1796
f 1318/1957/1797 436/1960/1797 1297/1971/1797
f 1938/1970/1798 1297/1971/1798 437/1972/1798
f 1294/1943/1799 1939/1974/1799 1333/1973/1799
f 433/1936/1800 1334/2033/1800 1939/1974/1800
f 1939/1974/1801 1334/2033/1801 448/1975/1801
f 1333/1973/1802 1939/1974/1802 1323/1976/1802
f 442/1948/1803 1302/1947/1803 1940/1978/1803
f 1302/1947/1804 441/1940/1804 1336/1980/1804
f 1336/1980/1805 456/2038/1805 1331/1981/1805
f 1940/1978/1806 1331/1981/1806 457/1982/1806
f 1295/1951/1807 1941/1984/1807 1337/1983/1807
f 434/1944/1808 1333/1973/1808 1941/1984/1808
f 1941/1984/1809 1333/1973/1809 449/1977/1809
f 1337/1983/1810 1941/1984/1810 1324/1985/1810
f 1303/1955/2415 1942/1988/2415 1338/1987/2415
f 442/1948/2416 1335/1979/2416 1942/1988/2416
f 1942/1988/2417 1335/1979/2417 457/1982/2417
f 1338/1987/2418 1942/1988/2418 1332/1989/2418
f 1296/1959/1815 1943/1992/1815 1339/1991/1815
f 435/1952/1816 1337/1983/1816 1943/1992/1816
f 1943/1992/1817 1337/1983/1817 450/1986/1817
f 1339/1991/1818 1943/1992/1818 1325/1993/1818
f 429/1965/2419 1463/1998/2419 1944/1995/2419
f 1465/1997/2420 1944/1995/2420 1463/1998/2420
f 444/2000/2421 1340/1996/2421 1944/1995/2421
f 1464/2001/2422 1945/2004/2422 1466/2002/2422
f 443/1956/2423 1338/1987/2423 1945/2004/2423
f 458/1990/2424 1466/2002/2424 1945/2004/2424
f 437/1972/1825 1297/1971/1825 1946/2005/1825
f 1297/1971/1826 436/1960/1826 1339/1991/1826
f 1339/1991/1827 451/1994/1827 1326/2007/1827
f 1946/2005/1828 1326/2007/1828 452/2008/1828
f 430/1911/2425 1290/1910/2425 1947/2009/2425
f 1290/1910/2426 429/1965/2426 1340/1996/2426
f 1340/1996/2427 444/2000/2427 1319/2011/2427
f 1947/2009/2428 1319/2011/2428 445/2012/2428
f 438/1916/1833 1298/1915/1833 1948/2013/1833
f 1298/1915/1834 437/1972/1834 1341/2006/1834
f 1341/2006/1835 452/2008/1835 1327/2015/1835
f 1948/2013/1836 1327/2015/1836 453/2016/1836
f 1291/1919/1837 1949/2018/1837 1344/2017/1837
f 430/1911/1838 1342/2010/1838 1949/2018/1838
f 1949/2018/1839 1342/2010/1839 445/2012/1839
f 1344/2017/1840 1949/2018/1840 1320/2019/1840
f 439/1924/1841 1299/1923/1841 1950/2021/1841
f 1299/1923/1842 438/1916/1842 1343/2014/1842
f 1343/2014/1843 453/2016/1843 1328/2023/1843
f 1950/2021/1844 1328/2023/1844 454/2024/1844
f 1292/1927/1845 1951/2026/1845 1346/2025/1845
f 431/1920/1846 1344/2017/1846 1951/2026/1846
f 1951/2026/1847 1344/2017/1847 446/2020/1847
f 1346/2025/1848 1951/2026/1848 1321/2027/1848
f 440/1932/1849 1300/1931/1849 1952/2029/1849
f 1300/1931/1850 439/1924/1850 1345/2022/1850
f 1345/2022/1851 454/2024/1851 1329/2031/1851
f 1952/2029/1852 1329/2031/1852 455/2032/1852
f 1293/1935/1853 1953/2034/1853 1334/2033/1853
f 432/1928/1854 1346/2025/1854 1953/2034/1854
f 1953/2034/1855 1346/2025/1855 447/2028/1855
f 1334/2033/1856 1953/2034/1856 1322/2035/1856
f 441/1940/1857 1301/1939/1857 1954/2036/1857
f 1301/1939/1858 440/1932/1858 1347/2030/1858
f 1347/2030/1859 455/2032/1859 1330/2037/1859
f 1954/2036/1860 1330/2037/1860 456/2038/1860
f 453/2016/1861 1327/2015/1861 1955/2039/1861
f 1327/2015/1862 452/2008/1862 1363/2041/1862
f 1363/2041/1863 467/2101/1863 1356/2042/1863
f 1955/2039/1864 1356/2042/1864 468/2043/1864
f 1320/2019/1865 1956/2045/1865 1364/2044/1865
f 445/2012/1866 1365/2103/1866 1956/2045/1866
f 1956/2045/1867 1365/2103/1867 460/2046/1867
f 1364/2044/1868 1956/2045/1868 1349/2047/1868
f 454/2024/1869 1328/2023/1869 1957/2049/1869
f 1328/2023/1870 453/2016/1870 1362/2040/1870
f 1362/2040/1871 468/2043/1871 1357/2051/1871
f 1957/2049/1872 1357/2051/1872 469/2052/1872
f 1321/2027/1873 1958/2054/1873 1367/2053/1873
f 446/2020/1874 1364/2044/1874 1958/2054/1874
f 1958/2054/1875 1364/2044/1875 461/2048/1875
f 1367/2053/1876 1958/2054/1876 1350/2055/1876
f 455/2032/1877 1329/2031/1877 1959/2057/1877
f 1329/2031/1878 454/2024/1878 1366/2050/1878
f 1366/2050/1879 469/2052/1879 1358/2059/1879
f 1959/2057/1880 1358/2059/1880 470/2060/1880
f 1322/2035/1881 1960/2062/1881 1369/2061/1881
f 447/2028/1882 1367/2053/1882 1960/2062/1882
f 1960/2062/1883 1367/2053/1883 462/2056/1883
f 1369/2061/1884 1960/2062/1884 1351/2063/1884
f 456/2038/1885 1330/2037/1885 1961/2065/1885
f 1330/2037/1886 455/2032/1886 1368/2058/1886
f 1368/2058/1887 470/2060/1887 1359/2067/1887
f 1961/2065/1888 1359/2067/1888 471/2068/1888
f 1323/1976/1889 1962/2070/1889 1371/2069/1889
f 448/1975/1890 1369/2061/1890 1962/2070/1890
f 1962/2070/1891 1369/2061/1891 463/2064/1891
f 1371/2069/1892 1962/2070/1892 1352/2071/1892
f 457/1982/1893 1331/1981/1893 1963/2073/1893
f 1331/1981/1894 456/2038/1894 1370/2066/1894
f 1370/2066/1895 471/2068/1895 1360/2075/1895
f 1963/2073/1896 1360/2075/1896 472/2076/1896
f 1324/1985/1897 1964/2078/1897 1373/2077/1897
f 449/1977/1898 1371/2069/1898 1964/2078/1898
f 1964/2078/1899 1371/2069/1899 464/2072/1899
f 1373/2077/1900 1964/2078/1900 1353/2079/1900
f 1332/1989/2429 1965/2082/2429 1374/2081/2429
f 457/1982/2430 1372/2074/2430 1965/2082/2430
f 1965/2082/2431 1372/2074/2431 472/2076/2431
f 1374/2081/2432 1965/2082/2432 1361/2083/2432
f 1325/1993/1905 1966/2086/1905 1375/2085/1905
f 450/1986/1906 1373/2077/1906 1966/2086/1906
f 1966/2086/1907 1373/2077/1907 465/2080/1907
f 1375/2085/1908 1966/2086/1908 1354/2087/1908
f 444/2000/2433 1465/2092/2433 1967/2089/2433
f 1467/2091/2434 1967/2089/2434 1465/2092/2434
f 459/2094/2435 1376/2090/2435 1967/2089/2435
f 1466/2095/2436 1968/2098/2436 1468/2096/2436
f 458/1990/2437 1374/2081/2437 1968/2098/2437
f 473/2084/2438 1468/2096/2438 1968/2098/2438
f 452/2008/1915 1326/2007/1915 1969/2099/1915
f 1326/2007/1916 451/1994/1916 1375/2085/1916
f 1375/2085/1917 466/2088/1917 1355/2100/1917
f 1969/2099/1918 1355/2100/1918 467/2101/1918
f 445/2012/2439 1319/2011/2439 1970/2102/2439
f 1319/2011/2440 444/2000/2440 1376/2090/2440
f 1376/2090/2441 459/2094/2441 1348/2104/2441
f 1970/2102/2442 1348/2104/2442 460/2046/2442
f 472/2076/1923 1360/2075/1923 1971/2105/1923
f 1360/2075/1924 471/2068/1924 1382/2107/1924
f 1382/2107/1925 480/91/1925 1379/12/1925
f 1971/2105/1926 1379/12/1926 481/9/1926
f 1353/2079/1927 1972/2109/1927 1469/2108/1927
f 464/2072/1928 1383/2140/1928 1972/2109/1928
f 1972/2109/1929 1383/2140/1929 477/3/1929
f 1469/2108/1930 1972/2109/1930 1395/16/1930
f 1361/2083/2443 1973/2111/2443 1384/2110/2443
f 472/2076/2444 1381/2106/2444 1973/2111/2444
f 1973/2111/2445 1381/2106/2445 481/9/2445
f 1384/2110/2446 1973/2111/2446 1380/22/2446
f 1354/2087/1935 1974/2113/1935 1470/2112/1935
f 465/2080/1936 1469/2108/1936 1974/2113/1936
f 1974/2113/1937 1469/2108/1937 3/18/1937
f 1470/2112/1938 1974/2113/1938 483/28/1938
f 459/2094/2447 1467/2117/2447 1975/2114/2447
f 1390/2116/2448 1975/2114/2448 1467/2117/2448
f 474/34/2449 1385/2115/2449 1975/2114/2449
f 1468/2119/2450 1976/2122/2450 1399/2120/2450
f 473/2084/2451 1384/2110/2451 1976/2122/2451
f 482/24/2452 1399/2120/2452 1976/2122/2452
f 467/2101/1945 1355/2100/1945 1977/2123/1945
f 1355/2100/1946 466/2088/1946 1470/2112/1946
f 1470/2112/1947 4/30/1947 484/48/1947
f 1977/2123/1948 484/48/1948 5/45/1948
f 460/2046/2453 1348/2104/2453 1978/2125/2453
f 1348/2104/2454 459/2094/2454 1385/2115/2454
f 1385/2115/2455 474/34/2455 1377/54/2455
f 1978/2125/2456 1377/54/2456 475/51/2456
f 468/2043/1953 1356/2042/1953 1979/2127/1953
f 1356/2042/1954 467/2101/1954 1471/2124/1954
f 1471/2124/1955 5/45/1955 1396/60/1955
f 1979/2127/1956 1396/60/1956 478/57/1956
f 1349/2047/1957 1980/2130/1957 1472/2129/1957
f 460/2046/1958 1386/2126/1958 1980/2130/1958
f 1980/2130/1959 1386/2126/1959 475/51/1959
f 1472/2129/1960 1980/2130/1960 1391/63/1960
f 469/2052/1961 1357/2051/1961 1981/2131/1961
f 1357/2051/1962 468/2043/1962 1387/2128/1962
f 1387/2128/1963 478/57/1963 1397/72/1963
f 1981/2131/1964 1397/72/1964 6/69/1964
f 1350/2055/1965 1982/2134/1965 1388/2133/1965
f 461/2048/1966 1472/2129/1966 1982/2134/1966
f 1982/2134/1967 1472/2129/1967 1/65/1967
f 1388/2133/1968 1982/2134/1968 1392/75/1968
f 470/2060/1969 1358/2059/1969 1983/2135/1969
f 1358/2059/1970 469/2052/1970 1473/2132/1970
f 1473/2132/2457 6/69/2457 1398/84/2457
f 1983/2135/1972 1398/84/1972 479/81/1972
f 1351/2063/1973 1984/2138/1973 1474/2137/1973
f 462/2056/1974 1388/2133/1974 1984/2138/1974
f 1984/2138/1975 1388/2133/1975 476/77/1975
f 1474/2137/2458 1984/2138/2458 1393/87/2458
f 471/2068/1977 1359/2067/1977 1985/2139/1977
f 1359/2067/1978 470/2060/1978 1389/2136/1978
f 1389/2136/1979 479/81/1979 1378/93/1979
f 1985/2139/1980 1378/93/1980 480/91/1980
f 1352/2071/1981 1986/2141/1981 1383/2140/1981
f 463/2064/1982 1474/2137/1982 1986/2141/1982
f 1986/2141/1983 1474/2137/1983 2/4/1983
f 1383/2140/1984 1986/2141/1984 1394/1/1984
